#
# There is insufficient memory for the Java Runtime Environment to continue.
# Native memory allocation (mmap) failed to map 4756340736 bytes. Error detail: G1 virtual space
# Possible reasons:
#   The system is out of physical RAM or swap space
#   This process is running with CompressedOops enabled, and the Java Heap may be blocking the growth of the native heap
# Possible solutions:
#   Reduce memory load on the system
#   Increase physical memory or swap space
#   Check if swap backing store is full
#   Decrease Java heap size (-Xmx/-Xms)
#   Decrease number of Java threads
#   Decrease Java thread stack sizes (-Xss)
#   Set larger code cache with -XX:ReservedCodeCacheSize=
#   JVM is running with Zero Based Compressed Oops mode in which the Java heap is
#     placed in the first 32GB address space. The Java Heap base address is the
#     maximum limit for the native heap growth. Please use -XX:HeapBaseMinAddress
#     to set the Java Heap base and to place the Java Heap above 32GB virtual address.
# This output file may be truncated or incomplete.
#
#  Out of Memory Error (os_windows.cpp:3737), pid=3304052, tid=3303836
#
# JRE version: OpenJDK Runtime Environment Microsoft-13106404 (21.0.10+7) (build 21.0.10+7-LTS)
# Java VM: OpenJDK 64-Bit Server VM Microsoft-13106404 (21.0.10+7-LTS, mixed mode, sharing, tiered, compressed oops, compressed class ptrs, g1 gc, windows-amd64)
# No core dump will be written. Minidumps are not enabled by default on client versions of Windows
#

---------------  S U M M A R Y ------------

Command Line: -Dfile.encoding=UTF-8 ..\publisher.jar -ig .

Host: AMD Ryzen 9 7940HS w/ Radeon 780M Graphics     , 16 cores, 59G,  Windows 11 , 64 bit Build 26100 (10.0.26100.6725)
Time: Thu Mar 19 20:54:44 2026 Romance Standard Time elapsed time: 235.658347 seconds (0d 0h 3m 55s)

---------------  T H R E A D  ---------------

Current thread (0x00000214e07c4f10):  VMThread "VM Thread"          [id=3303836, stack(0x000000e30ef00000,0x000000e30f000000) (1024K)]

Stack: [0x000000e30ef00000,0x000000e30f000000]
Native frames: (J=compiled Java code, j=interpreted, Vv=VM code, C=native code)
V  [jvm.dll+0x6dfe69]  (no source info available)
V  [jvm.dll+0x8bfe4b]  (no source info available)
V  [jvm.dll+0x8c23da]  (no source info available)
V  [jvm.dll+0x8c2ab3]  (no source info available)
V  [jvm.dll+0x28a9e6]  (no source info available)
V  [jvm.dll+0x6df315]  (no source info available)
V  [jvm.dll+0x6d325a]  (no source info available)
V  [jvm.dll+0x367a0e]  (no source info available)
V  [jvm.dll+0x36f8db]  (no source info available)
V  [jvm.dll+0x3c13a9]  (no source info available)
V  [jvm.dll+0x3c164b]  (no source info available)
V  [jvm.dll+0x33b2c7]  (no source info available)
V  [jvm.dll+0x33b357]  (no source info available)
V  [jvm.dll+0x38014c]  (no source info available)
V  [jvm.dll+0x37e92e]  (no source info available)
V  [jvm.dll+0x33aa21]  (no source info available)
V  [jvm.dll+0x37e358]  (no source info available)
V  [jvm.dll+0x8c881f]  (no source info available)
V  [jvm.dll+0x8c9d03]  (no source info available)
V  [jvm.dll+0x8ca274]  (no source info available)
V  [jvm.dll+0x8ca373]  (no source info available)
V  [jvm.dll+0x86ab8d]  (no source info available)
V  [jvm.dll+0x6e141d]  (no source info available)
C  [ucrtbase.dll+0x37b0]  (no source info available)
C  [KERNEL32.DLL+0x2e8d7]  (no source info available)
C  [ntdll.dll+0x8c53c]  (no source info available)

VM_Operation (0x000000e30e8fd500): G1TryInitiateConcMark, mode: safepoint, requested by thread 0x00000214b37e2270


---------------  P R O C E S S  ---------------

Threads class SMR info:
_java_thread_list=0x0000021539d68de0, length=15, elements={
0x00000214b37e2270, 0x00000214e07dec30, 0x00000214e07df2a0, 0x00000214e07e3920,
0x00000214e07e40c0, 0x00000214e07e8e80, 0x00000214e07e9d60, 0x00000214e07efcf0,
0x00000214e07fec10, 0x00000214e3807190, 0x00000214e3818600, 0x0000021532c42ef0,
0x000002153da9af90, 0x000002153c8d5b20, 0x000002152b9636b0
}

Java Threads: ( => current thread )
  0x00000214b37e2270 JavaThread "main"                              [_thread_blocked, id=3303956, stack(0x000000e30e800000,0x000000e30e900000) (1024K)]
  0x00000214e07dec30 JavaThread "Reference Handler"          daemon [_thread_blocked, id=3303892, stack(0x000000e30f000000,0x000000e30f100000) (1024K)]
  0x00000214e07df2a0 JavaThread "Finalizer"                  daemon [_thread_blocked, id=3302648, stack(0x000000e30f100000,0x000000e30f200000) (1024K)]
  0x00000214e07e3920 JavaThread "Signal Dispatcher"          daemon [_thread_blocked, id=3303856, stack(0x000000e30f200000,0x000000e30f300000) (1024K)]
  0x00000214e07e40c0 JavaThread "Attach Listener"            daemon [_thread_blocked, id=3303896, stack(0x000000e30f300000,0x000000e30f400000) (1024K)]
  0x00000214e07e8e80 JavaThread "Service Thread"             daemon [_thread_blocked, id=3303792, stack(0x000000e30f400000,0x000000e30f500000) (1024K)]
  0x00000214e07e9d60 JavaThread "Monitor Deflation Thread"   daemon [_thread_blocked, id=3304004, stack(0x000000e30f500000,0x000000e30f600000) (1024K)]
  0x00000214e07efcf0 JavaThread "C2 CompilerThread0"         daemon [_thread_blocked, id=3303060, stack(0x000000e30f600000,0x000000e30f700000) (1024K)]
  0x00000214e07fec10 JavaThread "C1 CompilerThread0"         daemon [_thread_blocked, id=3299660, stack(0x000000e30f700000,0x000000e30f800000) (1024K)]
  0x00000214e3807190 JavaThread "Notification Thread"        daemon [_thread_blocked, id=3291468, stack(0x000000e30f900000,0x000000e30fa00000) (1024K)]
  0x00000214e3818600 JavaThread "Common-Cleaner"             daemon [_thread_blocked, id=3291948, stack(0x000000e30fa00000,0x000000e30fb00000) (1024K)]
  0x0000021532c42ef0 JavaThread "OkHttp TaskRunner"          daemon [_thread_blocked, id=3303144, stack(0x000000e310e00000,0x000000e310f00000) (1024K)]
  0x000002153da9af90 JavaThread "Okio Watchdog"              daemon [_thread_blocked, id=3297304, stack(0x000000e310d00000,0x000000e310e00000) (1024K)]
  0x000002153c8d5b20 JavaThread "OkHttp ConnectionPool connection closer" daemon [_thread_blocked, id=3301156, stack(0x000000e310f00000,0x000000e311000000) (1024K)]
  0x000002152b9636b0 JavaThread "Java2D Disposer"            daemon [_thread_blocked, id=3252064, stack(0x000000e30e500000,0x000000e30e600000) (1024K)]
Total: 15

Other Threads:
=>0x00000214e07c4f10 VMThread "VM Thread"                           [id=3303836, stack(0x000000e30ef00000,0x000000e30f000000) (1024K)]
  0x00000214e3671920 WatcherThread "VM Periodic Task Thread"        [id=3300316, stack(0x000000e30ee00000,0x000000e30ef00000) (1024K)]
  0x00000214e064cc10 WorkerThread "GC Thread#0"                     [id=3303952, stack(0x000000e30e900000,0x000000e30ea00000) (1024K)]
  0x0000021529791b30 WorkerThread "GC Thread#1"                     [id=3302916, stack(0x000000e30f800000,0x000000e30f900000) (1024K)]
  0x0000021529791ee0 WorkerThread "GC Thread#2"                     [id=3299944, stack(0x000000e30fb00000,0x000000e30fc00000) (1024K)]
  0x00000215297fd990 WorkerThread "GC Thread#3"                     [id=3303464, stack(0x000000e30fc00000,0x000000e30fd00000) (1024K)]
  0x00000215298bf370 WorkerThread "GC Thread#4"                     [id=3303468, stack(0x000000e30fd00000,0x000000e30fe00000) (1024K)]
  0x00000215298bfad0 WorkerThread "GC Thread#5"                     [id=3303460, stack(0x000000e30fe00000,0x000000e30ff00000) (1024K)]
  0x00000215298c0230 WorkerThread "GC Thread#6"                     [id=3303564, stack(0x000000e30ff00000,0x000000e310000000) (1024K)]
  0x00000215298befc0 WorkerThread "GC Thread#7"                     [id=3297292, stack(0x000000e310000000,0x000000e310100000) (1024K)]
  0x00000215298c05e0 WorkerThread "GC Thread#8"                     [id=3303936, stack(0x000000e310100000,0x000000e310200000) (1024K)]
  0x00000215298c0990 WorkerThread "GC Thread#9"                     [id=3302540, stack(0x000000e310200000,0x000000e310300000) (1024K)]
  0x00000215298bf720 WorkerThread "GC Thread#10"                    [id=3303192, stack(0x000000e310300000,0x000000e310400000) (1024K)]
  0x00000215298bfe80 WorkerThread "GC Thread#11"                    [id=3302680, stack(0x000000e310400000,0x000000e310500000) (1024K)]
  0x00000215297e3610 WorkerThread "GC Thread#12"                    [id=3301972, stack(0x000000e310500000,0x000000e310600000) (1024K)]
  0x00000214b5c62040 ConcurrentGCThread "G1 Main Marker"            [id=3302624, stack(0x000000e30ea00000,0x000000e30eb00000) (1024K)]
  0x00000214b5c657a0 WorkerThread "G1 Conc#0"                       [id=3304068, stack(0x000000e30eb00000,0x000000e30ec00000) (1024K)]
  0x00000215297e6600 WorkerThread "G1 Conc#1"                       [id=3303556, stack(0x000000e310600000,0x000000e310700000) (1024K)]
  0x00000215297e69b0 WorkerThread "G1 Conc#2"                       [id=3304060, stack(0x000000e310700000,0x000000e310800000) (1024K)]
  0x00000214e06f7330 ConcurrentGCThread "G1 Refine#0"               [id=3304072, stack(0x000000e30ec00000,0x000000e30ed00000) (1024K)]
  0x00000214e06f9780 ConcurrentGCThread "G1 Service"                [id=3304076, stack(0x000000e30ed00000,0x000000e30ee00000) (1024K)]
Total: 21

Threads with active compile tasks:
Total: 0

VM state: at safepoint (normal execution)

VM Mutex/Monitor currently owned by a thread:  ([mutex/lock_event])
[0x00007ffcaf5ab8a0] Threads_lock - owner thread: 0x00000214e07c4f10
[0x00007ffcaf5ab9a0] Heap_lock - owner thread: 0x00000214b37e2270

Heap address: 0x0000000444000000, size: 15296 MB, Compressed Oops mode: Zero based, Oop shift amount: 3

CDS archive(s) mapped at: [0x00000214e4000000-0x00000214e4c80000-0x00000214e4c80000), size 13107200, SharedBaseAddress: 0x00000214e4000000, ArchiveRelocationMode: 1.
Compressed class space mapped at: 0x00000214e5000000-0x0000021525000000, reserved size: 1073741824
Narrow klass base: 0x00000214e4000000, Narrow klass shift: 0, Narrow klass range: 0x100000000

GC Precious Log:
 CardTable entry size: 512
 Card Set container configuration: InlinePtr #cards 4 size 8 Array Of Cards #cards 64 size 144 Howl #buckets 8 coarsen threshold 14745 Howl Bitmap #cards 2048 size 272 coarsen threshold 1843 Card regions per heap region 1 cards per card region 16384
 CPUs: 16 total, 16 available
 Memory: 61153M
 Large Page Support: Disabled
 NUMA Support: Disabled
 Compressed Oops: Enabled (Zero based)
 Heap Region Size: 8M
 Heap Min Capacity: 8M
 Heap Initial Capacity: 960M
 Heap Max Capacity: 15296M
 Pre-touch: Disabled
 Parallel Workers: 13
 Concurrent Workers: 3
 Concurrent Refinement Workers: 13
 Periodic GC: Disabled

Heap:
 garbage-first heap   total 3235840K, used 988569K [0x0000000444000000, 0x0000000800000000)
  region size 8192K, 8 young (65536K), 8 survivors (65536K)
 Metaspace       used 151439K, committed 152128K, reserved 1245184K
  class space    used 13520K, committed 13824K, reserved 1048576K

Heap Regions: E=young(eden), S=young(survivor), O=old, HS=humongous(starts), HC=humongous(continues), CS=collection set, F=free, TAMS=top-at-mark-start, PB=parsable bottom
|   0|0x0000000444000000, 0x0000000444800000, 0x0000000444800000|100%| O|  |TAMS 0x0000000444800000| PB 0x0000000444000000| Untracked 
|   1|0x0000000444800000, 0x0000000445000000, 0x0000000445000000|100%| O|  |TAMS 0x0000000445000000| PB 0x0000000444800000| Untracked 
|   2|0x0000000445000000, 0x0000000445800000, 0x0000000445800000|100%|HS|  |TAMS 0x0000000445800000| PB 0x0000000445000000| Complete 
|   3|0x0000000445800000, 0x0000000446000000, 0x0000000446000000|100%|HC|  |TAMS 0x0000000446000000| PB 0x0000000445800000| Complete 
|   4|0x0000000446000000, 0x0000000446800000, 0x0000000446800000|100%| O|  |TAMS 0x0000000446800000| PB 0x0000000446000000| Untracked 
|   5|0x0000000446800000, 0x0000000447000000, 0x0000000447000000|100%| O|  |TAMS 0x0000000447000000| PB 0x0000000446800000| Untracked 
|   6|0x0000000447000000, 0x0000000447800000, 0x0000000447800000|100%| O|  |TAMS 0x0000000447800000| PB 0x0000000447000000| Untracked 
|   7|0x0000000447800000, 0x0000000448000000, 0x0000000448000000|100%| O|  |TAMS 0x0000000448000000| PB 0x0000000447800000| Untracked 
|   8|0x0000000448000000, 0x0000000448800000, 0x0000000448800000|100%| O|  |TAMS 0x0000000448800000| PB 0x0000000448000000| Untracked 
|   9|0x0000000448800000, 0x0000000449000000, 0x0000000449000000|100%| O|  |TAMS 0x0000000449000000| PB 0x0000000448800000| Untracked 
|  10|0x0000000449000000, 0x0000000449800000, 0x0000000449800000|100%| O|  |TAMS 0x0000000449800000| PB 0x0000000449000000| Untracked 
|  11|0x0000000449800000, 0x000000044a000000, 0x000000044a000000|100%| O|  |TAMS 0x000000044a000000| PB 0x0000000449800000| Untracked 
|  12|0x000000044a000000, 0x000000044a7ffff8, 0x000000044a800000| 99%| O|  |TAMS 0x000000044a7ffff8| PB 0x000000044a000000| Untracked 
|  13|0x000000044a800000, 0x000000044b000000, 0x000000044b000000|100%| O|  |TAMS 0x000000044b000000| PB 0x000000044a800000| Untracked 
|  14|0x000000044b000000, 0x000000044b800000, 0x000000044b800000|100%| O|  |TAMS 0x000000044b800000| PB 0x000000044b000000| Untracked 
|  15|0x000000044b800000, 0x000000044bffffe8, 0x000000044c000000| 99%| O|  |TAMS 0x000000044bffffe8| PB 0x000000044b800000| Untracked 
|  16|0x000000044c000000, 0x000000044c800000, 0x000000044c800000|100%| O|  |TAMS 0x000000044c800000| PB 0x000000044c000000| Untracked 
|  17|0x000000044c800000, 0x000000044cffffe8, 0x000000044d000000| 99%| O|  |TAMS 0x000000044cffffe8| PB 0x000000044c800000| Untracked 
|  18|0x000000044d000000, 0x000000044d800000, 0x000000044d800000|100%| O|  |TAMS 0x000000044d800000| PB 0x000000044d000000| Untracked 
|  19|0x000000044d800000, 0x000000044e000000, 0x000000044e000000|100%| O|  |TAMS 0x000000044e000000| PB 0x000000044d800000| Untracked 
|  20|0x000000044e000000, 0x000000044e800000, 0x000000044e800000|100%| O|  |TAMS 0x000000044e800000| PB 0x000000044e000000| Untracked 
|  21|0x000000044e800000, 0x000000044f000000, 0x000000044f000000|100%| O|  |TAMS 0x000000044f000000| PB 0x000000044e800000| Untracked 
|  22|0x000000044f000000, 0x000000044f7fffe0, 0x000000044f800000| 99%| O|  |TAMS 0x000000044f7fffe0| PB 0x000000044f000000| Untracked 
|  23|0x000000044f800000, 0x000000044ffffff0, 0x0000000450000000| 99%| O|  |TAMS 0x000000044ffffff0| PB 0x000000044f800000| Untracked 
|  24|0x0000000450000000, 0x0000000450800000, 0x0000000450800000|100%| O|  |TAMS 0x0000000450800000| PB 0x0000000450000000| Untracked 
|  25|0x0000000450800000, 0x0000000451000000, 0x0000000451000000|100%| O|  |TAMS 0x0000000451000000| PB 0x0000000450800000| Untracked 
|  26|0x0000000451000000, 0x0000000451800000, 0x0000000451800000|100%| O|  |TAMS 0x0000000451800000| PB 0x0000000451000000| Untracked 
|  27|0x0000000451800000, 0x0000000452000000, 0x0000000452000000|100%| O|  |TAMS 0x0000000452000000| PB 0x0000000451800000| Untracked 
|  28|0x0000000452000000, 0x0000000452800000, 0x0000000452800000|100%| O|  |TAMS 0x0000000452800000| PB 0x0000000452000000| Untracked 
|  29|0x0000000452800000, 0x0000000453000000, 0x0000000453000000|100%| O|  |TAMS 0x0000000453000000| PB 0x0000000452800000| Untracked 
|  30|0x0000000453000000, 0x0000000453800000, 0x0000000453800000|100%| O|  |TAMS 0x0000000453800000| PB 0x0000000453000000| Untracked 
|  31|0x0000000453800000, 0x0000000454000000, 0x0000000454000000|100%| O|  |TAMS 0x0000000454000000| PB 0x0000000453800000| Untracked 
|  32|0x0000000454000000, 0x00000004547fffc8, 0x0000000454800000| 99%| O|  |TAMS 0x00000004547fffc8| PB 0x0000000454000000| Untracked 
|  33|0x0000000454800000, 0x0000000454fffff8, 0x0000000455000000| 99%| O|  |TAMS 0x0000000454fffff8| PB 0x0000000454800000| Untracked 
|  34|0x0000000455000000, 0x00000004557ffff0, 0x0000000455800000| 99%| O|  |TAMS 0x00000004557ffff0| PB 0x0000000455000000| Untracked 
|  35|0x0000000455800000, 0x0000000456000000, 0x0000000456000000|100%| O|  |TAMS 0x0000000456000000| PB 0x0000000455800000| Untracked 
|  36|0x0000000456000000, 0x0000000456800000, 0x0000000456800000|100%| O|  |TAMS 0x0000000456800000| PB 0x0000000456000000| Untracked 
|  37|0x0000000456800000, 0x0000000456fffff8, 0x0000000457000000| 99%| O|  |TAMS 0x0000000456fffff8| PB 0x0000000456800000| Untracked 
|  38|0x0000000457000000, 0x00000004577ffff0, 0x0000000457800000| 99%| O|  |TAMS 0x00000004577ffff0| PB 0x0000000457000000| Untracked 
|  39|0x0000000457800000, 0x0000000457ffffa0, 0x0000000458000000| 99%| O|  |TAMS 0x0000000457ffffa0| PB 0x0000000457800000| Untracked 
|  40|0x0000000458000000, 0x0000000458800000, 0x0000000458800000|100%| O|  |TAMS 0x0000000458800000| PB 0x0000000458000000| Untracked 
|  41|0x0000000458800000, 0x0000000458fffff8, 0x0000000459000000| 99%| O|  |TAMS 0x0000000458fffff8| PB 0x0000000458800000| Untracked 
|  42|0x0000000459000000, 0x0000000459800000, 0x0000000459800000|100%| O|  |TAMS 0x0000000459800000| PB 0x0000000459000000| Untracked 
|  43|0x0000000459800000, 0x000000045a000000, 0x000000045a000000|100%| O|  |TAMS 0x000000045a000000| PB 0x0000000459800000| Untracked 
|  44|0x000000045a000000, 0x000000045a800000, 0x000000045a800000|100%| O|  |TAMS 0x000000045a800000| PB 0x000000045a000000| Untracked 
|  45|0x000000045a800000, 0x000000045b000000, 0x000000045b000000|100%| O|  |TAMS 0x000000045b000000| PB 0x000000045a800000| Untracked 
|  46|0x000000045b000000, 0x000000045b800000, 0x000000045b800000|100%| O|  |TAMS 0x000000045b800000| PB 0x000000045b000000| Untracked 
|  47|0x000000045b800000, 0x000000045c000000, 0x000000045c000000|100%| O|  |TAMS 0x000000045c000000| PB 0x000000045b800000| Untracked 
|  48|0x000000045c000000, 0x000000045c800000, 0x000000045c800000|100%| O|  |TAMS 0x000000045c800000| PB 0x000000045c000000| Untracked 
|  49|0x000000045c800000, 0x000000045d000000, 0x000000045d000000|100%| O|  |TAMS 0x000000045d000000| PB 0x000000045c800000| Untracked 
|  50|0x000000045d000000, 0x000000045d800000, 0x000000045d800000|100%| O|  |TAMS 0x000000045d800000| PB 0x000000045d000000| Untracked 
|  51|0x000000045d800000, 0x000000045e000000, 0x000000045e000000|100%| O|  |TAMS 0x000000045e000000| PB 0x000000045d800000| Untracked 
|  52|0x000000045e000000, 0x000000045e800000, 0x000000045e800000|100%| O|  |TAMS 0x000000045e800000| PB 0x000000045e000000| Untracked 
|  53|0x000000045e800000, 0x000000045efffff8, 0x000000045f000000| 99%| O|  |TAMS 0x000000045efffff8| PB 0x000000045e800000| Untracked 
|  54|0x000000045f000000, 0x000000045f7ffff8, 0x000000045f800000| 99%| O|  |TAMS 0x000000045f7ffff8| PB 0x000000045f000000| Untracked 
|  55|0x000000045f800000, 0x000000045ffffff0, 0x0000000460000000| 99%| O|  |TAMS 0x000000045ffffff0| PB 0x000000045f800000| Untracked 
|  56|0x0000000460000000, 0x0000000460800000, 0x0000000460800000|100%| O|  |TAMS 0x0000000460800000| PB 0x0000000460000000| Untracked 
|  57|0x0000000460800000, 0x0000000460ffffd0, 0x0000000461000000| 99%| O|  |TAMS 0x0000000460ffffd0| PB 0x0000000460800000| Untracked 
|  58|0x0000000461000000, 0x0000000461800000, 0x0000000461800000|100%| O|  |TAMS 0x0000000461800000| PB 0x0000000461000000| Untracked 
|  59|0x0000000461800000, 0x0000000462000000, 0x0000000462000000|100%| O|  |TAMS 0x0000000462000000| PB 0x0000000461800000| Untracked 
|  60|0x0000000462000000, 0x0000000462800000, 0x0000000462800000|100%| O|  |TAMS 0x0000000462800000| PB 0x0000000462000000| Untracked 
|  61|0x0000000462800000, 0x0000000463000000, 0x0000000463000000|100%| O|  |TAMS 0x0000000463000000| PB 0x0000000462800000| Untracked 
|  62|0x0000000463000000, 0x00000004637fffe0, 0x0000000463800000| 99%| O|  |TAMS 0x00000004637fffe0| PB 0x0000000463000000| Untracked 
|  63|0x0000000463800000, 0x0000000464000000, 0x0000000464000000|100%| O|  |TAMS 0x0000000464000000| PB 0x0000000463800000| Untracked 
|  64|0x0000000464000000, 0x0000000464800000, 0x0000000464800000|100%| O|  |TAMS 0x0000000464800000| PB 0x0000000464000000| Untracked 
|  65|0x0000000464800000, 0x0000000465000000, 0x0000000465000000|100%| O|  |TAMS 0x0000000465000000| PB 0x0000000464800000| Untracked 
|  66|0x0000000465000000, 0x0000000465800000, 0x0000000465800000|100%| O|  |TAMS 0x0000000465800000| PB 0x0000000465000000| Untracked 
|  67|0x0000000465800000, 0x0000000466000000, 0x0000000466000000|100%| O|  |TAMS 0x0000000466000000| PB 0x0000000465800000| Untracked 
|  68|0x0000000466000000, 0x0000000466800000, 0x0000000466800000|100%| O|  |TAMS 0x0000000466800000| PB 0x0000000466000000| Untracked 
|  69|0x0000000466800000, 0x0000000467000000, 0x0000000467000000|100%| O|  |TAMS 0x0000000467000000| PB 0x0000000466800000| Untracked 
|  70|0x0000000467000000, 0x0000000467800000, 0x0000000467800000|100%| O|  |TAMS 0x0000000467800000| PB 0x0000000467000000| Untracked 
|  71|0x0000000467800000, 0x0000000467ffffe0, 0x0000000468000000| 99%| O|  |TAMS 0x0000000467ffffe0| PB 0x0000000467800000| Untracked 
|  72|0x0000000468000000, 0x0000000468800000, 0x0000000468800000|100%| O|  |TAMS 0x0000000468800000| PB 0x0000000468000000| Untracked 
|  73|0x0000000468800000, 0x0000000469000000, 0x0000000469000000|100%| O|  |TAMS 0x0000000469000000| PB 0x0000000468800000| Untracked 
|  74|0x0000000469000000, 0x0000000469800000, 0x0000000469800000|100%| O|  |TAMS 0x0000000469800000| PB 0x0000000469000000| Untracked 
|  75|0x0000000469800000, 0x000000046a000000, 0x000000046a000000|100%| O|  |TAMS 0x000000046a000000| PB 0x0000000469800000| Untracked 
|  76|0x000000046a000000, 0x000000046a800000, 0x000000046a800000|100%| O|  |TAMS 0x000000046a800000| PB 0x000000046a000000| Untracked 
|  77|0x000000046a800000, 0x000000046aeae388, 0x000000046b000000| 83%| O|  |TAMS 0x000000046aeae388| PB 0x000000046a800000| Untracked 
|  78|0x000000046b000000, 0x000000046b800000, 0x000000046b800000|100%| O|  |TAMS 0x000000046b800000| PB 0x000000046b000000| Untracked 
|  79|0x000000046b800000, 0x000000046c000000, 0x000000046c000000|100%| O|  |TAMS 0x000000046c000000| PB 0x000000046b800000| Untracked 
|  80|0x000000046c000000, 0x000000046c7ffff8, 0x000000046c800000| 99%| O|  |TAMS 0x000000046c7ffff8| PB 0x000000046c000000| Untracked 
|  81|0x000000046c800000, 0x000000046d000000, 0x000000046d000000|100%| O|  |TAMS 0x000000046d000000| PB 0x000000046c800000| Untracked 
|  82|0x000000046d000000, 0x000000046d800000, 0x000000046d800000|100%| O|  |TAMS 0x000000046d800000| PB 0x000000046d000000| Untracked 
|  83|0x000000046d800000, 0x000000046dd459d8, 0x000000046e000000| 65%| O|  |TAMS 0x000000046dd459d8| PB 0x000000046d800000| Untracked 
|  84|0x000000046e000000, 0x000000046e800000, 0x000000046e800000|100%| O|  |TAMS 0x000000046e800000| PB 0x000000046e000000| Untracked 
|  85|0x000000046e800000, 0x000000046f000000, 0x000000046f000000|100%| O|  |TAMS 0x000000046f000000| PB 0x000000046e800000| Untracked 
|  86|0x000000046f000000, 0x000000046f800000, 0x000000046f800000|100%| O|  |TAMS 0x000000046f800000| PB 0x000000046f000000| Untracked 
|  87|0x000000046f800000, 0x0000000470000000, 0x0000000470000000|100%| O|  |TAMS 0x000000046f800000| PB 0x000000046f800000| Untracked 
|  88|0x0000000470000000, 0x0000000470800000, 0x0000000470800000|100%| O|  |TAMS 0x0000000470800000| PB 0x0000000470000000| Untracked 
|  89|0x0000000470800000, 0x0000000471000000, 0x0000000471000000|100%| O|  |TAMS 0x0000000471000000| PB 0x0000000470800000| Untracked 
|  90|0x0000000471000000, 0x0000000471800000, 0x0000000471800000|100%| O|  |TAMS 0x0000000471000000| PB 0x0000000471000000| Untracked 
|  91|0x0000000471800000, 0x0000000471fffff8, 0x0000000472000000| 99%| O|  |TAMS 0x0000000471fffff8| PB 0x0000000471800000| Untracked 
|  92|0x0000000472000000, 0x0000000472800000, 0x0000000472800000|100%| O|  |TAMS 0x0000000472800000| PB 0x0000000472000000| Untracked 
|  93|0x0000000472800000, 0x0000000472e51938, 0x0000000473000000| 78%| O|  |TAMS 0x0000000472e51938| PB 0x0000000472800000| Untracked 
|  94|0x0000000473000000, 0x0000000473800000, 0x0000000473800000|100%| O|  |TAMS 0x0000000473800000| PB 0x0000000473000000| Untracked 
|  95|0x0000000473800000, 0x0000000474000000, 0x0000000474000000|100%| O|  |TAMS 0x0000000474000000| PB 0x0000000473800000| Untracked 
|  96|0x0000000474000000, 0x0000000474800000, 0x0000000474800000|100%| O|  |TAMS 0x0000000474000000| PB 0x0000000474000000| Untracked 
|  97|0x0000000474800000, 0x0000000474e44d28, 0x0000000475000000| 78%| O|  |TAMS 0x0000000474e44d28| PB 0x0000000474800000| Untracked 
|  98|0x0000000475000000, 0x00000004755d05c8, 0x0000000475800000| 72%| O|  |TAMS 0x00000004755d05c8| PB 0x0000000475000000| Untracked 
|  99|0x0000000475800000, 0x0000000475bfae00, 0x0000000476000000| 49%| O|  |TAMS 0x0000000475800000| PB 0x0000000475800000| Untracked 
| 100|0x0000000476000000, 0x0000000476000000, 0x0000000476800000|  0%| F|  |TAMS 0x0000000476000000| PB 0x0000000476000000| Untracked 
| 101|0x0000000476800000, 0x0000000476800000, 0x0000000477000000|  0%| F|  |TAMS 0x0000000476800000| PB 0x0000000476800000| Untracked 
| 102|0x0000000477000000, 0x0000000477800000, 0x0000000477800000|100%| O|  |TAMS 0x0000000477800000| PB 0x0000000477000000| Untracked 
| 103|0x0000000477800000, 0x0000000477800000, 0x0000000478000000|  0%| F|  |TAMS 0x0000000477800000| PB 0x0000000477800000| Untracked 
| 104|0x0000000478000000, 0x0000000478000000, 0x0000000478800000|  0%| F|  |TAMS 0x0000000478000000| PB 0x0000000478000000| Untracked 
| 105|0x0000000478800000, 0x0000000478800000, 0x0000000479000000|  0%| F|  |TAMS 0x0000000478800000| PB 0x0000000478800000| Untracked 
| 106|0x0000000479000000, 0x0000000479000000, 0x0000000479800000|  0%| F|  |TAMS 0x0000000479000000| PB 0x0000000479000000| Untracked 
| 107|0x0000000479800000, 0x0000000479800000, 0x000000047a000000|  0%| F|  |TAMS 0x0000000479800000| PB 0x0000000479800000| Untracked 
| 108|0x000000047a000000, 0x000000047a000000, 0x000000047a800000|  0%| F|  |TAMS 0x000000047a000000| PB 0x000000047a000000| Untracked 
| 109|0x000000047a800000, 0x000000047b000000, 0x000000047b000000|100%| O|  |TAMS 0x000000047b000000| PB 0x000000047a800000| Untracked 
| 110|0x000000047b000000, 0x000000047b800000, 0x000000047b800000|100%| O|  |TAMS 0x000000047b800000| PB 0x000000047b000000| Untracked 
| 111|0x000000047b800000, 0x000000047b800000, 0x000000047c000000|  0%| F|  |TAMS 0x000000047b800000| PB 0x000000047b800000| Untracked 
| 112|0x000000047c000000, 0x000000047c800000, 0x000000047c800000|100%| O|  |TAMS 0x000000047c800000| PB 0x000000047c000000| Untracked 
| 113|0x000000047c800000, 0x000000047d000000, 0x000000047d000000|100%| O|  |TAMS 0x000000047d000000| PB 0x000000047c800000| Untracked 
| 114|0x000000047d000000, 0x000000047d800000, 0x000000047d800000|100%| O|  |TAMS 0x000000047d800000| PB 0x000000047d000000| Untracked 
| 115|0x000000047d800000, 0x000000047e000000, 0x000000047e000000|100%| O|  |TAMS 0x000000047e000000| PB 0x000000047d800000| Untracked 
| 116|0x000000047e000000, 0x000000047e800000, 0x000000047e800000|100%| O|  |TAMS 0x000000047e800000| PB 0x000000047e000000| Untracked 
| 117|0x000000047e800000, 0x000000047e800000, 0x000000047f000000|  0%| F|  |TAMS 0x000000047e800000| PB 0x000000047e800000| Untracked 
| 118|0x000000047f000000, 0x000000047f607ac8, 0x000000047f800000| 75%| O|  |TAMS 0x000000047f607ac8| PB 0x000000047f000000| Untracked 
| 119|0x000000047f800000, 0x0000000480000000, 0x0000000480000000|100%| O|  |TAMS 0x0000000480000000| PB 0x000000047f800000| Untracked 
| 120|0x0000000480000000, 0x0000000480800000, 0x0000000480800000|100%| O|  |TAMS 0x0000000480800000| PB 0x0000000480000000| Untracked 
| 121|0x0000000480800000, 0x0000000481000000, 0x0000000481000000|100%| O|  |TAMS 0x0000000480bf2ac0| PB 0x0000000480800000| Untracked 
| 122|0x0000000481000000, 0x0000000481000000, 0x0000000481800000|  0%| F|  |TAMS 0x0000000481000000| PB 0x0000000481000000| Untracked 
| 123|0x0000000481800000, 0x0000000481800000, 0x0000000482000000|  0%| F|  |TAMS 0x0000000481800000| PB 0x0000000481800000| Untracked 
| 124|0x0000000482000000, 0x0000000482000000, 0x0000000482800000|  0%| F|  |TAMS 0x0000000482000000| PB 0x0000000482000000| Untracked 
| 125|0x0000000482800000, 0x0000000482800000, 0x0000000483000000|  0%| F|  |TAMS 0x0000000482800000| PB 0x0000000482800000| Untracked 
| 126|0x0000000483000000, 0x0000000483000000, 0x0000000483800000|  0%| F|  |TAMS 0x0000000483000000| PB 0x0000000483000000| Untracked 
| 127|0x0000000483800000, 0x0000000483800000, 0x0000000484000000|  0%| F|  |TAMS 0x0000000483800000| PB 0x0000000483800000| Untracked 
| 128|0x0000000484000000, 0x0000000484000000, 0x0000000484800000|  0%| F|  |TAMS 0x0000000484000000| PB 0x0000000484000000| Untracked 
| 129|0x0000000484800000, 0x0000000484800000, 0x0000000485000000|  0%| F|  |TAMS 0x0000000484800000| PB 0x0000000484800000| Untracked 
| 130|0x0000000485000000, 0x0000000485000000, 0x0000000485800000|  0%| F|  |TAMS 0x0000000485000000| PB 0x0000000485000000| Untracked 
| 131|0x0000000485800000, 0x0000000485800000, 0x0000000486000000|  0%| F|  |TAMS 0x0000000485800000| PB 0x0000000485800000| Untracked 
| 132|0x0000000486000000, 0x0000000486000000, 0x0000000486800000|  0%| F|  |TAMS 0x0000000486000000| PB 0x0000000486000000| Untracked 
| 133|0x0000000486800000, 0x0000000486800000, 0x0000000487000000|  0%| F|  |TAMS 0x0000000486800000| PB 0x0000000486800000| Untracked 
| 134|0x0000000487000000, 0x0000000487000000, 0x0000000487800000|  0%| F|  |TAMS 0x0000000487000000| PB 0x0000000487000000| Untracked 
| 135|0x0000000487800000, 0x0000000487800000, 0x0000000488000000|  0%| F|  |TAMS 0x0000000487800000| PB 0x0000000487800000| Untracked 
| 136|0x0000000488000000, 0x0000000488000000, 0x0000000488800000|  0%| F|  |TAMS 0x0000000488000000| PB 0x0000000488000000| Untracked 
| 137|0x0000000488800000, 0x0000000488800000, 0x0000000489000000|  0%| F|  |TAMS 0x0000000488800000| PB 0x0000000488800000| Untracked 
| 138|0x0000000489000000, 0x0000000489000000, 0x0000000489800000|  0%| F|  |TAMS 0x0000000489000000| PB 0x0000000489000000| Untracked 
| 139|0x0000000489800000, 0x0000000489800000, 0x000000048a000000|  0%| F|  |TAMS 0x0000000489800000| PB 0x0000000489800000| Untracked 
| 140|0x000000048a000000, 0x000000048a000000, 0x000000048a800000|  0%| F|  |TAMS 0x000000048a000000| PB 0x000000048a000000| Untracked 
| 141|0x000000048a800000, 0x000000048a800000, 0x000000048b000000|  0%| F|  |TAMS 0x000000048a800000| PB 0x000000048a800000| Untracked 
| 142|0x000000048b000000, 0x000000048b000000, 0x000000048b800000|  0%| F|  |TAMS 0x000000048b000000| PB 0x000000048b000000| Untracked 
| 143|0x000000048b800000, 0x000000048b800000, 0x000000048c000000|  0%| F|  |TAMS 0x000000048b800000| PB 0x000000048b800000| Untracked 
| 144|0x000000048c000000, 0x000000048c000000, 0x000000048c800000|  0%| F|  |TAMS 0x000000048c000000| PB 0x000000048c000000| Untracked 
| 145|0x000000048c800000, 0x000000048c800000, 0x000000048d000000|  0%| F|  |TAMS 0x000000048c800000| PB 0x000000048c800000| Untracked 
| 146|0x000000048d000000, 0x000000048d000000, 0x000000048d800000|  0%| F|  |TAMS 0x000000048d000000| PB 0x000000048d000000| Untracked 
| 147|0x000000048d800000, 0x000000048d800000, 0x000000048e000000|  0%| F|  |TAMS 0x000000048d800000| PB 0x000000048d800000| Untracked 
| 148|0x000000048e000000, 0x000000048e000000, 0x000000048e800000|  0%| F|  |TAMS 0x000000048e000000| PB 0x000000048e000000| Untracked 
| 149|0x000000048e800000, 0x000000048e800000, 0x000000048f000000|  0%| F|  |TAMS 0x000000048e800000| PB 0x000000048e800000| Untracked 
| 150|0x000000048f000000, 0x000000048f000000, 0x000000048f800000|  0%| F|  |TAMS 0x000000048f000000| PB 0x000000048f000000| Untracked 
| 151|0x000000048f800000, 0x000000048f800000, 0x0000000490000000|  0%| F|  |TAMS 0x000000048f800000| PB 0x000000048f800000| Untracked 
| 152|0x0000000490000000, 0x0000000490000000, 0x0000000490800000|  0%| F|  |TAMS 0x0000000490000000| PB 0x0000000490000000| Untracked 
| 153|0x0000000490800000, 0x0000000490800000, 0x0000000491000000|  0%| F|  |TAMS 0x0000000490800000| PB 0x0000000490800000| Untracked 
| 154|0x0000000491000000, 0x0000000491000000, 0x0000000491800000|  0%| F|  |TAMS 0x0000000491000000| PB 0x0000000491000000| Untracked 
| 155|0x0000000491800000, 0x0000000491800000, 0x0000000492000000|  0%| F|  |TAMS 0x0000000491800000| PB 0x0000000491800000| Untracked 
| 156|0x0000000492000000, 0x0000000492000000, 0x0000000492800000|  0%| F|  |TAMS 0x0000000492000000| PB 0x0000000492000000| Untracked 
| 157|0x0000000492800000, 0x0000000492800000, 0x0000000493000000|  0%| F|  |TAMS 0x0000000492800000| PB 0x0000000492800000| Untracked 
| 158|0x0000000493000000, 0x0000000493000000, 0x0000000493800000|  0%| F|  |TAMS 0x0000000493000000| PB 0x0000000493000000| Untracked 
| 159|0x0000000493800000, 0x0000000493800000, 0x0000000494000000|  0%| F|  |TAMS 0x0000000493800000| PB 0x0000000493800000| Untracked 
| 160|0x0000000494000000, 0x0000000494000000, 0x0000000494800000|  0%| F|  |TAMS 0x0000000494000000| PB 0x0000000494000000| Untracked 
| 161|0x0000000494800000, 0x0000000494800000, 0x0000000495000000|  0%| F|  |TAMS 0x0000000494800000| PB 0x0000000494800000| Untracked 
| 162|0x0000000495000000, 0x0000000495000000, 0x0000000495800000|  0%| F|  |TAMS 0x0000000495000000| PB 0x0000000495000000| Untracked 
| 163|0x0000000495800000, 0x0000000495800000, 0x0000000496000000|  0%| F|  |TAMS 0x0000000495800000| PB 0x0000000495800000| Untracked 
| 164|0x0000000496000000, 0x0000000496000000, 0x0000000496800000|  0%| F|  |TAMS 0x0000000496000000| PB 0x0000000496000000| Untracked 
| 165|0x0000000496800000, 0x0000000496800000, 0x0000000497000000|  0%| F|  |TAMS 0x0000000496800000| PB 0x0000000496800000| Untracked 
| 166|0x0000000497000000, 0x0000000497000000, 0x0000000497800000|  0%| F|  |TAMS 0x0000000497000000| PB 0x0000000497000000| Untracked 
| 167|0x0000000497800000, 0x0000000497800000, 0x0000000498000000|  0%| F|  |TAMS 0x0000000497800000| PB 0x0000000497800000| Untracked 
| 168|0x0000000498000000, 0x0000000498000000, 0x0000000498800000|  0%| F|  |TAMS 0x0000000498000000| PB 0x0000000498000000| Untracked 
| 169|0x0000000498800000, 0x0000000498800000, 0x0000000499000000|  0%| F|  |TAMS 0x0000000498800000| PB 0x0000000498800000| Untracked 
| 170|0x0000000499000000, 0x0000000499000000, 0x0000000499800000|  0%| F|  |TAMS 0x0000000499000000| PB 0x0000000499000000| Untracked 
| 171|0x0000000499800000, 0x0000000499800000, 0x000000049a000000|  0%| F|  |TAMS 0x0000000499800000| PB 0x0000000499800000| Untracked 
| 172|0x000000049a000000, 0x000000049a000000, 0x000000049a800000|  0%| F|  |TAMS 0x000000049a000000| PB 0x000000049a000000| Untracked 
| 173|0x000000049a800000, 0x000000049a800000, 0x000000049b000000|  0%| F|  |TAMS 0x000000049a800000| PB 0x000000049a800000| Untracked 
| 174|0x000000049b000000, 0x000000049b000000, 0x000000049b800000|  0%| F|  |TAMS 0x000000049b000000| PB 0x000000049b000000| Untracked 
| 175|0x000000049b800000, 0x000000049b800000, 0x000000049c000000|  0%| F|  |TAMS 0x000000049b800000| PB 0x000000049b800000| Untracked 
| 176|0x000000049c000000, 0x000000049c000000, 0x000000049c800000|  0%| F|  |TAMS 0x000000049c000000| PB 0x000000049c000000| Untracked 
| 177|0x000000049c800000, 0x000000049c800000, 0x000000049d000000|  0%| F|  |TAMS 0x000000049c800000| PB 0x000000049c800000| Untracked 
| 178|0x000000049d000000, 0x000000049d000000, 0x000000049d800000|  0%| F|  |TAMS 0x000000049d000000| PB 0x000000049d000000| Untracked 
| 179|0x000000049d800000, 0x000000049d800000, 0x000000049e000000|  0%| F|  |TAMS 0x000000049d800000| PB 0x000000049d800000| Untracked 
| 180|0x000000049e000000, 0x000000049e000000, 0x000000049e800000|  0%| F|  |TAMS 0x000000049e000000| PB 0x000000049e000000| Untracked 
| 181|0x000000049e800000, 0x000000049e800000, 0x000000049f000000|  0%| F|  |TAMS 0x000000049e800000| PB 0x000000049e800000| Untracked 
| 182|0x000000049f000000, 0x000000049f000000, 0x000000049f800000|  0%| F|  |TAMS 0x000000049f000000| PB 0x000000049f000000| Untracked 
| 183|0x000000049f800000, 0x000000049f800000, 0x00000004a0000000|  0%| F|  |TAMS 0x000000049f800000| PB 0x000000049f800000| Untracked 
| 184|0x00000004a0000000, 0x00000004a0000000, 0x00000004a0800000|  0%| F|  |TAMS 0x00000004a0000000| PB 0x00000004a0000000| Untracked 
| 185|0x00000004a0800000, 0x00000004a0800000, 0x00000004a1000000|  0%| F|  |TAMS 0x00000004a0800000| PB 0x00000004a0800000| Untracked 
| 186|0x00000004a1000000, 0x00000004a1000000, 0x00000004a1800000|  0%| F|  |TAMS 0x00000004a1000000| PB 0x00000004a1000000| Untracked 
| 187|0x00000004a1800000, 0x00000004a1800000, 0x00000004a2000000|  0%| F|  |TAMS 0x00000004a1800000| PB 0x00000004a1800000| Untracked 
| 188|0x00000004a2000000, 0x00000004a2000000, 0x00000004a2800000|  0%| F|  |TAMS 0x00000004a2000000| PB 0x00000004a2000000| Untracked 
| 189|0x00000004a2800000, 0x00000004a2800000, 0x00000004a3000000|  0%| F|  |TAMS 0x00000004a2800000| PB 0x00000004a2800000| Untracked 
| 190|0x00000004a3000000, 0x00000004a3000000, 0x00000004a3800000|  0%| F|  |TAMS 0x00000004a3000000| PB 0x00000004a3000000| Untracked 
| 191|0x00000004a3800000, 0x00000004a3800000, 0x00000004a4000000|  0%| F|  |TAMS 0x00000004a3800000| PB 0x00000004a3800000| Untracked 
| 192|0x00000004a4000000, 0x00000004a4000000, 0x00000004a4800000|  0%| F|  |TAMS 0x00000004a4000000| PB 0x00000004a4000000| Untracked 
| 193|0x00000004a4800000, 0x00000004a4800000, 0x00000004a5000000|  0%| F|  |TAMS 0x00000004a4800000| PB 0x00000004a4800000| Untracked 
| 194|0x00000004a5000000, 0x00000004a5000000, 0x00000004a5800000|  0%| F|  |TAMS 0x00000004a5000000| PB 0x00000004a5000000| Untracked 
| 195|0x00000004a5800000, 0x00000004a5800000, 0x00000004a6000000|  0%| F|  |TAMS 0x00000004a5800000| PB 0x00000004a5800000| Untracked 
| 196|0x00000004a6000000, 0x00000004a6000000, 0x00000004a6800000|  0%| F|  |TAMS 0x00000004a6000000| PB 0x00000004a6000000| Untracked 
| 197|0x00000004a6800000, 0x00000004a6800000, 0x00000004a7000000|  0%| F|  |TAMS 0x00000004a6800000| PB 0x00000004a6800000| Untracked 
| 198|0x00000004a7000000, 0x00000004a7000000, 0x00000004a7800000|  0%| F|  |TAMS 0x00000004a7000000| PB 0x00000004a7000000| Untracked 
| 199|0x00000004a7800000, 0x00000004a7800000, 0x00000004a8000000|  0%| F|  |TAMS 0x00000004a7800000| PB 0x00000004a7800000| Untracked 
| 200|0x00000004a8000000, 0x00000004a8000000, 0x00000004a8800000|  0%| F|  |TAMS 0x00000004a8000000| PB 0x00000004a8000000| Untracked 
| 201|0x00000004a8800000, 0x00000004a8800000, 0x00000004a9000000|  0%| F|  |TAMS 0x00000004a8800000| PB 0x00000004a8800000| Untracked 
| 202|0x00000004a9000000, 0x00000004a9000000, 0x00000004a9800000|  0%| F|  |TAMS 0x00000004a9000000| PB 0x00000004a9000000| Untracked 
| 203|0x00000004a9800000, 0x00000004a9800000, 0x00000004aa000000|  0%| F|  |TAMS 0x00000004a9800000| PB 0x00000004a9800000| Untracked 
| 204|0x00000004aa000000, 0x00000004aa000000, 0x00000004aa800000|  0%| F|  |TAMS 0x00000004aa000000| PB 0x00000004aa000000| Untracked 
| 205|0x00000004aa800000, 0x00000004aa800000, 0x00000004ab000000|  0%| F|  |TAMS 0x00000004aa800000| PB 0x00000004aa800000| Untracked 
| 206|0x00000004ab000000, 0x00000004ab000000, 0x00000004ab800000|  0%| F|  |TAMS 0x00000004ab000000| PB 0x00000004ab000000| Untracked 
| 207|0x00000004ab800000, 0x00000004ab800000, 0x00000004ac000000|  0%| F|  |TAMS 0x00000004ab800000| PB 0x00000004ab800000| Untracked 
| 208|0x00000004ac000000, 0x00000004ac000000, 0x00000004ac800000|  0%| F|  |TAMS 0x00000004ac000000| PB 0x00000004ac000000| Untracked 
| 209|0x00000004ac800000, 0x00000004ac800000, 0x00000004ad000000|  0%| F|  |TAMS 0x00000004ac800000| PB 0x00000004ac800000| Untracked 
| 210|0x00000004ad000000, 0x00000004ad000000, 0x00000004ad800000|  0%| F|  |TAMS 0x00000004ad000000| PB 0x00000004ad000000| Untracked 
| 211|0x00000004ad800000, 0x00000004ad800000, 0x00000004ae000000|  0%| F|  |TAMS 0x00000004ad800000| PB 0x00000004ad800000| Untracked 
| 212|0x00000004ae000000, 0x00000004ae000000, 0x00000004ae800000|  0%| F|  |TAMS 0x00000004ae000000| PB 0x00000004ae000000| Untracked 
| 213|0x00000004ae800000, 0x00000004ae800000, 0x00000004af000000|  0%| F|  |TAMS 0x00000004ae800000| PB 0x00000004ae800000| Untracked 
| 214|0x00000004af000000, 0x00000004af000000, 0x00000004af800000|  0%| F|  |TAMS 0x00000004af000000| PB 0x00000004af000000| Untracked 
| 215|0x00000004af800000, 0x00000004af800000, 0x00000004b0000000|  0%| F|  |TAMS 0x00000004af800000| PB 0x00000004af800000| Untracked 
| 216|0x00000004b0000000, 0x00000004b0000000, 0x00000004b0800000|  0%| F|  |TAMS 0x00000004b0000000| PB 0x00000004b0000000| Untracked 
| 217|0x00000004b0800000, 0x00000004b0800000, 0x00000004b1000000|  0%| F|  |TAMS 0x00000004b0800000| PB 0x00000004b0800000| Untracked 
| 218|0x00000004b1000000, 0x00000004b1000000, 0x00000004b1800000|  0%| F|  |TAMS 0x00000004b1000000| PB 0x00000004b1000000| Untracked 
| 219|0x00000004b1800000, 0x00000004b1800000, 0x00000004b2000000|  0%| F|  |TAMS 0x00000004b1800000| PB 0x00000004b1800000| Untracked 
| 220|0x00000004b2000000, 0x00000004b2000000, 0x00000004b2800000|  0%| F|  |TAMS 0x00000004b2000000| PB 0x00000004b2000000| Untracked 
| 221|0x00000004b2800000, 0x00000004b2800000, 0x00000004b3000000|  0%| F|  |TAMS 0x00000004b2800000| PB 0x00000004b2800000| Untracked 
| 222|0x00000004b3000000, 0x00000004b3000000, 0x00000004b3800000|  0%| F|  |TAMS 0x00000004b3000000| PB 0x00000004b3000000| Untracked 
| 223|0x00000004b3800000, 0x00000004b3800000, 0x00000004b4000000|  0%| F|  |TAMS 0x00000004b3800000| PB 0x00000004b3800000| Untracked 
| 224|0x00000004b4000000, 0x00000004b4000000, 0x00000004b4800000|  0%| F|  |TAMS 0x00000004b4000000| PB 0x00000004b4000000| Untracked 
| 225|0x00000004b4800000, 0x00000004b4800000, 0x00000004b5000000|  0%| F|  |TAMS 0x00000004b4800000| PB 0x00000004b4800000| Untracked 
| 226|0x00000004b5000000, 0x00000004b5000000, 0x00000004b5800000|  0%| F|  |TAMS 0x00000004b5000000| PB 0x00000004b5000000| Untracked 
| 227|0x00000004b5800000, 0x00000004b5800000, 0x00000004b6000000|  0%| F|  |TAMS 0x00000004b5800000| PB 0x00000004b5800000| Untracked 
| 228|0x00000004b6000000, 0x00000004b6000000, 0x00000004b6800000|  0%| F|  |TAMS 0x00000004b6000000| PB 0x00000004b6000000| Untracked 
| 229|0x00000004b6800000, 0x00000004b6800000, 0x00000004b7000000|  0%| F|  |TAMS 0x00000004b6800000| PB 0x00000004b6800000| Untracked 
| 230|0x00000004b7000000, 0x00000004b7000000, 0x00000004b7800000|  0%| F|  |TAMS 0x00000004b7000000| PB 0x00000004b7000000| Untracked 
| 231|0x00000004b7800000, 0x00000004b7800000, 0x00000004b8000000|  0%| F|  |TAMS 0x00000004b7800000| PB 0x00000004b7800000| Untracked 
| 232|0x00000004b8000000, 0x00000004b8000000, 0x00000004b8800000|  0%| F|  |TAMS 0x00000004b8000000| PB 0x00000004b8000000| Untracked 
| 233|0x00000004b8800000, 0x00000004b8800000, 0x00000004b9000000|  0%| F|  |TAMS 0x00000004b8800000| PB 0x00000004b8800000| Untracked 
| 234|0x00000004b9000000, 0x00000004b9000000, 0x00000004b9800000|  0%| F|  |TAMS 0x00000004b9000000| PB 0x00000004b9000000| Untracked 
| 235|0x00000004b9800000, 0x00000004b9800000, 0x00000004ba000000|  0%| F|  |TAMS 0x00000004b9800000| PB 0x00000004b9800000| Untracked 
| 236|0x00000004ba000000, 0x00000004ba000000, 0x00000004ba800000|  0%| F|  |TAMS 0x00000004ba000000| PB 0x00000004ba000000| Untracked 
| 237|0x00000004ba800000, 0x00000004ba800000, 0x00000004bb000000|  0%| F|  |TAMS 0x00000004ba800000| PB 0x00000004ba800000| Untracked 
| 238|0x00000004bb000000, 0x00000004bb000000, 0x00000004bb800000|  0%| F|  |TAMS 0x00000004bb000000| PB 0x00000004bb000000| Untracked 
| 239|0x00000004bb800000, 0x00000004bb800000, 0x00000004bc000000|  0%| F|  |TAMS 0x00000004bb800000| PB 0x00000004bb800000| Untracked 
| 240|0x00000004bc000000, 0x00000004bc000000, 0x00000004bc800000|  0%| F|  |TAMS 0x00000004bc000000| PB 0x00000004bc000000| Untracked 
| 241|0x00000004bc800000, 0x00000004bc800000, 0x00000004bd000000|  0%| F|  |TAMS 0x00000004bc800000| PB 0x00000004bc800000| Untracked 
| 242|0x00000004bd000000, 0x00000004bd000000, 0x00000004bd800000|  0%| F|  |TAMS 0x00000004bd000000| PB 0x00000004bd000000| Untracked 
| 243|0x00000004bd800000, 0x00000004bd800000, 0x00000004be000000|  0%| F|  |TAMS 0x00000004bd800000| PB 0x00000004bd800000| Untracked 
| 244|0x00000004be000000, 0x00000004be000000, 0x00000004be800000|  0%| F|  |TAMS 0x00000004be000000| PB 0x00000004be000000| Untracked 
| 245|0x00000004be800000, 0x00000004be800000, 0x00000004bf000000|  0%| F|  |TAMS 0x00000004be800000| PB 0x00000004be800000| Untracked 
| 246|0x00000004bf000000, 0x00000004bf000000, 0x00000004bf800000|  0%| F|  |TAMS 0x00000004bf000000| PB 0x00000004bf000000| Untracked 
| 247|0x00000004bf800000, 0x00000004bf800000, 0x00000004c0000000|  0%| F|  |TAMS 0x00000004bf800000| PB 0x00000004bf800000| Untracked 
| 248|0x00000004c0000000, 0x00000004c0000000, 0x00000004c0800000|  0%| F|  |TAMS 0x00000004c0000000| PB 0x00000004c0000000| Untracked 
| 249|0x00000004c0800000, 0x00000004c0800000, 0x00000004c1000000|  0%| F|  |TAMS 0x00000004c0800000| PB 0x00000004c0800000| Untracked 
| 250|0x00000004c1000000, 0x00000004c1000000, 0x00000004c1800000|  0%| F|  |TAMS 0x00000004c1000000| PB 0x00000004c1000000| Untracked 
| 251|0x00000004c1800000, 0x00000004c1800000, 0x00000004c2000000|  0%| F|  |TAMS 0x00000004c1800000| PB 0x00000004c1800000| Untracked 
| 252|0x00000004c2000000, 0x00000004c2000000, 0x00000004c2800000|  0%| F|  |TAMS 0x00000004c2000000| PB 0x00000004c2000000| Untracked 
| 253|0x00000004c2800000, 0x00000004c2800000, 0x00000004c3000000|  0%| F|  |TAMS 0x00000004c2800000| PB 0x00000004c2800000| Untracked 
| 254|0x00000004c3000000, 0x00000004c3000000, 0x00000004c3800000|  0%| F|  |TAMS 0x00000004c3000000| PB 0x00000004c3000000| Untracked 
| 255|0x00000004c3800000, 0x00000004c3800000, 0x00000004c4000000|  0%| F|  |TAMS 0x00000004c3800000| PB 0x00000004c3800000| Untracked 
| 256|0x00000004c4000000, 0x00000004c4000000, 0x00000004c4800000|  0%| F|  |TAMS 0x00000004c4000000| PB 0x00000004c4000000| Untracked 
| 257|0x00000004c4800000, 0x00000004c4800000, 0x00000004c5000000|  0%| F|  |TAMS 0x00000004c4800000| PB 0x00000004c4800000| Untracked 
| 258|0x00000004c5000000, 0x00000004c5000000, 0x00000004c5800000|  0%| F|  |TAMS 0x00000004c5000000| PB 0x00000004c5000000| Untracked 
| 259|0x00000004c5800000, 0x00000004c5800000, 0x00000004c6000000|  0%| F|  |TAMS 0x00000004c5800000| PB 0x00000004c5800000| Untracked 
| 260|0x00000004c6000000, 0x00000004c6000000, 0x00000004c6800000|  0%| F|  |TAMS 0x00000004c6000000| PB 0x00000004c6000000| Untracked 
| 261|0x00000004c6800000, 0x00000004c6800000, 0x00000004c7000000|  0%| F|  |TAMS 0x00000004c6800000| PB 0x00000004c6800000| Untracked 
| 262|0x00000004c7000000, 0x00000004c7000000, 0x00000004c7800000|  0%| F|  |TAMS 0x00000004c7000000| PB 0x00000004c7000000| Untracked 
| 263|0x00000004c7800000, 0x00000004c7800000, 0x00000004c8000000|  0%| F|  |TAMS 0x00000004c7800000| PB 0x00000004c7800000| Untracked 
| 264|0x00000004c8000000, 0x00000004c8000000, 0x00000004c8800000|  0%| F|  |TAMS 0x00000004c8000000| PB 0x00000004c8000000| Untracked 
| 265|0x00000004c8800000, 0x00000004c8800000, 0x00000004c9000000|  0%| F|  |TAMS 0x00000004c8800000| PB 0x00000004c8800000| Untracked 
| 266|0x00000004c9000000, 0x00000004c9000000, 0x00000004c9800000|  0%| F|  |TAMS 0x00000004c9000000| PB 0x00000004c9000000| Untracked 
| 267|0x00000004c9800000, 0x00000004c9800000, 0x00000004ca000000|  0%| F|  |TAMS 0x00000004c9800000| PB 0x00000004c9800000| Untracked 
| 268|0x00000004ca000000, 0x00000004ca000000, 0x00000004ca800000|  0%| F|  |TAMS 0x00000004ca000000| PB 0x00000004ca000000| Untracked 
| 269|0x00000004ca800000, 0x00000004ca800000, 0x00000004cb000000|  0%| F|  |TAMS 0x00000004ca800000| PB 0x00000004ca800000| Untracked 
| 270|0x00000004cb000000, 0x00000004cb000000, 0x00000004cb800000|  0%| F|  |TAMS 0x00000004cb000000| PB 0x00000004cb000000| Untracked 
| 271|0x00000004cb800000, 0x00000004cb800000, 0x00000004cc000000|  0%| F|  |TAMS 0x00000004cb800000| PB 0x00000004cb800000| Untracked 
| 272|0x00000004cc000000, 0x00000004cc000000, 0x00000004cc800000|  0%| F|  |TAMS 0x00000004cc000000| PB 0x00000004cc000000| Untracked 
| 273|0x00000004cc800000, 0x00000004cc800000, 0x00000004cd000000|  0%| F|  |TAMS 0x00000004cc800000| PB 0x00000004cc800000| Untracked 
| 274|0x00000004cd000000, 0x00000004cd000000, 0x00000004cd800000|  0%| F|  |TAMS 0x00000004cd000000| PB 0x00000004cd000000| Untracked 
| 275|0x00000004cd800000, 0x00000004cd800000, 0x00000004ce000000|  0%| F|  |TAMS 0x00000004cd800000| PB 0x00000004cd800000| Untracked 
| 276|0x00000004ce000000, 0x00000004ce000000, 0x00000004ce800000|  0%| F|  |TAMS 0x00000004ce000000| PB 0x00000004ce000000| Untracked 
| 277|0x00000004ce800000, 0x00000004ce800000, 0x00000004cf000000|  0%| F|  |TAMS 0x00000004ce800000| PB 0x00000004ce800000| Untracked 
| 278|0x00000004cf000000, 0x00000004cf000000, 0x00000004cf800000|  0%| F|  |TAMS 0x00000004cf000000| PB 0x00000004cf000000| Untracked 
| 279|0x00000004cf800000, 0x00000004cf800000, 0x00000004d0000000|  0%| F|  |TAMS 0x00000004cf800000| PB 0x00000004cf800000| Untracked 
| 280|0x00000004d0000000, 0x00000004d0000000, 0x00000004d0800000|  0%| F|  |TAMS 0x00000004d0000000| PB 0x00000004d0000000| Untracked 
| 281|0x00000004d0800000, 0x00000004d0800000, 0x00000004d1000000|  0%| F|  |TAMS 0x00000004d0800000| PB 0x00000004d0800000| Untracked 
| 282|0x00000004d1000000, 0x00000004d1000000, 0x00000004d1800000|  0%| F|  |TAMS 0x00000004d1000000| PB 0x00000004d1000000| Untracked 
| 283|0x00000004d1800000, 0x00000004d1800000, 0x00000004d2000000|  0%| F|  |TAMS 0x00000004d1800000| PB 0x00000004d1800000| Untracked 
| 284|0x00000004d2000000, 0x00000004d2000000, 0x00000004d2800000|  0%| F|  |TAMS 0x00000004d2000000| PB 0x00000004d2000000| Untracked 
| 285|0x00000004d2800000, 0x00000004d2800000, 0x00000004d3000000|  0%| F|  |TAMS 0x00000004d2800000| PB 0x00000004d2800000| Untracked 
| 286|0x00000004d3000000, 0x00000004d3000000, 0x00000004d3800000|  0%| F|  |TAMS 0x00000004d3000000| PB 0x00000004d3000000| Untracked 
| 287|0x00000004d3800000, 0x00000004d3800000, 0x00000004d4000000|  0%| F|  |TAMS 0x00000004d3800000| PB 0x00000004d3800000| Untracked 
| 288|0x00000004d4000000, 0x00000004d4000000, 0x00000004d4800000|  0%| F|  |TAMS 0x00000004d4000000| PB 0x00000004d4000000| Untracked 
| 289|0x00000004d4800000, 0x00000004d4800000, 0x00000004d5000000|  0%| F|  |TAMS 0x00000004d4800000| PB 0x00000004d4800000| Untracked 
| 290|0x00000004d5000000, 0x00000004d5000000, 0x00000004d5800000|  0%| F|  |TAMS 0x00000004d5000000| PB 0x00000004d5000000| Untracked 
| 291|0x00000004d5800000, 0x00000004d5800000, 0x00000004d6000000|  0%| F|  |TAMS 0x00000004d5800000| PB 0x00000004d5800000| Untracked 
| 292|0x00000004d6000000, 0x00000004d6000000, 0x00000004d6800000|  0%| F|  |TAMS 0x00000004d6000000| PB 0x00000004d6000000| Untracked 
| 293|0x00000004d6800000, 0x00000004d6800000, 0x00000004d7000000|  0%| F|  |TAMS 0x00000004d6800000| PB 0x00000004d6800000| Untracked 
| 294|0x00000004d7000000, 0x00000004d7000000, 0x00000004d7800000|  0%| F|  |TAMS 0x00000004d7000000| PB 0x00000004d7000000| Untracked 
| 295|0x00000004d7800000, 0x00000004d7800000, 0x00000004d8000000|  0%| F|  |TAMS 0x00000004d7800000| PB 0x00000004d7800000| Untracked 
| 296|0x00000004d8000000, 0x00000004d8000000, 0x00000004d8800000|  0%| F|  |TAMS 0x00000004d8000000| PB 0x00000004d8000000| Untracked 
| 297|0x00000004d8800000, 0x00000004d8800000, 0x00000004d9000000|  0%| F|  |TAMS 0x00000004d8800000| PB 0x00000004d8800000| Untracked 
| 298|0x00000004d9000000, 0x00000004d9000000, 0x00000004d9800000|  0%| F|  |TAMS 0x00000004d9000000| PB 0x00000004d9000000| Untracked 
| 299|0x00000004d9800000, 0x00000004d9800000, 0x00000004da000000|  0%| F|  |TAMS 0x00000004d9800000| PB 0x00000004d9800000| Untracked 
| 300|0x00000004da000000, 0x00000004da000000, 0x00000004da800000|  0%| F|  |TAMS 0x00000004da000000| PB 0x00000004da000000| Untracked 
| 301|0x00000004da800000, 0x00000004da800000, 0x00000004db000000|  0%| F|  |TAMS 0x00000004da800000| PB 0x00000004da800000| Untracked 
| 302|0x00000004db000000, 0x00000004db000000, 0x00000004db800000|  0%| F|  |TAMS 0x00000004db000000| PB 0x00000004db000000| Untracked 
| 303|0x00000004db800000, 0x00000004db800000, 0x00000004dc000000|  0%| F|  |TAMS 0x00000004db800000| PB 0x00000004db800000| Untracked 
| 304|0x00000004dc000000, 0x00000004dc000000, 0x00000004dc800000|  0%| F|  |TAMS 0x00000004dc000000| PB 0x00000004dc000000| Untracked 
| 305|0x00000004dc800000, 0x00000004dc800000, 0x00000004dd000000|  0%| F|  |TAMS 0x00000004dc800000| PB 0x00000004dc800000| Untracked 
| 306|0x00000004dd000000, 0x00000004dd000000, 0x00000004dd800000|  0%| F|  |TAMS 0x00000004dd000000| PB 0x00000004dd000000| Untracked 
| 307|0x00000004dd800000, 0x00000004dd800000, 0x00000004de000000|  0%| F|  |TAMS 0x00000004dd800000| PB 0x00000004dd800000| Untracked 
| 308|0x00000004de000000, 0x00000004de000000, 0x00000004de800000|  0%| F|  |TAMS 0x00000004de000000| PB 0x00000004de000000| Untracked 
| 309|0x00000004de800000, 0x00000004de800000, 0x00000004df000000|  0%| F|  |TAMS 0x00000004de800000| PB 0x00000004de800000| Untracked 
| 310|0x00000004df000000, 0x00000004df000000, 0x00000004df800000|  0%| F|  |TAMS 0x00000004df000000| PB 0x00000004df000000| Untracked 
| 311|0x00000004df800000, 0x00000004df800000, 0x00000004e0000000|  0%| F|  |TAMS 0x00000004df800000| PB 0x00000004df800000| Untracked 
| 312|0x00000004e0000000, 0x00000004e0000000, 0x00000004e0800000|  0%| F|  |TAMS 0x00000004e0000000| PB 0x00000004e0000000| Untracked 
| 313|0x00000004e0800000, 0x00000004e0800000, 0x00000004e1000000|  0%| F|  |TAMS 0x00000004e0800000| PB 0x00000004e0800000| Untracked 
| 314|0x00000004e1000000, 0x00000004e1000000, 0x00000004e1800000|  0%| F|  |TAMS 0x00000004e1000000| PB 0x00000004e1000000| Untracked 
| 315|0x00000004e1800000, 0x00000004e1800000, 0x00000004e2000000|  0%| F|  |TAMS 0x00000004e1800000| PB 0x00000004e1800000| Untracked 
| 316|0x00000004e2000000, 0x00000004e2000000, 0x00000004e2800000|  0%| F|  |TAMS 0x00000004e2000000| PB 0x00000004e2000000| Untracked 
| 317|0x00000004e2800000, 0x00000004e2800000, 0x00000004e3000000|  0%| F|  |TAMS 0x00000004e2800000| PB 0x00000004e2800000| Untracked 
| 318|0x00000004e3000000, 0x00000004e3000000, 0x00000004e3800000|  0%| F|  |TAMS 0x00000004e3000000| PB 0x00000004e3000000| Untracked 
| 319|0x00000004e3800000, 0x00000004e3800000, 0x00000004e4000000|  0%| F|  |TAMS 0x00000004e3800000| PB 0x00000004e3800000| Untracked 
| 320|0x00000004e4000000, 0x00000004e4000000, 0x00000004e4800000|  0%| F|  |TAMS 0x00000004e4000000| PB 0x00000004e4000000| Untracked 
| 321|0x00000004e4800000, 0x00000004e4800000, 0x00000004e5000000|  0%| F|  |TAMS 0x00000004e4800000| PB 0x00000004e4800000| Untracked 
| 322|0x00000004e5000000, 0x00000004e5000000, 0x00000004e5800000|  0%| F|  |TAMS 0x00000004e5000000| PB 0x00000004e5000000| Untracked 
| 323|0x00000004e5800000, 0x00000004e5800000, 0x00000004e6000000|  0%| F|  |TAMS 0x00000004e5800000| PB 0x00000004e5800000| Untracked 
| 324|0x00000004e6000000, 0x00000004e6000000, 0x00000004e6800000|  0%| F|  |TAMS 0x00000004e6000000| PB 0x00000004e6000000| Untracked 
| 325|0x00000004e6800000, 0x00000004e6800000, 0x00000004e7000000|  0%| F|  |TAMS 0x00000004e6800000| PB 0x00000004e6800000| Untracked 
| 326|0x00000004e7000000, 0x00000004e7000000, 0x00000004e7800000|  0%| F|  |TAMS 0x00000004e7000000| PB 0x00000004e7000000| Untracked 
| 327|0x00000004e7800000, 0x00000004e7800000, 0x00000004e8000000|  0%| F|  |TAMS 0x00000004e7800000| PB 0x00000004e7800000| Untracked 
| 328|0x00000004e8000000, 0x00000004e8000000, 0x00000004e8800000|  0%| F|  |TAMS 0x00000004e8000000| PB 0x00000004e8000000| Untracked 
| 329|0x00000004e8800000, 0x00000004e8800000, 0x00000004e9000000|  0%| F|  |TAMS 0x00000004e8800000| PB 0x00000004e8800000| Untracked 
| 330|0x00000004e9000000, 0x00000004e9000000, 0x00000004e9800000|  0%| F|  |TAMS 0x00000004e9000000| PB 0x00000004e9000000| Untracked 
| 331|0x00000004e9800000, 0x00000004e9800000, 0x00000004ea000000|  0%| F|  |TAMS 0x00000004e9800000| PB 0x00000004e9800000| Untracked 
| 332|0x00000004ea000000, 0x00000004ea000000, 0x00000004ea800000|  0%| F|  |TAMS 0x00000004ea000000| PB 0x00000004ea000000| Untracked 
| 333|0x00000004ea800000, 0x00000004ea800000, 0x00000004eb000000|  0%| F|  |TAMS 0x00000004ea800000| PB 0x00000004ea800000| Untracked 
| 334|0x00000004eb000000, 0x00000004eb000000, 0x00000004eb800000|  0%| F|  |TAMS 0x00000004eb000000| PB 0x00000004eb000000| Untracked 
| 335|0x00000004eb800000, 0x00000004eb800000, 0x00000004ec000000|  0%| F|  |TAMS 0x00000004eb800000| PB 0x00000004eb800000| Untracked 
| 336|0x00000004ec000000, 0x00000004ec000000, 0x00000004ec800000|  0%| F|  |TAMS 0x00000004ec000000| PB 0x00000004ec000000| Untracked 
| 337|0x00000004ec800000, 0x00000004ec800000, 0x00000004ed000000|  0%| F|  |TAMS 0x00000004ec800000| PB 0x00000004ec800000| Untracked 
| 338|0x00000004ed000000, 0x00000004ed000000, 0x00000004ed800000|  0%| F|  |TAMS 0x00000004ed000000| PB 0x00000004ed000000| Untracked 
| 339|0x00000004ed800000, 0x00000004ed800000, 0x00000004ee000000|  0%| F|  |TAMS 0x00000004ed800000| PB 0x00000004ed800000| Untracked 
| 340|0x00000004ee000000, 0x00000004ee000000, 0x00000004ee800000|  0%| F|  |TAMS 0x00000004ee000000| PB 0x00000004ee000000| Untracked 
| 341|0x00000004ee800000, 0x00000004ee800000, 0x00000004ef000000|  0%| F|  |TAMS 0x00000004ee800000| PB 0x00000004ee800000| Untracked 
| 342|0x00000004ef000000, 0x00000004ef000000, 0x00000004ef800000|  0%| F|  |TAMS 0x00000004ef000000| PB 0x00000004ef000000| Untracked 
| 343|0x00000004ef800000, 0x00000004ef800000, 0x00000004f0000000|  0%| F|  |TAMS 0x00000004ef800000| PB 0x00000004ef800000| Untracked 
| 344|0x00000004f0000000, 0x00000004f0000000, 0x00000004f0800000|  0%| F|  |TAMS 0x00000004f0000000| PB 0x00000004f0000000| Untracked 
| 345|0x00000004f0800000, 0x00000004f0800000, 0x00000004f1000000|  0%| F|  |TAMS 0x00000004f0800000| PB 0x00000004f0800000| Untracked 
| 346|0x00000004f1000000, 0x00000004f1000000, 0x00000004f1800000|  0%| F|  |TAMS 0x00000004f1000000| PB 0x00000004f1000000| Untracked 
| 347|0x00000004f1800000, 0x00000004f1800000, 0x00000004f2000000|  0%| F|  |TAMS 0x00000004f1800000| PB 0x00000004f1800000| Untracked 
| 348|0x00000004f2000000, 0x00000004f2000000, 0x00000004f2800000|  0%| F|  |TAMS 0x00000004f2000000| PB 0x00000004f2000000| Untracked 
| 349|0x00000004f2800000, 0x00000004f2800000, 0x00000004f3000000|  0%| F|  |TAMS 0x00000004f2800000| PB 0x00000004f2800000| Untracked 
| 350|0x00000004f3000000, 0x00000004f3000000, 0x00000004f3800000|  0%| F|  |TAMS 0x00000004f3000000| PB 0x00000004f3000000| Untracked 
| 351|0x00000004f3800000, 0x00000004f3800000, 0x00000004f4000000|  0%| F|  |TAMS 0x00000004f3800000| PB 0x00000004f3800000| Untracked 
| 352|0x00000004f4000000, 0x00000004f4000000, 0x00000004f4800000|  0%| F|  |TAMS 0x00000004f4000000| PB 0x00000004f4000000| Untracked 
| 353|0x00000004f4800000, 0x00000004f4800000, 0x00000004f5000000|  0%| F|  |TAMS 0x00000004f4800000| PB 0x00000004f4800000| Untracked 
| 354|0x00000004f5000000, 0x00000004f5000000, 0x00000004f5800000|  0%| F|  |TAMS 0x00000004f5000000| PB 0x00000004f5000000| Untracked 
| 355|0x00000004f5800000, 0x00000004f5800000, 0x00000004f6000000|  0%| F|  |TAMS 0x00000004f5800000| PB 0x00000004f5800000| Untracked 
| 356|0x00000004f6000000, 0x00000004f6000000, 0x00000004f6800000|  0%| F|  |TAMS 0x00000004f6000000| PB 0x00000004f6000000| Untracked 
| 357|0x00000004f6800000, 0x00000004f6800000, 0x00000004f7000000|  0%| F|  |TAMS 0x00000004f6800000| PB 0x00000004f6800000| Untracked 
| 358|0x00000004f7000000, 0x00000004f7000000, 0x00000004f7800000|  0%| F|  |TAMS 0x00000004f7000000| PB 0x00000004f7000000| Untracked 
| 359|0x00000004f7800000, 0x00000004f7800000, 0x00000004f8000000|  0%| F|  |TAMS 0x00000004f7800000| PB 0x00000004f7800000| Untracked 
| 360|0x00000004f8000000, 0x00000004f8000000, 0x00000004f8800000|  0%| F|  |TAMS 0x00000004f8000000| PB 0x00000004f8000000| Untracked 
| 361|0x00000004f8800000, 0x00000004f8800000, 0x00000004f9000000|  0%| F|  |TAMS 0x00000004f8800000| PB 0x00000004f8800000| Untracked 
| 362|0x00000004f9000000, 0x00000004f9000000, 0x00000004f9800000|  0%| F|  |TAMS 0x00000004f9000000| PB 0x00000004f9000000| Untracked 
| 363|0x00000004f9800000, 0x00000004f9800000, 0x00000004fa000000|  0%| F|  |TAMS 0x00000004f9800000| PB 0x00000004f9800000| Untracked 
| 364|0x00000004fa000000, 0x00000004fa000000, 0x00000004fa800000|  0%| F|  |TAMS 0x00000004fa000000| PB 0x00000004fa000000| Untracked 
| 365|0x00000004fa800000, 0x00000004fa800000, 0x00000004fb000000|  0%| F|  |TAMS 0x00000004fa800000| PB 0x00000004fa800000| Untracked 
| 366|0x00000004fb000000, 0x00000004fb000000, 0x00000004fb800000|  0%| F|  |TAMS 0x00000004fb000000| PB 0x00000004fb000000| Untracked 
| 367|0x00000004fb800000, 0x00000004fb800000, 0x00000004fc000000|  0%| F|  |TAMS 0x00000004fb800000| PB 0x00000004fb800000| Untracked 
| 368|0x00000004fc000000, 0x00000004fc000000, 0x00000004fc800000|  0%| F|  |TAMS 0x00000004fc000000| PB 0x00000004fc000000| Untracked 
| 369|0x00000004fc800000, 0x00000004fcd09538, 0x00000004fd000000| 62%| S|CS|TAMS 0x00000004fc800000| PB 0x00000004fc800000| Complete 
| 370|0x00000004fd000000, 0x00000004fd800000, 0x00000004fd800000|100%| S|CS|TAMS 0x00000004fd000000| PB 0x00000004fd000000| Complete 
| 371|0x00000004fd800000, 0x00000004fe000000, 0x00000004fe000000|100%| S|CS|TAMS 0x00000004fd800000| PB 0x00000004fd800000| Complete 
| 372|0x00000004fe000000, 0x00000004fe800000, 0x00000004fe800000|100%| S|CS|TAMS 0x00000004fe000000| PB 0x00000004fe000000| Complete 
| 373|0x00000004fe800000, 0x00000004ff000000, 0x00000004ff000000|100%| S|CS|TAMS 0x00000004fe800000| PB 0x00000004fe800000| Complete 
| 374|0x00000004ff000000, 0x00000004ff800000, 0x00000004ff800000|100%| S|CS|TAMS 0x00000004ff000000| PB 0x00000004ff000000| Complete 
| 375|0x00000004ff800000, 0x0000000500000000, 0x0000000500000000|100%| S|CS|TAMS 0x00000004ff800000| PB 0x00000004ff800000| Complete 
| 376|0x0000000500000000, 0x0000000500800000, 0x0000000500800000|100%| S|CS|TAMS 0x0000000500000000| PB 0x0000000500000000| Complete 
| 377|0x0000000500800000, 0x0000000500800000, 0x0000000501000000|  0%| F|  |TAMS 0x0000000500800000| PB 0x0000000500800000| Untracked 
| 378|0x0000000501000000, 0x0000000501000000, 0x0000000501800000|  0%| F|  |TAMS 0x0000000501000000| PB 0x0000000501000000| Untracked 
| 379|0x0000000501800000, 0x0000000501800000, 0x0000000502000000|  0%| F|  |TAMS 0x0000000501800000| PB 0x0000000501800000| Untracked 
| 380|0x0000000502000000, 0x0000000502000000, 0x0000000502800000|  0%| F|  |TAMS 0x0000000502000000| PB 0x0000000502000000| Untracked 
| 381|0x0000000502800000, 0x0000000502800000, 0x0000000503000000|  0%| F|  |TAMS 0x0000000502800000| PB 0x0000000502800000| Untracked 
| 382|0x0000000503000000, 0x0000000503000000, 0x0000000503800000|  0%| F|  |TAMS 0x0000000503000000| PB 0x0000000503000000| Untracked 
| 383|0x0000000503800000, 0x0000000503800000, 0x0000000504000000|  0%| F|  |TAMS 0x0000000503800000| PB 0x0000000503800000| Untracked 
| 384|0x0000000504000000, 0x0000000504000000, 0x0000000504800000|  0%| F|  |TAMS 0x0000000504000000| PB 0x0000000504000000| Untracked 
| 385|0x0000000504800000, 0x0000000504800000, 0x0000000505000000|  0%| F|  |TAMS 0x0000000504800000| PB 0x0000000504800000| Untracked 
| 386|0x0000000505000000, 0x0000000505000000, 0x0000000505800000|  0%| F|  |TAMS 0x0000000505000000| PB 0x0000000505000000| Untracked 
| 387|0x0000000505800000, 0x0000000505800000, 0x0000000506000000|  0%| F|  |TAMS 0x0000000505800000| PB 0x0000000505800000| Untracked 
| 388|0x0000000506000000, 0x0000000506000000, 0x0000000506800000|  0%| F|  |TAMS 0x0000000506000000| PB 0x0000000506000000| Untracked 
| 389|0x0000000506800000, 0x0000000506800000, 0x0000000507000000|  0%| F|  |TAMS 0x0000000506800000| PB 0x0000000506800000| Untracked 
|1899|0x00000007f9800000, 0x00000007f9800000, 0x00000007fa000000|  0%| F|  |TAMS 0x00000007f9800000| PB 0x00000007f9800000| Untracked 
|1901|0x00000007fa800000, 0x00000007fb000000, 0x00000007fb000000|100%| O|  |TAMS 0x00000007fb000000| PB 0x00000007fa800000| Untracked 
|1902|0x00000007fb000000, 0x00000007fb800000, 0x00000007fb800000|100%| O|  |TAMS 0x00000007fb800000| PB 0x00000007fb000000| Untracked 
|1905|0x00000007fc800000, 0x00000007fd000000, 0x00000007fd000000|100%| O|  |TAMS 0x00000007fd000000| PB 0x00000007fc800000| Untracked 
|1911|0x00000007ff800000, 0x00000007ff800000, 0x0000000800000000|  0%| F|  |TAMS 0x00000007ff800000| PB 0x00000007ff800000| Untracked 

Card table byte_map: [0x00000214cf930000,0x00000214d1710000] _byte_map_base: 0x00000214cd710000

Marking Bits: (CMBitMap*) 0x00000214b5c52860
 Bits: [0x00000214d1710000, 0x00000214e0610000)

Polling page: 0x00000214b3a60000

Metaspace:

Usage:
  Non-class:    134.69 MB used.
      Class:     13.20 MB used.
       Both:    147.89 MB used.

Virtual space:
  Non-class space:      192.00 MB reserved,     135.06 MB ( 70%) committed,  3 nodes.
      Class space:        1.00 GB reserved,      13.50 MB (  1%) committed,  1 nodes.
             Both:        1.19 GB reserved,     148.56 MB ( 12%) committed. 

Chunk freelists:
   Non-Class:  8.48 MB
       Class:  2.38 MB
        Both:  10.87 MB

MaxMetaspaceSize: unlimited
CompressedClassSpaceSize: 1.00 GB
Initial GC threshold: 21.00 MB
Current GC threshold: 247.62 MB
CDS: on
 - commit_granule_bytes: 65536.
 - commit_granule_words: 8192.
 - virtual_space_node_default_size: 8388608.
 - enlarge_chunks_in_place: 1.
 - use_allocation_guard: 0.


Internal statistics:

num_allocs_failed_limit: 18.
num_arena_births: 984.
num_arena_deaths: 0.
num_vsnodes_births: 4.
num_vsnodes_deaths: 0.
num_space_committed: 2296.
num_space_uncommitted: 0.
num_chunks_returned_to_freelist: 18.
num_chunks_taken_from_freelist: 5532.
num_chunk_merges: 12.
num_chunk_splits: 4516.
num_chunks_enlarged: 3849.
num_inconsistent_stats: 0.

CodeHeap 'non-profiled nmethods': size=119168Kb used=5423Kb max_used=14292Kb free=113744Kb
 bounds [0x00000214c5e70000, 0x00000214c6d30000, 0x00000214cd2d0000]
CodeHeap 'profiled nmethods': size=119104Kb used=5720Kb max_used=33329Kb free=113383Kb
 bounds [0x00000214be2d0000, 0x00000214c03a0000, 0x00000214c5720000]
CodeHeap 'non-nmethods': size=7488Kb used=2063Kb max_used=3684Kb free=5424Kb
 bounds [0x00000214c5720000, 0x00000214c5ad0000, 0x00000214c5e70000]
CodeCache: size=245760Kb, used=13206Kb, max_used=51305Kb, free=232551Kb
 total_blobs=4175, nmethods=3221, adapters=856, full_count=0
Compilation: enabled, stopped_count=0, restarted_count=0

Compilation events (20 events):
Event: 230.437 Thread 0x00000214e07fec10 23544       1       java.util.ResourceBundle$BundleReference::getCacheKey (5 bytes)
Event: 230.437 Thread 0x00000214e07fec10 nmethod 23544 0x00000214c63c3510 code [0x00000214c63c36a0, 0x00000214c63c3770]
Event: 230.437 Thread 0x00000214e07fec10 23545       3       java.util.ResourceBundle$CacheKey::hashCode (23 bytes)
Event: 230.437 Thread 0x00000214e07fec10 nmethod 23545 0x00000214be6aa090 code [0x00000214be6aa240, 0x00000214be6aa400]
Event: 230.441 Thread 0x00000214e07efcf0 23546       4       java.util.Vector::<init> (7 bytes)
Event: 230.442 Thread 0x00000214e07efcf0 nmethod 23546 0x00000214c63c3090 code [0x00000214c63c3220, 0x00000214c63c3418]
Event: 230.443 Thread 0x00000214e07fec10 23547       3       java.util.ResourceBundle::getCallerModule (18 bytes)
Event: 230.443 Thread 0x00000214e07fec10 nmethod 23547 0x00000214be365310 code [0x00000214be3654c0, 0x00000214be365668]
Event: 230.444 Thread 0x00000214e07efcf0 23548       4       org.hl7.fhir.utilities.xhtml.XhtmlToMarkdownConverter::toMDText (91 bytes)
Event: 230.452 Thread 0x00000214e07efcf0 nmethod 23548 0x00000214c63c1990 code [0x00000214c63c1c20, 0x00000214c63c27d8]
Event: 230.495 Thread 0x00000214e07efcf0 23549       4       org.hl7.fhir.utilities.xhtml.XhtmlToMarkdownConverter::paragraph (204 bytes)
Event: 230.521 Thread 0x00000214e07fec10 23550       3       org.hl7.fhir.utilities.xhtml.XhtmlToMarkdownConverter::cells (79 bytes)
Event: 230.523 Thread 0x00000214e07fec10 nmethod 23550 0x00000214be38e490 code [0x00000214be38e7a0, 0x00000214be38fe40]
Event: 230.526 Thread 0x00000214e07fec10 23551       3       java.lang.String::decodeUTF8_UTF16 (624 bytes)
Event: 230.527 Thread 0x00000214e07fec10 nmethod 23551 0x00000214c0297110 code [0x00000214c02974e0, 0x00000214c0298f70]
Event: 230.530 Thread 0x00000214e07efcf0 nmethod 23549 0x00000214c63bd710 code [0x00000214c63bdb40, 0x00000214c63c0168]
Event: 230.534 Thread 0x00000214e07efcf0 23552 %     4       java.lang.String::decodeUTF8_UTF16 @ 0 (624 bytes)
Event: 230.544 Thread 0x00000214e07efcf0 nmethod 23552% 0x00000214c607af10 code [0x00000214c607b100, 0x00000214c607bc18]
Event: 230.832 Thread 0x00000214e07fec10 23553       3       java.security.AccessController::doPrivileged (9 bytes)
Event: 230.833 Thread 0x00000214e07fec10 nmethod 23553 0x00000214be364990 code [0x00000214be364b80, 0x00000214be364ef0]

GC Heap History (20 events):
Event: 214.452 GC heap after
{Heap after GC invocations=127 (full 11):
 garbage-first heap   total 3145728K, used 919834K [0x0000000444000000, 0x0000000800000000)
  region size 8192K, 2 young (16384K), 2 survivors (16384K)
 Metaspace       used 151284K, committed 151936K, reserved 1245184K
  class space    used 13515K, committed 13824K, reserved 1048576K
}
Event: 218.762 GC heap before
{Heap before GC invocations=127 (full 11):
 garbage-first heap   total 3145728K, used 2787610K [0x0000000444000000, 0x0000000800000000)
  region size 8192K, 230 young (1884160K), 2 survivors (16384K)
 Metaspace       used 151284K, committed 151936K, reserved 1245184K
  class space    used 13515K, committed 13824K, reserved 1048576K
}
Event: 218.799 GC heap after
{Heap after GC invocations=128 (full 11):
 garbage-first heap   total 3145728K, used 963111K [0x0000000444000000, 0x0000000800000000)
  region size 8192K, 8 young (65536K), 8 survivors (65536K)
 Metaspace       used 151284K, committed 151936K, reserved 1245184K
  class space    used 13515K, committed 13824K, reserved 1048576K
}
Event: 218.874 GC heap before
{Heap before GC invocations=128 (full 11):
 garbage-first heap   total 3145728K, used 1053223K [0x0000000444000000, 0x0000000800000000)
  region size 8192K, 19 young (155648K), 8 survivors (65536K)
 Metaspace       used 151284K, committed 151936K, reserved 1245184K
  class space    used 13515K, committed 13824K, reserved 1048576K
}
Event: 218.893 GC heap after
{Heap after GC invocations=129 (full 11):
 garbage-first heap   total 3145728K, used 968694K [0x0000000444000000, 0x0000000800000000)
  region size 8192K, 1 young (8192K), 1 survivors (8192K)
 Metaspace       used 151284K, committed 151936K, reserved 1245184K
  class space    used 13515K, committed 13824K, reserved 1048576K
}
Event: 222.604 GC heap before
{Heap before GC invocations=129 (full 11):
 garbage-first heap   total 3145728K, used 2033654K [0x0000000444000000, 0x0000000800000000)
  region size 8192K, 112 young (917504K), 1 survivors (8192K)
 Metaspace       used 151284K, committed 151936K, reserved 1245184K
  class space    used 13515K, committed 13824K, reserved 1048576K
}
Event: 222.623 GC heap after
{Heap after GC invocations=130 (full 11):
 garbage-first heap   total 3145728K, used 1029662K [0x0000000444000000, 0x0000000800000000)
  region size 8192K, 9 young (73728K), 9 survivors (73728K)
 Metaspace       used 151284K, committed 151936K, reserved 1245184K
  class space    used 13515K, committed 13824K, reserved 1048576K
}
Event: 222.819 GC heap before
{Heap before GC invocations=130 (full 11):
 garbage-first heap   total 3145728K, used 1177118K [0x0000000444000000, 0x0000000800000000)
  region size 8192K, 27 young (221184K), 9 survivors (73728K)
 Metaspace       used 151284K, committed 151936K, reserved 1245184K
  class space    used 13515K, committed 13824K, reserved 1048576K
}
Event: 222.870 GC heap after
{Heap after GC invocations=131 (full 11):
 garbage-first heap   total 3145728K, used 1046936K [0x0000000444000000, 0x0000000800000000)
  region size 8192K, 2 young (16384K), 2 survivors (16384K)
 Metaspace       used 151284K, committed 151936K, reserved 1245184K
  class space    used 13515K, committed 13824K, reserved 1048576K
}
Event: 226.855 GC heap before
{Heap before GC invocations=132 (full 11):
 garbage-first heap   total 3145728K, used 2136472K [0x0000000444000000, 0x0000000800000000)
  region size 8192K, 143 young (1171456K), 2 survivors (16384K)
 Metaspace       used 151395K, committed 152064K, reserved 1245184K
  class space    used 13519K, committed 13824K, reserved 1048576K
}
Event: 226.871 GC heap after
{Heap after GC invocations=133 (full 11):
 garbage-first heap   total 3145728K, used 1014168K [0x0000000444000000, 0x0000000800000000)
  region size 8192K, 5 young (40960K), 5 survivors (40960K)
 Metaspace       used 151395K, committed 152064K, reserved 1245184K
  class space    used 13519K, committed 13824K, reserved 1048576K
}
Event: 228.793 GC heap before
{Heap before GC invocations=133 (full 11):
 garbage-first heap   total 3145728K, used 2865560K [0x0000000444000000, 0x0000000800000000)
  region size 8192K, 230 young (1884160K), 5 survivors (40960K)
 Metaspace       used 151421K, committed 152128K, reserved 1245184K
  class space    used 13520K, committed 13824K, reserved 1048576K
}
Event: 228.833 GC heap after
{Heap after GC invocations=134 (full 11):
 garbage-first heap   total 3145728K, used 1004559K [0x0000000444000000, 0x0000000800000000)
  region size 8192K, 6 young (49152K), 6 survivors (49152K)
 Metaspace       used 151421K, committed 152128K, reserved 1245184K
  class space    used 13520K, committed 13824K, reserved 1048576K
}
Event: 229.483 GC heap before
{Heap before GC invocations=134 (full 11):
 garbage-first heap   total 3145728K, used 2077711K [0x0000000444000000, 0x0000000800000000)
  region size 8192K, 139 young (1138688K), 6 survivors (49152K)
 Metaspace       used 151428K, committed 152128K, reserved 1245184K
  class space    used 13520K, committed 13824K, reserved 1048576K
}
Event: 229.492 GC heap after
{Heap after GC invocations=135 (full 11):
 garbage-first heap   total 3145728K, used 996551K [0x0000000444000000, 0x0000000800000000)
  region size 8192K, 5 young (40960K), 5 survivors (40960K)
 Metaspace       used 151428K, committed 152128K, reserved 1245184K
  class space    used 13520K, committed 13824K, reserved 1048576K
}
Event: 230.468 GC heap before
{Heap before GC invocations=136 (full 11):
 garbage-first heap   total 3145728K, used 2798791K [0x0000000444000000, 0x0000000800000000)
  region size 8192K, 230 young (1884160K), 5 survivors (40960K)
 Metaspace       used 151438K, committed 152128K, reserved 1245184K
  class space    used 13520K, committed 13824K, reserved 1048576K
}
Event: 230.475 GC heap after
{Heap after GC invocations=137 (full 11):
 garbage-first heap   total 3145728K, used 945627K [0x0000000444000000, 0x0000000800000000)
  region size 8192K, 5 young (40960K), 5 survivors (40960K)
 Metaspace       used 151438K, committed 152128K, reserved 1245184K
  class space    used 13520K, committed 13824K, reserved 1048576K
}
Event: 231.305 GC heap before
{Heap before GC invocations=137 (full 11):
 garbage-first heap   total 3145728K, used 3116507K [0x0000000444000000, 0x0000000800000000)
  region size 8192K, 210 young (1720320K), 5 survivors (40960K)
 Metaspace       used 151439K, committed 152128K, reserved 1245184K
  class space    used 13520K, committed 13824K, reserved 1048576K
}
Event: 232.972 GC heap after
{Heap after GC invocations=138 (full 11):
 garbage-first heap   total 3235840K, used 983054K [0x0000000444000000, 0x0000000800000000)
  region size 8192K, 11 young (90112K), 11 survivors (90112K)
 Metaspace       used 151439K, committed 152128K, reserved 1245184K
  class space    used 13520K, committed 13824K, reserved 1048576K
}
Event: 232.985 GC heap before
{Heap before GC invocations=138 (full 11):
 garbage-first heap   total 3235840K, used 1007630K [0x0000000444000000, 0x0000000800000000)
  region size 8192K, 15 young (122880K), 11 survivors (90112K)
 Metaspace       used 151439K, committed 152128K, reserved 1245184K
  class space    used 13520K, committed 13824K, reserved 1048576K
}

Dll operation events (15 events):
Event: 0.006 Loaded shared library C:\Program Files\Microsoft\jdk-21.0.10.7-hotspot\bin\java.dll
Event: 0.026 Loaded shared library C:\Program Files\Microsoft\jdk-21.0.10.7-hotspot\bin\jsvml.dll
Event: 0.037 Loaded shared library C:\Program Files\Microsoft\jdk-21.0.10.7-hotspot\bin\net.dll
Event: 0.038 Loaded shared library C:\Program Files\Microsoft\jdk-21.0.10.7-hotspot\bin\nio.dll
Event: 0.070 Loaded shared library C:\Program Files\Microsoft\jdk-21.0.10.7-hotspot\bin\zip.dll
Event: 0.142 Loaded shared library C:\Program Files\Microsoft\jdk-21.0.10.7-hotspot\bin\jimage.dll
Event: 0.663 Loaded shared library C:\Program Files\Microsoft\jdk-21.0.10.7-hotspot\bin\verify.dll
Event: 35.530 Loaded shared library C:\Program Files\Microsoft\jdk-21.0.10.7-hotspot\bin\sunmscapi.dll
Event: 35.592 Loaded shared library C:\Program Files\Microsoft\jdk-21.0.10.7-hotspot\bin\extnet.dll
Event: 71.946 Loaded shared library C:\Users\Jose\AppData\Local\Temp\sqlite-3.50.3.0-c85ee5ed-7dcd-4dce-a3ed-e050e0157d42-sqlitejdbc.dll
Event: 72.702 Loaded shared library C:\Program Files\Microsoft\jdk-21.0.10.7-hotspot\bin\management.dll
Event: 72.708 Loaded shared library C:\Program Files\Microsoft\jdk-21.0.10.7-hotspot\bin\management_ext.dll
Event: 72.814 Loaded shared library C:\Program Files\Microsoft\jdk-21.0.10.7-hotspot\bin\awt.dll
Event: 150.399 Loaded shared library C:\Program Files\Microsoft\jdk-21.0.10.7-hotspot\bin\freetype.dll
Event: 150.404 Loaded shared library C:\Program Files\Microsoft\jdk-21.0.10.7-hotspot\bin\fontmanager.dll

Deoptimization events (20 events):
Event: 229.431 Thread 0x00000214b37e2270 DEOPT PACKING pc=0x00000214c6976d88 sp=0x000000e30e8fee20
Event: 229.431 Thread 0x00000214b37e2270 DEOPT UNPACKING pc=0x00000214c5777ba2 sp=0x000000e30e8fede8 mode 2
Event: 229.473 Thread 0x00000214b37e2270 DEOPT PACKING pc=0x00000214be4ab336 sp=0x000000e30e8fd5f0
Event: 229.473 Thread 0x00000214b37e2270 DEOPT UNPACKING pc=0x00000214c57786e2 sp=0x000000e30e8fcb70 mode 0
Event: 229.474 Thread 0x00000214b37e2270 DEOPT PACKING pc=0x00000214be4ab336 sp=0x000000e30e8fc860
Event: 229.474 Thread 0x00000214b37e2270 DEOPT UNPACKING pc=0x00000214c57786e2 sp=0x000000e30e8fbde0 mode 0
Event: 229.476 Thread 0x00000214b37e2270 DEOPT PACKING pc=0x00000214be4ab336 sp=0x000000e30e8fdda0
Event: 229.476 Thread 0x00000214b37e2270 DEOPT UNPACKING pc=0x00000214c57786e2 sp=0x000000e30e8fd320 mode 0
Event: 229.476 Thread 0x00000214b37e2270 DEOPT PACKING pc=0x00000214be4ab336 sp=0x000000e30e8fd0d0
Event: 229.476 Thread 0x00000214b37e2270 DEOPT UNPACKING pc=0x00000214c57786e2 sp=0x000000e30e8fc650 mode 0
Event: 229.478 Thread 0x00000214b37e2270 DEOPT PACKING pc=0x00000214be4ab336 sp=0x000000e30e8fdb10
Event: 229.478 Thread 0x00000214b37e2270 DEOPT UNPACKING pc=0x00000214c57786e2 sp=0x000000e30e8fd090 mode 0
Event: 229.478 Thread 0x00000214b37e2270 DEOPT PACKING pc=0x00000214be4ab336 sp=0x000000e30e8fe550
Event: 229.478 Thread 0x00000214b37e2270 DEOPT UNPACKING pc=0x00000214c57786e2 sp=0x000000e30e8fdad0 mode 0
Event: 230.416 Thread 0x00000214b37e2270 Uncommon trap: trap_request=0xffffff45 fr.pc=0x00000214c6372740 relative=0x00000000000007e0
Event: 230.416 Thread 0x00000214b37e2270 Uncommon trap: reason=unstable_if action=reinterpret pc=0x00000214c6372740 method=java.lang.String.decodeUTF8_UTF16([BII[BIZ)I @ 240 c2
Event: 230.416 Thread 0x00000214b37e2270 DEOPT PACKING pc=0x00000214c6372740 sp=0x000000e30e8ff1f0
Event: 230.416 Thread 0x00000214b37e2270 DEOPT UNPACKING pc=0x00000214c5777ba2 sp=0x000000e30e8ff168 mode 2
Event: 230.544 Thread 0x00000214b37e2270 DEOPT PACKING pc=0x00000214c0298d22 sp=0x000000e30e8ff1a0
Event: 230.544 Thread 0x00000214b37e2270 DEOPT UNPACKING pc=0x00000214c57786e2 sp=0x000000e30e8fe660 mode 0

Classes loaded (20 events):
Event: 195.959 Loading class java/nio/channels/FileChannel$MapMode
Event: 195.959 Loading class java/nio/channels/FileChannel$MapMode done
Event: 195.959 Loading class jdk/internal/misc/ExtendedMapMode
Event: 195.959 Loading class jdk/internal/misc/ExtendedMapMode done
Event: 195.961 Loading class sun/nio/ch/FileChannelImpl$DefaultUnmapper
Event: 195.961 Loading class sun/nio/ch/FileChannelImpl$Unmapper
Event: 195.961 Loading class jdk/internal/access/foreign/UnmapperProxy
Event: 195.961 Loading class jdk/internal/access/foreign/UnmapperProxy done
Event: 195.961 Loading class sun/nio/ch/FileChannelImpl$Unmapper done
Event: 195.961 Loading class sun/nio/ch/FileChannelImpl$DefaultUnmapper done
Event: 195.961 Loading class sun/nio/ch/Util$4
Event: 195.962 Loading class sun/nio/ch/Util$4 done
Event: 196.071 Loading class java/util/zip/ZipOutputStream
Event: 196.071 Loading class java/util/zip/DeflaterOutputStream
Event: 196.071 Loading class java/util/zip/DeflaterOutputStream done
Event: 196.071 Loading class java/util/zip/ZipOutputStream done
Event: 196.072 Loading class java/util/zip/ZipOutputStream$XEntry
Event: 196.072 Loading class java/util/zip/ZipOutputStream$XEntry done
Event: 227.878 Loading class java/lang/CharacterData01
Event: 227.881 Loading class java/lang/CharacterData01 done

Classes unloaded (0 events):
No events

Classes redefined (0 events):
No events

Internal exceptions (20 events):
Event: 147.728 Thread 0x00000214b37e2270 Implicit null exception at 0x00000214c01a54a3 to 0x00000214c01a59a9
Event: 147.728 Thread 0x00000214b37e2270 Exception <a 'java/lang/NullPointerException'{0x000000049e6fe558}> (0x000000049e6fe558) 
thrown [s\src\hotspot\share\runtime\sharedRuntime.cpp, line 625]
Event: 147.728 Thread 0x00000214b37e2270 Implicit null exception at 0x00000214c01a54a3 to 0x00000214c01a59a9
Event: 147.728 Thread 0x00000214b37e2270 Exception <a 'java/lang/NullPointerException'{0x000000049e718c20}> (0x000000049e718c20) 
thrown [s\src\hotspot\share\runtime\sharedRuntime.cpp, line 625]
Event: 147.728 Thread 0x00000214b37e2270 Implicit null exception at 0x00000214c01a54a3 to 0x00000214c01a59a9
Event: 147.728 Thread 0x00000214b37e2270 Exception <a 'java/lang/NullPointerException'{0x000000049e71a528}> (0x000000049e71a528) 
thrown [s\src\hotspot\share\runtime\sharedRuntime.cpp, line 625]
Event: 147.728 Thread 0x00000214b37e2270 Implicit null exception at 0x00000214c01a54a3 to 0x00000214c01a59a9
Event: 147.728 Thread 0x00000214b37e2270 Exception <a 'java/lang/NullPointerException'{0x000000049e71f308}> (0x000000049e71f308) 
thrown [s\src\hotspot\share\runtime\sharedRuntime.cpp, line 625]
Event: 150.378 Thread 0x00000214b37e2270 Exception <a 'java/lang/NoSuchMethodError'{0x0000000488fa7900}: 'java.lang.Object java.lang.invoke.DirectMethodHandle$Holder.invokeStaticInit(java.lang.Object, java.lang.Object, java.lang.Object, java.lang.Object, java.lang.Object, java.lang.Object)'> (0x0000000488fa7900) 
thrown [s\src\hotspot\share\interpreter\linkResolver.cpp, line 773]
Event: 150.439 Thread 0x00000214b37e2270 Exception <a 'java/io/FileNotFoundException'{0x0000000488438c38}> (0x0000000488438c38) 
thrown [s\src\hotspot\share\prims\jni.cpp, line 520]
Event: 150.447 Thread 0x00000214b37e2270 Exception <a 'java/io/FileNotFoundException'{0x00000004884536b8}> (0x00000004884536b8) 
thrown [s\src\hotspot\share\prims\jni.cpp, line 520]
Event: 171.873 Thread 0x00000214b37e2270 Exception <a 'sun/nio/fs/WindowsException'{0x00000004ae98d358}> (0x00000004ae98d358) 
thrown [s\src\hotspot\share\prims\jni.cpp, line 520]
Event: 171.920 Thread 0x00000214b37e2270 Exception <a 'java/lang/NoSuchMethodError'{0x00000004ae236638}: 'java.lang.Object java.lang.invoke.DirectMethodHandle$Holder.invokeSpecial(java.lang.Object, java.lang.Object, java.lang.Object, java.lang.Object, java.lang.Object, long)'> (0x00000004ae236638) 
thrown [s\src\hotspot\share\interpreter\linkResolver.cpp, line 773]
Event: 171.920 Thread 0x00000214b37e2270 Exception <a 'java/lang/NoSuchMethodError'{0x00000004ae239e08}: 'java.lang.Object java.lang.invoke.Invokers$Holder.linkToTargetMethod(java.lang.Object, java.lang.Object, java.lang.Object, long, java.lang.Object)'> (0x00000004ae239e08) 
thrown [s\src\hotspot\share\interpreter\linkResolver.cpp, line 773]
Event: 190.131 Thread 0x00000214b37e2270 Exception <a 'java/lang/NoSuchMethodError'{0x00000007fe0e8608}: 'int java.lang.invoke.DirectMethodHandle$Holder.invokeVirtual(java.lang.Object, java.lang.Object, java.lang.Object, int, int)'> (0x00000007fe0e8608) 
thrown [s\src\hotspot\share\interpreter\linkResolver.cpp, line 773]
Event: 193.990 Thread 0x00000214b37e2270 Exception <a 'java/lang/NoSuchMethodError'{0x000000048b3719f8}: 'java.lang.Object java.lang.invoke.DirectMethodHandle$Holder.newInvokeSpecial(java.lang.Object, java.lang.Object, java.lang.Object, java.lang.Object, java.lang.Object, java.lang.Object, java.lang.Object)'> (0x000000048b3719f8) 
thrown [s\src\hotspot\share\interpreter\linkResolver.cpp, line 773]
Event: 195.965 Thread 0x00000214b37e2270 Exception <a 'java/lang/NoSuchMethodError'{0x00000007ff81fbb0}: 'java.lang.Object java.lang.invoke.DelegatingMethodHandle$Holder.reinvoke_L(java.lang.Object, int, long, java.lang.Object, java.lang.Object, int, java.lang.Object)'> (0x00000007ff81fbb0) 
thrown [s\src\hotspot\share\interpreter\linkResolver.cpp, line 773]
Event: 196.091 Thread 0x00000214b37e2270 Exception <a 'java/io/IOException'{0x00000007ffd24de0}: CreateProcess error=2, The system cannot find the file specified> (0x00000007ffd24de0) 
thrown [s\src\hotspot\share\prims\jni.cpp, line 539]
Event: 196.604 Thread 0x00000214b37e2270 Exception <a 'sun/nio/fs/WindowsException'{0x00000007feb56360}> (0x00000007feb56360) 
thrown [s\src\hotspot\share\prims\jni.cpp, line 520]
Event: 198.668 Thread 0x00000214b37e2270 Exception <a 'java/lang/NoSuchMethodError'{0x000000049b2faf38}: 'java.lang.Object java.lang.invoke.DirectMethodHandle$Holder.invokeSpecial(java.lang.Object, java.lang.Object, java.lang.Object, java.lang.Object, long, long)'> (0x000000049b2faf38) 
thrown [s\src\hotspot\share\interpreter\linkResolver.cpp, line 773]

ZGC Phase Switch (0 events):
No events

VM Operations (20 events):
Event: 226.412 Executing safepoint VM operation: G1PauseRemark done
Event: 226.732 Executing safepoint VM operation: G1PauseCleanup
Event: 226.732 Executing safepoint VM operation: G1PauseCleanup done
Event: 226.855 Executing safepoint VM operation: G1CollectForAllocation (G1 Evacuation Pause)
Event: 226.871 Executing safepoint VM operation: G1CollectForAllocation (G1 Evacuation Pause) done
Event: 227.883 Executing safepoint VM operation: Cleanup
Event: 227.883 Executing safepoint VM operation: Cleanup done
Event: 228.793 Executing safepoint VM operation: G1CollectForAllocation (G1 Evacuation Pause)
Event: 228.833 Executing safepoint VM operation: G1CollectForAllocation (G1 Evacuation Pause) done
Event: 229.483 Executing safepoint VM operation: G1TryInitiateConcMark (G1 Humongous Allocation)
Event: 229.492 Executing safepoint VM operation: G1TryInitiateConcMark (G1 Humongous Allocation) done
Event: 229.810 Executing safepoint VM operation: G1PauseRemark
Event: 229.812 Executing safepoint VM operation: G1PauseRemark done
Event: 229.910 Executing safepoint VM operation: G1PauseCleanup
Event: 229.910 Executing safepoint VM operation: G1PauseCleanup done
Event: 230.468 Executing safepoint VM operation: G1CollectForAllocation (G1 Evacuation Pause)
Event: 230.475 Executing safepoint VM operation: G1CollectForAllocation (G1 Evacuation Pause) done
Event: 231.305 Executing safepoint VM operation: G1CollectForAllocation (G1 Evacuation Pause)
Event: 232.972 Executing safepoint VM operation: G1CollectForAllocation (G1 Evacuation Pause) done
Event: 232.985 Executing safepoint VM operation: G1TryInitiateConcMark (G1 Humongous Allocation)

Memory protections (0 events):
No events

Nmethod flushes (20 events):
Event: 202.638 Thread 0x00000214e07c4f10 flushing  nmethod 0x00000214be378590
Event: 202.638 Thread 0x00000214e07c4f10 flushing  nmethod 0x00000214be37bf10
Event: 202.638 Thread 0x00000214e07c4f10 flushing  nmethod 0x00000214be37fe90
Event: 202.638 Thread 0x00000214e07c4f10 flushing  nmethod 0x00000214be381c90
Event: 202.638 Thread 0x00000214e07c4f10 flushing  nmethod 0x00000214be382190
Event: 202.638 Thread 0x00000214e07c4f10 flushing  nmethod 0x00000214be460d90
Event: 204.134 Thread 0x00000214e07c4f10 flushing  nmethod 0x00000214be3cd190
Event: 204.134 Thread 0x00000214e07c4f10 flushing  nmethod 0x00000214be3cd810
Event: 204.134 Thread 0x00000214e07c4f10 flushing  nmethod 0x00000214be3cff10
Event: 204.134 Thread 0x00000214e07c4f10 flushing  nmethod 0x00000214c0347690
Event: 204.134 Thread 0x00000214e07c4f10 flushing  nmethod 0x00000214be43d310
Event: 204.134 Thread 0x00000214e07c4f10 flushing  nmethod 0x00000214c034da90
Event: 204.134 Thread 0x00000214e07c4f10 flushing  nmethod 0x00000214be301c10
Event: 204.134 Thread 0x00000214e07c4f10 flushing  nmethod 0x00000214be46bf10
Event: 214.196 Thread 0x00000214e07c4f10 flushing  nmethod 0x00000214be3d1590
Event: 214.196 Thread 0x00000214e07c4f10 flushing  nmethod 0x00000214be3dd610
Event: 214.196 Thread 0x00000214e07c4f10 flushing  nmethod 0x00000214be3e5110
Event: 214.196 Thread 0x00000214e07c4f10 flushing  nmethod 0x00000214be2eb890
Event: 226.411 Thread 0x00000214e07c4f10 flushing  nmethod 0x00000214be6ef410
Event: 226.411 Thread 0x00000214e07c4f10 flushing  nmethod 0x00000214be714a90

Events (20 events):
Event: 172.231 Thread 0x00000214b37e2270 Thread added: 0x000002152b968c00
Event: 172.231 Thread 0x00000214b37e2270 Thread added: 0x000002152b965780
Event: 172.986 Thread 0x000002152b967ee0 Thread exited: 0x000002152b967ee0
Event: 177.985 Thread 0x000002153d42a900 Thread exited: 0x000002153d42a900
Event: 186.499 Thread 0x000002152b9671c0 Thread exited: 0x000002152b9671c0
Event: 190.086 Thread 0x000002152b9650f0 Thread exited: 0x000002152b9650f0
Event: 190.086 Thread 0x000002152b968c00 Thread exited: 0x000002152b968c00
Event: 190.086 Thread 0x000002152b965780 Thread exited: 0x000002152b965780
Event: 190.151 Thread 0x00000214e07fec10 Thread added: 0x000002153d42a900
Event: 190.366 Thread 0x000002153d42a900 Thread exited: 0x000002153d42a900
Event: 190.954 Thread 0x00000214e07efcf0 Thread added: 0x000002153d42a900
Event: 190.954 Thread 0x00000214e07efcf0 Thread added: 0x000002153d4286f0
Event: 190.954 Thread 0x00000214e07efcf0 Thread added: 0x000002153d42df80
Event: 192.439 Thread 0x000002153d42df80 Thread exited: 0x000002153d42df80
Event: 198.574 Thread 0x000002153d42a900 Thread exited: 0x000002153d42a900
Event: 198.664 Thread 0x00000214e07fec10 Thread added: 0x000002153d42a900
Event: 198.884 Thread 0x000002153d4286f0 Thread added: 0x000002153d42c440
Event: 200.509 Thread 0x000002153d42a900 Thread exited: 0x000002153d42a900
Event: 201.221 Thread 0x000002153d4286f0 Thread exited: 0x000002153d4286f0
Event: 204.670 Thread 0x000002153d42c440 Thread exited: 0x000002153d42c440


Dynamic libraries:
0x00007ff67c620000 - 0x00007ff67c62e000 	C:\Program Files\Microsoft\jdk-21.0.10.7-hotspot\bin\java.exe
0x00007ffd5ab00000 - 0x00007ffd5ad68000 	C:\WINDOWS\SYSTEM32\ntdll.dll
0x00007ffd59120000 - 0x00007ffd591e9000 	C:\WINDOWS\System32\KERNEL32.DLL
0x00007ffd57f40000 - 0x00007ffd58332000 	C:\WINDOWS\System32\KERNELBASE.dll
0x00007ffd58550000 - 0x00007ffd5869b000 	C:\WINDOWS\System32\ucrtbase.dll
0x00007ffd3a840000 - 0x00007ffd3a858000 	C:\Program Files\Microsoft\jdk-21.0.10.7-hotspot\bin\jli.dll
0x00007ffd30f60000 - 0x00007ffd30f7e000 	C:\Program Files\Microsoft\jdk-21.0.10.7-hotspot\bin\VCRUNTIME140.dll
0x00007ffd59bd0000 - 0x00007ffd59d95000 	C:\WINDOWS\System32\USER32.dll
0x00007ffd3fe40000 - 0x00007ffd400d3000 	C:\WINDOWS\WinSxS\amd64_microsoft.windows.common-controls_6595b64144ccf1df_6.0.26100.6725_none_3e085828e334708b\COMCTL32.dll
0x00007ffd58750000 - 0x00007ffd58777000 	C:\WINDOWS\System32\win32u.dll
0x00007ffd5a750000 - 0x00007ffd5a7f9000 	C:\WINDOWS\System32\msvcrt.dll
0x00007ffd5a870000 - 0x00007ffd5a89b000 	C:\WINDOWS\System32\GDI32.dll
0x00007ffd57c90000 - 0x00007ffd57dbd000 	C:\WINDOWS\System32\gdi32full.dll
0x00007ffd586a0000 - 0x00007ffd58743000 	C:\WINDOWS\System32\msvcp_win.dll
0x00007ffd59290000 - 0x00007ffd592bf000 	C:\WINDOWS\System32\IMM32.DLL
0x00007ffd3efb0000 - 0x00007ffd3efbc000 	C:\Program Files\Microsoft\jdk-21.0.10.7-hotspot\bin\vcruntime140_1.dll
0x00007ffce2c60000 - 0x00007ffce2ce9000 	C:\Program Files\Microsoft\jdk-21.0.10.7-hotspot\bin\msvcp140.dll
0x00007ffcae8e0000 - 0x00007ffcaf68d000 	C:\Program Files\Microsoft\jdk-21.0.10.7-hotspot\bin\server\jvm.dll
0x00007ffd59a30000 - 0x00007ffd59ae4000 	C:\WINDOWS\System32\ADVAPI32.dll
0x00007ffd58f40000 - 0x00007ffd58fe6000 	C:\WINDOWS\System32\sechost.dll
0x00007ffd58ff0000 - 0x00007ffd59108000 	C:\WINDOWS\System32\RPCRT4.dll
0x00007ffd58d60000 - 0x00007ffd58dd4000 	C:\WINDOWS\System32\WS2_32.dll
0x00007ffd57af0000 - 0x00007ffd57b4e000 	C:\WINDOWS\SYSTEM32\POWRPROF.dll
0x00007ffd4ef90000 - 0x00007ffd4ef9b000 	C:\WINDOWS\SYSTEM32\VERSION.dll
0x00007ffd4ed40000 - 0x00007ffd4ed75000 	C:\WINDOWS\SYSTEM32\WINMM.dll
0x00007ffd57ad0000 - 0x00007ffd57ae4000 	C:\WINDOWS\SYSTEM32\UMPDC.dll
0x00007ffd56a20000 - 0x00007ffd56a3b000 	C:\WINDOWS\SYSTEM32\kernel.appcore.dll
0x00007ffd3edc0000 - 0x00007ffd3edca000 	C:\Program Files\Microsoft\jdk-21.0.10.7-hotspot\bin\jimage.dll
0x00007ffd553d0000 - 0x00007ffd55612000 	C:\WINDOWS\SYSTEM32\DBGHELP.DLL
0x00007ffd5a3d0000 - 0x00007ffd5a74b000 	C:\WINDOWS\System32\combase.dll
0x00007ffd59af0000 - 0x00007ffd59bc7000 	C:\WINDOWS\System32\OLEAUT32.dll
0x00007ffd45070000 - 0x00007ffd450ac000 	C:\WINDOWS\SYSTEM32\dbgcore.DLL
0x00007ffd58340000 - 0x00007ffd583d8000 	C:\WINDOWS\System32\bcryptPrimitives.dll
0x00007ffd2fbe0000 - 0x00007ffd2fc01000 	C:\Program Files\Microsoft\jdk-21.0.10.7-hotspot\bin\java.dll
0x00007ffd592d0000 - 0x00007ffd59a1c000 	C:\WINDOWS\System32\SHELL32.dll
0x00007ffd583e0000 - 0x00007ffd5854b000 	C:\WINDOWS\System32\wintypes.dll
0x00007ffd55890000 - 0x00007ffd560ed000 	C:\WINDOWS\SYSTEM32\windows.storage.dll
0x00007ffd5a090000 - 0x00007ffd5a182000 	C:\WINDOWS\System32\SHCORE.dll
0x00007ffd5a800000 - 0x00007ffd5a862000 	C:\WINDOWS\System32\shlwapi.dll
0x00007ffd57bb0000 - 0x00007ffd57bd9000 	C:\WINDOWS\SYSTEM32\profapi.dll
0x00007ffcc3f30000 - 0x00007ffcc4006000 	C:\Program Files\Microsoft\jdk-21.0.10.7-hotspot\bin\jsvml.dll
0x00007ffd304a0000 - 0x00007ffd304b1000 	C:\Program Files\Microsoft\jdk-21.0.10.7-hotspot\bin\net.dll
0x00007ffd507a0000 - 0x00007ffd508bf000 	C:\WINDOWS\SYSTEM32\WINHTTP.dll
0x00007ffd56f70000 - 0x00007ffd56fdb000 	C:\WINDOWS\system32\mswsock.dll
0x00007ffd2ea40000 - 0x00007ffd2ea56000 	C:\Program Files\Microsoft\jdk-21.0.10.7-hotspot\bin\nio.dll
0x00007ffd2db80000 - 0x00007ffd2db98000 	C:\Program Files\Microsoft\jdk-21.0.10.7-hotspot\bin\zip.dll
0x00007ffd3e060000 - 0x00007ffd3e070000 	C:\Program Files\Microsoft\jdk-21.0.10.7-hotspot\bin\verify.dll
0x00007ffd57350000 - 0x00007ffd5736b000 	C:\WINDOWS\SYSTEM32\CRYPTSP.dll
0x00007ffd56980000 - 0x00007ffd569bb000 	C:\WINDOWS\system32\rsaenh.dll
0x00007ffd57010000 - 0x00007ffd5703b000 	C:\WINDOWS\SYSTEM32\USERENV.dll
0x00007ffd57b80000 - 0x00007ffd57ba6000 	C:\WINDOWS\SYSTEM32\bcrypt.dll
0x00007ffd571b0000 - 0x00007ffd571bc000 	C:\WINDOWS\SYSTEM32\CRYPTBASE.dll
0x00007ffd56460000 - 0x00007ffd56494000 	C:\WINDOWS\SYSTEM32\IPHLPAPI.DLL
0x00007ffd59110000 - 0x00007ffd5911a000 	C:\WINDOWS\System32\NSI.dll
0x00007ffd3b310000 - 0x00007ffd3b31e000 	C:\Program Files\Microsoft\jdk-21.0.10.7-hotspot\bin\sunmscapi.dll
0x00007ffd57dc0000 - 0x00007ffd57f37000 	C:\WINDOWS\System32\CRYPT32.dll
0x00007ffd574a0000 - 0x00007ffd574d0000 	C:\WINDOWS\SYSTEM32\ncrypt.dll
0x00007ffd57450000 - 0x00007ffd5748f000 	C:\WINDOWS\SYSTEM32\NTASN1.dll
0x00007ffd56500000 - 0x00007ffd56626000 	C:\WINDOWS\SYSTEM32\DNSAPI.dll
0x00007ffd4fb90000 - 0x00007ffd4fb9b000 	C:\Windows\System32\rasadhlp.dll
0x00007ffd50df0000 - 0x00007ffd50e76000 	C:\WINDOWS\System32\fwpuclnt.dll
0x00007ffd3b010000 - 0x00007ffd3b019000 	C:\Program Files\Microsoft\jdk-21.0.10.7-hotspot\bin\extnet.dll
0x00007ffcfe190000 - 0x00007ffcfe28b000 	C:\Users\Jose\AppData\Local\Temp\sqlite-3.50.3.0-c85ee5ed-7dcd-4dce-a3ed-e050e0157d42-sqlitejdbc.dll
0x00007ffd3a830000 - 0x00007ffd3a83a000 	C:\Program Files\Microsoft\jdk-21.0.10.7-hotspot\bin\management.dll
0x00007ffd33d50000 - 0x00007ffd33d5c000 	C:\Program Files\Microsoft\jdk-21.0.10.7-hotspot\bin\management_ext.dll
0x00007ffd59a20000 - 0x00007ffd59a28000 	C:\WINDOWS\System32\PSAPI.DLL
0x00007ffcd3390000 - 0x00007ffcd3523000 	C:\Program Files\Microsoft\jdk-21.0.10.7-hotspot\bin\awt.dll
0x00007ffd54920000 - 0x00007ffd549bf000 	C:\WINDOWS\SYSTEM32\apphelp.dll
0x00007ffd56b40000 - 0x00007ffd56b76000 	C:\WINDOWS\SYSTEM32\ntmarta.dll
0x00007ffd01dd0000 - 0x00007ffd01e57000 	C:\Program Files\Microsoft\jdk-21.0.10.7-hotspot\bin\freetype.dll
0x00007ffcd3290000 - 0x00007ffcd3381000 	C:\Program Files\Microsoft\jdk-21.0.10.7-hotspot\bin\fontmanager.dll

JVMTI agents: none

dbghelp: loaded successfully - version: 4.0.5 - missing functions: none
symbol engine: initialized successfully - sym options: 0x614 - pdb path: .;C:\Program Files\Microsoft\jdk-21.0.10.7-hotspot\bin;C:\WINDOWS\SYSTEM32;C:\WINDOWS\WinSxS\amd64_microsoft.windows.common-controls_6595b64144ccf1df_6.0.26100.6725_none_3e085828e334708b;C:\Program Files\Microsoft\jdk-21.0.10.7-hotspot\bin\server;C:\Users\Jose\AppData\Local\Temp

VM Arguments:
jvm_args: -Dfile.encoding=UTF-8 
java_command: ..\publisher.jar -ig .
java_class_path (initial): ..\publisher.jar
Launcher Type: SUN_STANDARD

[Global flags]
     intx CICompilerCount                          = 12                                        {product} {ergonomic}
     uint ConcGCThreads                            = 3                                         {product} {ergonomic}
     uint G1ConcRefinementThreads                  = 13                                        {product} {ergonomic}
   size_t G1HeapRegionSize                         = 8388608                                   {product} {ergonomic}
    uintx GCDrainStackTargetSize                   = 64                                        {product} {ergonomic}
   size_t InitialHeapSize                          = 1006632960                                {product} {ergonomic}
   size_t MarkStackSize                            = 4194304                                   {product} {ergonomic}
   size_t MaxHeapSize                              = 16039018496                               {product} {ergonomic}
   size_t MaxNewSize                               = 9621733376                                {product} {ergonomic}
   size_t MinHeapDeltaBytes                        = 8388608                                   {product} {ergonomic}
   size_t MinHeapSize                              = 8388608                                   {product} {ergonomic}
    uintx NonNMethodCodeHeapSize                   = 7602480                                {pd product} {ergonomic}
    uintx NonProfiledCodeHeapSize                  = 122027880                              {pd product} {ergonomic}
    uintx ProfiledCodeHeapSize                     = 122027880                              {pd product} {ergonomic}
    uintx ReservedCodeCacheSize                    = 251658240                              {pd product} {ergonomic}
     bool SegmentedCodeCache                       = true                                      {product} {ergonomic}
   size_t SoftMaxHeapSize                          = 16039018496                            {manageable} {ergonomic}
     bool UseCompressedOops                        = true                           {product lp64_product} {ergonomic}
     bool UseG1GC                                  = true                                      {product} {ergonomic}
     bool UseLargePagesIndividualAllocation        = false                                  {pd product} {ergonomic}

Logging:
Log output configuration:
 #0: stdout all=warning uptime,level,tags foldmultilines=false
 #1: stderr all=off uptime,level,tags foldmultilines=false

Release file:
IMPLEMENTOR="Microsoft" 
IMPLEMENTOR_VERSION="Microsoft-13106404" 
JAVA_RUNTIME_VERSION="21.0.10+7-LTS" 
JAVA_VERSION="21.0.10" 
JAVA_VERSION_DATE="2026-01-20" 
LIBC="default" 
MODULES="java.base java.compiler java.datatransfer java.xml java.prefs java.desktop java.instrument java.logging java.management java.security.sasl java.naming java.rmi java.management.rmi java.net.http java.scripting java.security.jgss java.transaction.xa java.sql java.sql.rowset java.xml.crypto java.se java.smartcardio jdk.accessibility jdk.internal.jvmstat jdk.attach jdk.charsets jdk.internal.opt jdk.zipfs jdk.compiler jdk.crypto.ec jdk.crypto.cryptoki jdk.crypto.mscapi jdk.dynalink jdk.internal.ed jdk.editpad jdk.hotspot.agent jdk.httpserver jdk.incubator.vector jdk.internal.le jdk.internal.vm.ci jdk.internal.vm.compiler jdk.internal.vm.compiler.management jdk.jartool jdk.javadoc jdk.jcmd jdk.management jdk.management.agent jdk.jconsole jdk.jdeps jdk.jdwp.agent jdk.jdi jdk.jfr jdk.jlink jdk.jpackage jdk.jshell jdk.jsobject jdk.jstatd jdk.localedata jdk.management.jfr jdk.naming.dns jdk.naming.rmi jdk.net jdk.nio.mapmode jdk.random jdk.sctp jdk.security.auth jdk.security.jgss jdk.unsupported jdk.unsupported.desktop jdk.xml.dom" 
OS_ARCH="x86_64" 
OS_NAME="Windows" 
SOURCE=".:git:e69b6ef7382e" 

Environment Variables:
JAVA_HOME=C:\work\java\jdk-21
JAVA_TOOL_OPTIONS=-Dfile.encoding=UTF-8
PATH=C:\Program Files\Microsoft\jdk-21.0.10.7-hotspot\bin;C:\Python313\Scripts\;C:\Python313\;C:\Ruby32-x64\bin;C:\WINDOWS\system32;C:\WINDOWS;C:\WINDOWS\System32\Wbem;C:\WINDOWS\System32\WindowsPowerShell\v1.0\;C:\WINDOWS\System32\OpenSSH\;C:\Recovery\OEM\Backup\;c:\work\jdk-17.0.7\bin;C:\ProgramData\chocolatey\bin;C:\Program Files\VSCodium\bin;C:\Program Files\Git\cmd;C:\Program Files\maven\bin;C:\Program Files\Meld\;C:\WINDOWS\system32;C:\WINDOWS;C:\WINDOWS\System32\Wbem;C:\WINDOWS\System32\WindowsPowerShell\v1.0\;C:\WINDOWS\System32\OpenSSH\;C:\Users\Jose\AppData\Local\nvm;C:\nvm4w\nodejs;C:\Program Files\Go\bin;C:\Program Files\Git LFS;C:\Program Files\Docker\Docker\resources\bin;C:\Program Files\dotnet\;C:\Users\Jose\AppData\Local\Microsoft\WindowsApps;C:\Users\Jose\AppData\Local\GitHubDesktop\bin;C:\Users\Jose\AppData\Roaming\npm;C:\Program Files\7-Zip;C:\Users\Jose\AppData\Local\nvm;C:\nvm4w\nodejs;C:\Users\Jose\AppData\Local\Programs\Microsoft VS Code\bin;C:\Users\Jose\go\bin
USERNAME=Jose
LANG=en_US.UTF-8
OS=Windows_NT
PROCESSOR_IDENTIFIER=AMD64 Family 25 Model 116 Stepping 1, AuthenticAMD
TMP=C:\Users\Jose\AppData\Local\Temp
TEMP=C:\Users\Jose\AppData\Local\Temp




Periodic native trim disabled

---------------  S Y S T E M  ---------------

OS:
 Windows 11 , 64 bit Build 26100 (10.0.26100.6725)
OS uptime: 10 days 5:52 hours
Hyper-V role detected

CPU: total 16 (initial active 16) (16 cores per cpu, 2 threads per core) family 25 model 116 stepping 1 microcode 0xa704103, cx8, cmov, fxsr, ht, mmx, 3dnowpref, sse, sse2, sse3, ssse3, sse4a, sse4.1, sse4.2, popcnt, lzcnt, tsc, tscinvbit, avx, avx2, aes, erms, clmul, bmi1, bmi2, adx, avx512f, avx512dq, avx512cd, avx512bw, avx512vl, sha, fma, vzeroupper, avx512_vpopcntdq, avx512_vpclmulqdq, avx512_vaes, avx512_vnni, clflush, clflushopt, avx512_vbmi2, avx512_vbmi, hv, rdtscp, rdpid, gfni, avx512_bitalg, f16c, cet_ss, avx512_ifma
Processor Information for the first 16 processors :
  Max Mhz: 4001, Current Mhz: 4001, Mhz Limit: 4001

Memory: 4k page, system-wide physical 61153M (4M free)
TotalPageFile size 197598M (AvailPageFile size 4517M)
current process WorkingSet (physical memory assigned to process): 3418M, peak: 3418M
current process commit charge ("private bytes"): 3672M, peak: 8208M

vm_info: OpenJDK 64-Bit Server VM (21.0.10+7-LTS) for windows-amd64 JRE (21.0.10+7-LTS), built on 2026-01-15T18:39:42Z by "MicrosoftCorporation" with MS VC++ 17.14 (VS2022)

END.
