#
# There is insufficient memory for the Java Runtime Environment to continue.
# Native memory allocation (mmap) failed to map 4940890112 bytes. Error detail: G1 virtual space
# Possible reasons:
#   The system is out of physical RAM or swap space
#   This process is running with CompressedOops enabled, and the Java Heap may be blocking the growth of the native heap
# Possible solutions:
#   Reduce memory load on the system
#   Increase physical memory or swap space
#   Check if swap backing store is full
#   Decrease Java heap size (-Xmx/-Xms)
#   Decrease number of Java threads
#   Decrease Java thread stack sizes (-Xss)
#   Set larger code cache with -XX:ReservedCodeCacheSize=
#   JVM is running with Zero Based Compressed Oops mode in which the Java heap is
#     placed in the first 32GB address space. The Java Heap base address is the
#     maximum limit for the native heap growth. Please use -XX:HeapBaseMinAddress
#     to set the Java Heap base and to place the Java Heap above 32GB virtual address.
# This output file may be truncated or incomplete.
#
#  Out of Memory Error (os_windows.cpp:3737), pid=3099112, tid=3098100
#
# JRE version: OpenJDK Runtime Environment Microsoft-13106404 (21.0.10+7) (build 21.0.10+7-LTS)
# Java VM: OpenJDK 64-Bit Server VM Microsoft-13106404 (21.0.10+7-LTS, mixed mode, sharing, tiered, compressed oops, compressed class ptrs, g1 gc, windows-amd64)
# No core dump will be written. Minidumps are not enabled by default on client versions of Windows
#

---------------  S U M M A R Y ------------

Command Line: -Dfile.encoding=UTF-8 ..\publisher.jar -ig .

Host: AMD Ryzen 9 7940HS w/ Radeon 780M Graphics     , 16 cores, 59G,  Windows 11 , 64 bit Build 26100 (10.0.26100.6725)
Time: Wed Mar 18 10:54:16 2026 Romance Standard Time elapsed time: 111.053775 seconds (0d 0h 1m 51s)

---------------  T H R E A D  ---------------

Current thread (0x0000016375276e10):  VMThread "VM Thread"          [id=3098100, stack(0x000000470c300000,0x000000470c400000) (1024K)]

Stack: [0x000000470c300000,0x000000470c400000]
Native frames: (J=compiled Java code, j=interpreted, Vv=VM code, C=native code)
V  [jvm.dll+0x6dfe69]  (no source info available)
V  [jvm.dll+0x8bfe4b]  (no source info available)
V  [jvm.dll+0x8c23da]  (no source info available)
V  [jvm.dll+0x8c2ab3]  (no source info available)
V  [jvm.dll+0x28a9e6]  (no source info available)
V  [jvm.dll+0x6df315]  (no source info available)
V  [jvm.dll+0x6d325a]  (no source info available)
V  [jvm.dll+0x367a0e]  (no source info available)
V  [jvm.dll+0x36f8db]  (no source info available)
V  [jvm.dll+0x3c13a9]  (no source info available)
V  [jvm.dll+0x3c164b]  (no source info available)
V  [jvm.dll+0x33b2c7]  (no source info available)
V  [jvm.dll+0x33b357]  (no source info available)
V  [jvm.dll+0x38014c]  (no source info available)
V  [jvm.dll+0x37e92e]  (no source info available)
V  [jvm.dll+0x33aa21]  (no source info available)
V  [jvm.dll+0x37e358]  (no source info available)
V  [jvm.dll+0x8c881f]  (no source info available)
V  [jvm.dll+0x8c9d03]  (no source info available)
V  [jvm.dll+0x8ca274]  (no source info available)
V  [jvm.dll+0x8ca373]  (no source info available)
V  [jvm.dll+0x86ab8d]  (no source info available)
V  [jvm.dll+0x6e141d]  (no source info available)
C  [ucrtbase.dll+0x37b0]  (no source info available)
C  [KERNEL32.DLL+0x2e8d7]  (no source info available)
C  [ntdll.dll+0x8c53c]  (no source info available)

VM_Operation (0x000000470bcfd230): G1TryInitiateConcMark, mode: safepoint, requested by thread 0x00000163571520a0


---------------  P R O C E S S  ---------------

Threads class SMR info:
_java_thread_list=0x0000016355fc8000, length=13, elements={
0x00000163571520a0, 0x0000016375294850, 0x00000163752977b0, 0x0000016375298300,
0x0000016375298f80, 0x00000163752a1d50, 0x00000163752c32a0, 0x00000163752c73b0,
0x0000016350091fe0, 0x0000016350274d70, 0x0000016350279800, 0x000001637b8d6620,
0x0000016382e6f0c0
}

Java Threads: ( => current thread )
  0x00000163571520a0 JavaThread "main"                              [_thread_blocked, id=3096328, stack(0x000000470bc00000,0x000000470bd00000) (1024K)]
  0x0000016375294850 JavaThread "Reference Handler"          daemon [_thread_blocked, id=3096836, stack(0x000000470c400000,0x000000470c500000) (1024K)]
  0x00000163752977b0 JavaThread "Finalizer"                  daemon [_thread_blocked, id=3098600, stack(0x000000470c500000,0x000000470c600000) (1024K)]
  0x0000016375298300 JavaThread "Signal Dispatcher"          daemon [_thread_blocked, id=3090220, stack(0x000000470c600000,0x000000470c700000) (1024K)]
  0x0000016375298f80 JavaThread "Attach Listener"            daemon [_thread_blocked, id=3089864, stack(0x000000470c700000,0x000000470c800000) (1024K)]
  0x00000163752a1d50 JavaThread "Service Thread"             daemon [_thread_blocked, id=3089264, stack(0x000000470c800000,0x000000470c900000) (1024K)]
  0x00000163752c32a0 JavaThread "Monitor Deflation Thread"   daemon [_thread_blocked, id=3033376, stack(0x000000470c900000,0x000000470ca00000) (1024K)]
  0x00000163752c73b0 JavaThread "C2 CompilerThread0"         daemon [_thread_blocked, id=3091068, stack(0x000000470ca00000,0x000000470cb00000) (1024K)]
  0x0000016350091fe0 JavaThread "C1 CompilerThread0"         daemon [_thread_blocked, id=3076128, stack(0x000000470cb00000,0x000000470cc00000) (1024K)]
  0x0000016350274d70 JavaThread "Notification Thread"        daemon [_thread_blocked, id=3095316, stack(0x000000470cd00000,0x000000470ce00000) (1024K)]
  0x0000016350279800 JavaThread "Common-Cleaner"             daemon [_thread_blocked, id=3096588, stack(0x000000470ce00000,0x000000470cf00000) (1024K)]
  0x000001637b8d6620 JavaThread "OkHttp TaskRunner"          daemon [_thread_blocked, id=3097944, stack(0x000000470b900000,0x000000470ba00000) (1024K)]
  0x0000016382e6f0c0 JavaThread "Java2D Disposer"            daemon [_thread_blocked, id=3093764, stack(0x000000470e600000,0x000000470e700000) (1024K)]
Total: 13

Other Threads:
=>0x0000016375276e10 VMThread "VM Thread"                           [id=3098100, stack(0x000000470c300000,0x000000470c400000) (1024K)]
  0x0000016350081920 WatcherThread "VM Periodic Task Thread"        [id=3074180, stack(0x000000470c200000,0x000000470c300000) (1024K)]
  0x000001637510cc10 WorkerThread "GC Thread#0"                     [id=3097236, stack(0x000000470bd00000,0x000000470be00000) (1024K)]
  0x0000016375276300 WorkerThread "GC Thread#1"                     [id=3099364, stack(0x000000470d600000,0x000000470d700000) (1024K)]
  0x00000163752766b0 WorkerThread "GC Thread#2"                     [id=3096800, stack(0x000000470d700000,0x000000470d800000) (1024K)]
  0x0000016375276a60 WorkerThread "GC Thread#3"                     [id=3096892, stack(0x000000470d800000,0x000000470d900000) (1024K)]
  0x0000016350b2eb10 WorkerThread "GC Thread#4"                     [id=3098244, stack(0x000000470d900000,0x000000470da00000) (1024K)]
  0x0000016350b2cd90 WorkerThread "GC Thread#5"                     [id=3097244, stack(0x000000470da00000,0x000000470db00000) (1024K)]
  0x0000016350b2d140 WorkerThread "GC Thread#6"                     [id=3092528, stack(0x000000470db00000,0x000000470dc00000) (1024K)]
  0x0000016350b2e000 WorkerThread "GC Thread#7"                     [id=3087320, stack(0x000000470dc00000,0x000000470dd00000) (1024K)]
  0x0000016350b2f9d0 WorkerThread "GC Thread#8"                     [id=3065688, stack(0x000000470dd00000,0x000000470de00000) (1024K)]
  0x0000016350b2fd80 WorkerThread "GC Thread#9"                     [id=3099596, stack(0x000000470de00000,0x000000470df00000) (1024K)]
  0x0000016350b2dc50 WorkerThread "GC Thread#10"                    [id=3098868, stack(0x000000470df00000,0x000000470e000000) (1024K)]
  0x0000016350b2f620 WorkerThread "GC Thread#11"                    [id=3092324, stack(0x000000470e000000,0x000000470e100000) (1024K)]
  0x0000016350b2e3b0 WorkerThread "GC Thread#12"                    [id=3097816, stack(0x000000470e100000,0x000000470e200000) (1024K)]
  0x0000016359616fc0 ConcurrentGCThread "G1 Main Marker"            [id=3098556, stack(0x000000470be00000,0x000000470bf00000) (1024K)]
  0x0000016359618ab0 WorkerThread "G1 Conc#0"                       [id=3091032, stack(0x000000470bf00000,0x000000470c000000) (1024K)]
  0x0000016350b2d8a0 WorkerThread "G1 Conc#1"                       [id=1298392, stack(0x000000470cc00000,0x000000470cd00000) (1024K)]
  0x0000016350b2c9e0 WorkerThread "G1 Conc#2"                       [id=3098592, stack(0x000000470cf00000,0x000000470d000000) (1024K)]
  0x00000163751b4d50 ConcurrentGCThread "G1 Refine#0"               [id=3086056, stack(0x000000470c000000,0x000000470c100000) (1024K)]
  0x00000163751b5770 ConcurrentGCThread "G1 Service"                [id=3095468, stack(0x000000470c100000,0x000000470c200000) (1024K)]
Total: 21

Threads with active compile tasks:
Total: 0

VM state: at safepoint (normal execution)

VM Mutex/Monitor currently owned by a thread:  ([mutex/lock_event])
[0x00007ffc9ef4b8a0] Threads_lock - owner thread: 0x0000016375276e10
[0x00007ffc9ef4b9a0] Heap_lock - owner thread: 0x00000163571520a0

Heap address: 0x0000000444000000, size: 15296 MB, Compressed Oops mode: Zero based, Oop shift amount: 3

CDS archive(s) mapped at: [0x000001630f000000-0x000001630fc80000-0x000001630fc80000), size 13107200, SharedBaseAddress: 0x000001630f000000, ArchiveRelocationMode: 1.
Compressed class space mapped at: 0x0000016310000000-0x0000016350000000, reserved size: 1073741824
Narrow klass base: 0x000001630f000000, Narrow klass shift: 0, Narrow klass range: 0x100000000

GC Precious Log:
 CardTable entry size: 512
 Card Set container configuration: InlinePtr #cards 4 size 8 Array Of Cards #cards 64 size 144 Howl #buckets 8 coarsen threshold 14745 Howl Bitmap #cards 2048 size 272 coarsen threshold 1843 Card regions per heap region 1 cards per card region 16384
 CPUs: 16 total, 16 available
 Memory: 61153M
 Large Page Support: Disabled
 NUMA Support: Disabled
 Compressed Oops: Enabled (Zero based)
 Heap Region Size: 8M
 Heap Min Capacity: 8M
 Heap Initial Capacity: 960M
 Heap Max Capacity: 15296M
 Pre-touch: Disabled
 Parallel Workers: 13
 Concurrent Workers: 3
 Concurrent Refinement Workers: 13
 Periodic GC: Disabled

Heap:
 garbage-first heap   total 3612672K, used 800288K [0x0000000444000000, 0x0000000800000000)
  region size 8192K, 5 young (40960K), 5 survivors (40960K)
 Metaspace       used 149799K, committed 150464K, reserved 1245184K
  class space    used 13390K, committed 13696K, reserved 1048576K

Heap Regions: E=young(eden), S=young(survivor), O=old, HS=humongous(starts), HC=humongous(continues), CS=collection set, F=free, TAMS=top-at-mark-start, PB=parsable bottom
|   0|0x0000000444000000, 0x0000000444800000, 0x0000000444800000|100%| O|  |TAMS 0x0000000444800000| PB 0x0000000444000000| Untracked 
|   1|0x0000000444800000, 0x0000000445000000, 0x0000000445000000|100%| O|  |TAMS 0x0000000445000000| PB 0x0000000444800000| Untracked 
|   2|0x0000000445000000, 0x0000000445800000, 0x0000000445800000|100%|HS|  |TAMS 0x0000000445800000| PB 0x0000000445000000| Complete 
|   3|0x0000000445800000, 0x0000000446000000, 0x0000000446000000|100%|HC|  |TAMS 0x0000000446000000| PB 0x0000000445800000| Complete 
|   4|0x0000000446000000, 0x0000000446800000, 0x0000000446800000|100%| O|  |TAMS 0x0000000446800000| PB 0x0000000446000000| Untracked 
|   5|0x0000000446800000, 0x0000000446ffffd0, 0x0000000447000000| 99%| O|  |TAMS 0x0000000446ffffd0| PB 0x0000000446800000| Untracked 
|   6|0x0000000447000000, 0x0000000447800000, 0x0000000447800000|100%| O|  |TAMS 0x0000000447800000| PB 0x0000000447000000| Untracked 
|   7|0x0000000447800000, 0x0000000448000000, 0x0000000448000000|100%| O|  |TAMS 0x0000000448000000| PB 0x0000000447800000| Untracked 
|   8|0x0000000448000000, 0x0000000448800000, 0x0000000448800000|100%| O|  |TAMS 0x0000000448800000| PB 0x0000000448000000| Untracked 
|   9|0x0000000448800000, 0x0000000449000000, 0x0000000449000000|100%| O|  |TAMS 0x0000000449000000| PB 0x0000000448800000| Untracked 
|  10|0x0000000449000000, 0x00000004497fffc8, 0x0000000449800000| 99%| O|  |TAMS 0x00000004497fffc8| PB 0x0000000449000000| Untracked 
|  11|0x0000000449800000, 0x0000000449ffffc0, 0x000000044a000000| 99%| O|  |TAMS 0x0000000449ffffc0| PB 0x0000000449800000| Untracked 
|  12|0x000000044a000000, 0x000000044a800000, 0x000000044a800000|100%| O|  |TAMS 0x000000044a800000| PB 0x000000044a000000| Untracked 
|  13|0x000000044a800000, 0x000000044b000000, 0x000000044b000000|100%| O|  |TAMS 0x000000044b000000| PB 0x000000044a800000| Untracked 
|  14|0x000000044b000000, 0x000000044b7fffa0, 0x000000044b800000| 99%| O|  |TAMS 0x000000044b7fffa0| PB 0x000000044b000000| Untracked 
|  15|0x000000044b800000, 0x000000044c000000, 0x000000044c000000|100%| O|  |TAMS 0x000000044c000000| PB 0x000000044b800000| Untracked 
|  16|0x000000044c000000, 0x000000044c800000, 0x000000044c800000|100%| O|  |TAMS 0x000000044c800000| PB 0x000000044c000000| Untracked 
|  17|0x000000044c800000, 0x000000044d000000, 0x000000044d000000|100%| O|  |TAMS 0x000000044d000000| PB 0x000000044c800000| Untracked 
|  18|0x000000044d000000, 0x000000044d7fffe0, 0x000000044d800000| 99%| O|  |TAMS 0x000000044d7fffe0| PB 0x000000044d000000| Untracked 
|  19|0x000000044d800000, 0x000000044e000000, 0x000000044e000000|100%| O|  |TAMS 0x000000044e000000| PB 0x000000044d800000| Untracked 
|  20|0x000000044e000000, 0x000000044e7ffff8, 0x000000044e800000| 99%| O|  |TAMS 0x000000044e7ffff8| PB 0x000000044e000000| Untracked 
|  21|0x000000044e800000, 0x000000044effffd8, 0x000000044f000000| 99%| O|  |TAMS 0x000000044effffd8| PB 0x000000044e800000| Untracked 
|  22|0x000000044f000000, 0x000000044f800000, 0x000000044f800000|100%| O|  |TAMS 0x000000044f800000| PB 0x000000044f000000| Untracked 
|  23|0x000000044f800000, 0x0000000450000000, 0x0000000450000000|100%| O|  |TAMS 0x0000000450000000| PB 0x000000044f800000| Untracked 
|  24|0x0000000450000000, 0x0000000450800000, 0x0000000450800000|100%| O|  |TAMS 0x0000000450800000| PB 0x0000000450000000| Untracked 
|  25|0x0000000450800000, 0x0000000451000000, 0x0000000451000000|100%| O|  |TAMS 0x0000000451000000| PB 0x0000000450800000| Untracked 
|  26|0x0000000451000000, 0x0000000451800000, 0x0000000451800000|100%| O|  |TAMS 0x0000000451800000| PB 0x0000000451000000| Untracked 
|  27|0x0000000451800000, 0x0000000451ffffd8, 0x0000000452000000| 99%| O|  |TAMS 0x0000000451ffffd8| PB 0x0000000451800000| Untracked 
|  28|0x0000000452000000, 0x00000004527fffd0, 0x0000000452800000| 99%| O|  |TAMS 0x00000004527fffd0| PB 0x0000000452000000| Untracked 
|  29|0x0000000452800000, 0x0000000453000000, 0x0000000453000000|100%| O|  |TAMS 0x0000000453000000| PB 0x0000000452800000| Untracked 
|  30|0x0000000453000000, 0x00000004537ffff8, 0x0000000453800000| 99%| O|  |TAMS 0x00000004537ffff8| PB 0x0000000453000000| Untracked 
|  31|0x0000000453800000, 0x0000000453fffff8, 0x0000000454000000| 99%| O|  |TAMS 0x0000000453fffff8| PB 0x0000000453800000| Untracked 
|  32|0x0000000454000000, 0x00000004547fffe8, 0x0000000454800000| 99%| O|  |TAMS 0x00000004547fffe8| PB 0x0000000454000000| Untracked 
|  33|0x0000000454800000, 0x0000000454fffff0, 0x0000000455000000| 99%| O|  |TAMS 0x0000000454fffff0| PB 0x0000000454800000| Untracked 
|  34|0x0000000455000000, 0x00000004557ffff0, 0x0000000455800000| 99%| O|  |TAMS 0x00000004557ffff0| PB 0x0000000455000000| Untracked 
|  35|0x0000000455800000, 0x0000000456000000, 0x0000000456000000|100%| O|  |TAMS 0x0000000456000000| PB 0x0000000455800000| Untracked 
|  36|0x0000000456000000, 0x0000000456800000, 0x0000000456800000|100%| O|  |TAMS 0x0000000456800000| PB 0x0000000456000000| Untracked 
|  37|0x0000000456800000, 0x0000000457000000, 0x0000000457000000|100%| O|  |TAMS 0x0000000457000000| PB 0x0000000456800000| Untracked 
|  38|0x0000000457000000, 0x0000000457800000, 0x0000000457800000|100%| O|  |TAMS 0x0000000457800000| PB 0x0000000457000000| Untracked 
|  39|0x0000000457800000, 0x0000000458000000, 0x0000000458000000|100%| O|  |TAMS 0x0000000458000000| PB 0x0000000457800000| Untracked 
|  40|0x0000000458000000, 0x00000004587ffff8, 0x0000000458800000| 99%| O|  |TAMS 0x00000004587ffff8| PB 0x0000000458000000| Untracked 
|  41|0x0000000458800000, 0x0000000459000000, 0x0000000459000000|100%| O|  |TAMS 0x0000000459000000| PB 0x0000000458800000| Untracked 
|  42|0x0000000459000000, 0x0000000459800000, 0x0000000459800000|100%| O|  |TAMS 0x0000000459800000| PB 0x0000000459000000| Untracked 
|  43|0x0000000459800000, 0x000000045a000000, 0x000000045a000000|100%| O|  |TAMS 0x000000045a000000| PB 0x0000000459800000| Untracked 
|  44|0x000000045a000000, 0x000000045a7fffe0, 0x000000045a800000| 99%| O|  |TAMS 0x000000045a7fffe0| PB 0x000000045a000000| Untracked 
|  45|0x000000045a800000, 0x000000045b000000, 0x000000045b000000|100%| O|  |TAMS 0x000000045b000000| PB 0x000000045a800000| Untracked 
|  46|0x000000045b000000, 0x000000045b800000, 0x000000045b800000|100%| O|  |TAMS 0x000000045b800000| PB 0x000000045b000000| Untracked 
|  47|0x000000045b800000, 0x000000045c000000, 0x000000045c000000|100%| O|  |TAMS 0x000000045c000000| PB 0x000000045b800000| Untracked 
|  48|0x000000045c000000, 0x000000045c800000, 0x000000045c800000|100%| O|  |TAMS 0x000000045c800000| PB 0x000000045c000000| Untracked 
|  49|0x000000045c800000, 0x000000045cfffff8, 0x000000045d000000| 99%| O|  |TAMS 0x000000045cfffff8| PB 0x000000045c800000| Untracked 
|  50|0x000000045d000000, 0x000000045d800000, 0x000000045d800000|100%| O|  |TAMS 0x000000045d800000| PB 0x000000045d000000| Untracked 
|  51|0x000000045d800000, 0x000000045dfffff8, 0x000000045e000000| 99%| O|  |TAMS 0x000000045dfffff8| PB 0x000000045d800000| Untracked 
|  52|0x000000045e000000, 0x000000045e800000, 0x000000045e800000|100%| O|  |TAMS 0x000000045e800000| PB 0x000000045e000000| Untracked 
|  53|0x000000045e800000, 0x000000045f000000, 0x000000045f000000|100%| O|  |TAMS 0x000000045f000000| PB 0x000000045e800000| Untracked 
|  54|0x000000045f000000, 0x000000045f800000, 0x000000045f800000|100%| O|  |TAMS 0x000000045f800000| PB 0x000000045f000000| Untracked 
|  55|0x000000045f800000, 0x0000000460000000, 0x0000000460000000|100%| O|  |TAMS 0x0000000460000000| PB 0x000000045f800000| Untracked 
|  56|0x0000000460000000, 0x0000000460800000, 0x0000000460800000|100%| O|  |TAMS 0x0000000460800000| PB 0x0000000460000000| Untracked 
|  57|0x0000000460800000, 0x0000000461000000, 0x0000000461000000|100%| O|  |TAMS 0x0000000461000000| PB 0x0000000460800000| Untracked 
|  58|0x0000000461000000, 0x0000000461800000, 0x0000000461800000|100%| O|  |TAMS 0x0000000461800000| PB 0x0000000461000000| Untracked 
|  59|0x0000000461800000, 0x0000000461fffff0, 0x0000000462000000| 99%| O|  |TAMS 0x0000000461fffff0| PB 0x0000000461800000| Untracked 
|  60|0x0000000462000000, 0x0000000462800000, 0x0000000462800000|100%| O|  |TAMS 0x0000000462800000| PB 0x0000000462000000| Untracked 
|  61|0x0000000462800000, 0x0000000463000000, 0x0000000463000000|100%| O|  |TAMS 0x0000000463000000| PB 0x0000000462800000| Untracked 
|  62|0x0000000463000000, 0x0000000463800000, 0x0000000463800000|100%| O|  |TAMS 0x0000000463800000| PB 0x0000000463000000| Untracked 
|  63|0x0000000463800000, 0x0000000464000000, 0x0000000464000000|100%| O|  |TAMS 0x0000000464000000| PB 0x0000000463800000| Untracked 
|  64|0x0000000464000000, 0x0000000464800000, 0x0000000464800000|100%| O|  |TAMS 0x0000000464800000| PB 0x0000000464000000| Untracked 
|  65|0x0000000464800000, 0x0000000465000000, 0x0000000465000000|100%| O|  |TAMS 0x0000000465000000| PB 0x0000000464800000| Untracked 
|  66|0x0000000465000000, 0x00000004657fffc8, 0x0000000465800000| 99%| O|  |TAMS 0x00000004657fffc8| PB 0x0000000465000000| Untracked 
|  67|0x0000000465800000, 0x0000000465fffff0, 0x0000000466000000| 99%| O|  |TAMS 0x0000000465fffff0| PB 0x0000000465800000| Untracked 
|  68|0x0000000466000000, 0x00000004667fffe0, 0x0000000466800000| 99%| O|  |TAMS 0x00000004667fffe0| PB 0x0000000466000000| Untracked 
|  69|0x0000000466800000, 0x0000000467000000, 0x0000000467000000|100%| O|  |TAMS 0x0000000467000000| PB 0x0000000466800000| Untracked 
|  70|0x0000000467000000, 0x0000000467800000, 0x0000000467800000|100%| O|  |TAMS 0x0000000467800000| PB 0x0000000467000000| Untracked 
|  71|0x0000000467800000, 0x0000000468000000, 0x0000000468000000|100%| O|  |TAMS 0x0000000468000000| PB 0x0000000467800000| Untracked 
|  72|0x0000000468000000, 0x0000000468800000, 0x0000000468800000|100%| O|  |TAMS 0x0000000468800000| PB 0x0000000468000000| Untracked 
|  73|0x0000000468800000, 0x0000000469000000, 0x0000000469000000|100%| O|  |TAMS 0x0000000469000000| PB 0x0000000468800000| Untracked 
|  74|0x0000000469000000, 0x0000000469800000, 0x0000000469800000|100%| O|  |TAMS 0x0000000469800000| PB 0x0000000469000000| Untracked 
|  75|0x0000000469800000, 0x000000046a000000, 0x000000046a000000|100%| O|  |TAMS 0x000000046a000000| PB 0x0000000469800000| Untracked 
|  76|0x000000046a000000, 0x000000046a000000, 0x000000046a800000|  0%| F|  |TAMS 0x000000046a000000| PB 0x000000046a000000| Untracked 
|  77|0x000000046a800000, 0x000000046b000000, 0x000000046b000000|100%| O|  |TAMS 0x000000046b000000| PB 0x000000046a800000| Untracked 
|  78|0x000000046b000000, 0x000000046b800000, 0x000000046b800000|100%| O|  |TAMS 0x000000046b800000| PB 0x000000046b000000| Untracked 
|  79|0x000000046b800000, 0x000000046c000000, 0x000000046c000000|100%| O|  |TAMS 0x000000046c000000| PB 0x000000046b800000| Untracked 
|  80|0x000000046c000000, 0x000000046c56e068, 0x000000046c800000| 67%| O|  |TAMS 0x000000046c56e068| PB 0x000000046c000000| Untracked 
|  81|0x000000046c800000, 0x000000046d000000, 0x000000046d000000|100%| O|  |TAMS 0x000000046d000000| PB 0x000000046c800000| Untracked 
|  82|0x000000046d000000, 0x000000046d000000, 0x000000046d800000|  0%| F|  |TAMS 0x000000046d000000| PB 0x000000046d000000| Untracked 
|  83|0x000000046d800000, 0x000000046d800000, 0x000000046e000000|  0%| F|  |TAMS 0x000000046d800000| PB 0x000000046d800000| Untracked 
|  84|0x000000046e000000, 0x000000046e000000, 0x000000046e800000|  0%| F|  |TAMS 0x000000046e000000| PB 0x000000046e000000| Untracked 
|  85|0x000000046e800000, 0x000000046edecb50, 0x000000046f000000| 74%| O|  |TAMS 0x000000046edecb50| PB 0x000000046e800000| Untracked 
|  86|0x000000046f000000, 0x000000046f75b310, 0x000000046f800000| 91%| O|  |TAMS 0x000000046f75b310| PB 0x000000046f000000| Untracked 
|  87|0x000000046f800000, 0x000000046f800000, 0x0000000470000000|  0%| F|  |TAMS 0x000000046f800000| PB 0x000000046f800000| Untracked 
|  88|0x0000000470000000, 0x00000004707b6430, 0x0000000470800000| 96%| O|  |TAMS 0x00000004707b6430| PB 0x0000000470000000| Untracked 
|  89|0x0000000470800000, 0x0000000470ffffd0, 0x0000000471000000| 99%| O|  |TAMS 0x0000000470ffffd0| PB 0x0000000470800000| Untracked 
|  90|0x0000000471000000, 0x00000004717ffff0, 0x0000000471800000| 99%| O|  |TAMS 0x00000004717ffff0| PB 0x0000000471000000| Untracked 
|  91|0x0000000471800000, 0x0000000472000000, 0x0000000472000000|100%| O|  |TAMS 0x0000000472000000| PB 0x0000000471800000| Untracked 
|  92|0x0000000472000000, 0x0000000472800000, 0x0000000472800000|100%| O|  |TAMS 0x0000000472800000| PB 0x0000000472000000| Untracked 
|  93|0x0000000472800000, 0x0000000472800000, 0x0000000473000000|  0%| F|  |TAMS 0x0000000472800000| PB 0x0000000472800000| Untracked 
|  94|0x0000000473000000, 0x0000000473000000, 0x0000000473800000|  0%| F|  |TAMS 0x0000000473000000| PB 0x0000000473000000| Untracked 
|  95|0x0000000473800000, 0x0000000473800000, 0x0000000474000000|  0%| F|  |TAMS 0x0000000473800000| PB 0x0000000473800000| Untracked 
|  96|0x0000000474000000, 0x0000000474800000, 0x0000000474800000|100%| O|  |TAMS 0x0000000474800000| PB 0x0000000474000000| Untracked 
|  97|0x0000000474800000, 0x0000000474800000, 0x0000000475000000|  0%| F|  |TAMS 0x0000000474800000| PB 0x0000000474800000| Untracked 
|  98|0x0000000475000000, 0x0000000475000000, 0x0000000475800000|  0%| F|  |TAMS 0x0000000475000000| PB 0x0000000475000000| Untracked 
|  99|0x0000000475800000, 0x0000000475800000, 0x0000000476000000|  0%| F|  |TAMS 0x0000000475800000| PB 0x0000000475800000| Untracked 
| 100|0x0000000476000000, 0x0000000476000000, 0x0000000476800000|  0%| F|  |TAMS 0x0000000476000000| PB 0x0000000476000000| Untracked 
| 101|0x0000000476800000, 0x0000000477000000, 0x0000000477000000|100%| O|  |TAMS 0x0000000477000000| PB 0x0000000476800000| Untracked 
| 102|0x0000000477000000, 0x0000000477800000, 0x0000000477800000|100%| O|  |TAMS 0x0000000477800000| PB 0x0000000477000000| Untracked 
| 103|0x0000000477800000, 0x0000000477800000, 0x0000000478000000|  0%| F|  |TAMS 0x0000000477800000| PB 0x0000000477800000| Untracked 
| 104|0x0000000478000000, 0x0000000478000000, 0x0000000478800000|  0%| F|  |TAMS 0x0000000478000000| PB 0x0000000478000000| Untracked 
| 105|0x0000000478800000, 0x0000000478800000, 0x0000000479000000|  0%| F|  |TAMS 0x0000000478800000| PB 0x0000000478800000| Untracked 
| 106|0x0000000479000000, 0x0000000479000000, 0x0000000479800000|  0%| F|  |TAMS 0x0000000479000000| PB 0x0000000479000000| Untracked 
| 107|0x0000000479800000, 0x0000000479800000, 0x000000047a000000|  0%| F|  |TAMS 0x0000000479800000| PB 0x0000000479800000| Untracked 
| 108|0x000000047a000000, 0x000000047a000000, 0x000000047a800000|  0%| F|  |TAMS 0x000000047a000000| PB 0x000000047a000000| Untracked 
| 109|0x000000047a800000, 0x000000047b000000, 0x000000047b000000|100%|HS|  |TAMS 0x000000047b000000| PB 0x000000047a800000| Complete 
| 110|0x000000047b000000, 0x000000047b800000, 0x000000047b800000|100%|HC|  |TAMS 0x000000047b800000| PB 0x000000047b000000| Complete 
| 111|0x000000047b800000, 0x000000047b800000, 0x000000047c000000|  0%| F|  |TAMS 0x000000047b800000| PB 0x000000047b800000| Untracked 
| 112|0x000000047c000000, 0x000000047c0459c0, 0x000000047c800000|  3%| O|  |TAMS 0x000000047c0459c0| PB 0x000000047c000000| Untracked 
| 113|0x000000047c800000, 0x000000047c800000, 0x000000047d000000|  0%| F|  |TAMS 0x000000047c800000| PB 0x000000047c800000| Untracked 
| 114|0x000000047d000000, 0x000000047d000000, 0x000000047d800000|  0%| F|  |TAMS 0x000000047d000000| PB 0x000000047d000000| Untracked 
| 115|0x000000047d800000, 0x000000047d800000, 0x000000047e000000|  0%| F|  |TAMS 0x000000047d800000| PB 0x000000047d800000| Untracked 
| 116|0x000000047e000000, 0x000000047e000000, 0x000000047e800000|  0%| F|  |TAMS 0x000000047e000000| PB 0x000000047e000000| Untracked 
| 117|0x000000047e800000, 0x000000047e800000, 0x000000047f000000|  0%| F|  |TAMS 0x000000047e800000| PB 0x000000047e800000| Untracked 
| 118|0x000000047f000000, 0x000000047f000000, 0x000000047f800000|  0%| F|  |TAMS 0x000000047f000000| PB 0x000000047f000000| Untracked 
| 119|0x000000047f800000, 0x000000047f800000, 0x0000000480000000|  0%| F|  |TAMS 0x000000047f800000| PB 0x000000047f800000| Untracked 
| 120|0x0000000480000000, 0x0000000480000000, 0x0000000480800000|  0%| F|  |TAMS 0x0000000480000000| PB 0x0000000480000000| Untracked 
| 121|0x0000000480800000, 0x0000000480800000, 0x0000000481000000|  0%| F|  |TAMS 0x0000000480800000| PB 0x0000000480800000| Untracked 
| 122|0x0000000481000000, 0x0000000481000000, 0x0000000481800000|  0%| F|  |TAMS 0x0000000481000000| PB 0x0000000481000000| Untracked 
| 123|0x0000000481800000, 0x0000000481800000, 0x0000000482000000|  0%| F|  |TAMS 0x0000000481800000| PB 0x0000000481800000| Untracked 
| 124|0x0000000482000000, 0x0000000482000000, 0x0000000482800000|  0%| F|  |TAMS 0x0000000482000000| PB 0x0000000482000000| Untracked 
| 125|0x0000000482800000, 0x0000000482800000, 0x0000000483000000|  0%| F|  |TAMS 0x0000000482800000| PB 0x0000000482800000| Untracked 
| 126|0x0000000483000000, 0x0000000483000000, 0x0000000483800000|  0%| F|  |TAMS 0x0000000483000000| PB 0x0000000483000000| Untracked 
| 127|0x0000000483800000, 0x0000000483800000, 0x0000000484000000|  0%| F|  |TAMS 0x0000000483800000| PB 0x0000000483800000| Untracked 
| 128|0x0000000484000000, 0x0000000484000000, 0x0000000484800000|  0%| F|  |TAMS 0x0000000484000000| PB 0x0000000484000000| Untracked 
| 129|0x0000000484800000, 0x0000000484800000, 0x0000000485000000|  0%| F|  |TAMS 0x0000000484800000| PB 0x0000000484800000| Untracked 
| 130|0x0000000485000000, 0x0000000485000000, 0x0000000485800000|  0%| F|  |TAMS 0x0000000485000000| PB 0x0000000485000000| Untracked 
| 131|0x0000000485800000, 0x0000000485800000, 0x0000000486000000|  0%| F|  |TAMS 0x0000000485800000| PB 0x0000000485800000| Untracked 
| 132|0x0000000486000000, 0x0000000486000000, 0x0000000486800000|  0%| F|  |TAMS 0x0000000486000000| PB 0x0000000486000000| Untracked 
| 133|0x0000000486800000, 0x0000000486800000, 0x0000000487000000|  0%| F|  |TAMS 0x0000000486800000| PB 0x0000000486800000| Untracked 
| 134|0x0000000487000000, 0x0000000487000000, 0x0000000487800000|  0%| F|  |TAMS 0x0000000487000000| PB 0x0000000487000000| Untracked 
| 135|0x0000000487800000, 0x0000000487800000, 0x0000000488000000|  0%| F|  |TAMS 0x0000000487800000| PB 0x0000000487800000| Untracked 
| 136|0x0000000488000000, 0x0000000488000000, 0x0000000488800000|  0%| F|  |TAMS 0x0000000488000000| PB 0x0000000488000000| Untracked 
| 137|0x0000000488800000, 0x0000000488800000, 0x0000000489000000|  0%| F|  |TAMS 0x0000000488800000| PB 0x0000000488800000| Untracked 
| 138|0x0000000489000000, 0x0000000489000000, 0x0000000489800000|  0%| F|  |TAMS 0x0000000489000000| PB 0x0000000489000000| Untracked 
| 139|0x0000000489800000, 0x0000000489800000, 0x000000048a000000|  0%| F|  |TAMS 0x0000000489800000| PB 0x0000000489800000| Untracked 
| 140|0x000000048a000000, 0x000000048a000000, 0x000000048a800000|  0%| F|  |TAMS 0x000000048a000000| PB 0x000000048a000000| Untracked 
| 141|0x000000048a800000, 0x000000048a800000, 0x000000048b000000|  0%| F|  |TAMS 0x000000048a800000| PB 0x000000048a800000| Untracked 
| 142|0x000000048b000000, 0x000000048b000000, 0x000000048b800000|  0%| F|  |TAMS 0x000000048b000000| PB 0x000000048b000000| Untracked 
| 143|0x000000048b800000, 0x000000048b800000, 0x000000048c000000|  0%| F|  |TAMS 0x000000048b800000| PB 0x000000048b800000| Untracked 
| 144|0x000000048c000000, 0x000000048c000000, 0x000000048c800000|  0%| F|  |TAMS 0x000000048c000000| PB 0x000000048c000000| Untracked 
| 145|0x000000048c800000, 0x000000048c800000, 0x000000048d000000|  0%| F|  |TAMS 0x000000048c800000| PB 0x000000048c800000| Untracked 
| 146|0x000000048d000000, 0x000000048d000000, 0x000000048d800000|  0%| F|  |TAMS 0x000000048d000000| PB 0x000000048d000000| Untracked 
| 147|0x000000048d800000, 0x000000048d800000, 0x000000048e000000|  0%| F|  |TAMS 0x000000048d800000| PB 0x000000048d800000| Untracked 
| 148|0x000000048e000000, 0x000000048e000000, 0x000000048e800000|  0%| F|  |TAMS 0x000000048e000000| PB 0x000000048e000000| Untracked 
| 149|0x000000048e800000, 0x000000048e800000, 0x000000048f000000|  0%| F|  |TAMS 0x000000048e800000| PB 0x000000048e800000| Untracked 
| 150|0x000000048f000000, 0x000000048f000000, 0x000000048f800000|  0%| F|  |TAMS 0x000000048f000000| PB 0x000000048f000000| Untracked 
| 151|0x000000048f800000, 0x000000048f800000, 0x0000000490000000|  0%| F|  |TAMS 0x000000048f800000| PB 0x000000048f800000| Untracked 
| 152|0x0000000490000000, 0x0000000490000000, 0x0000000490800000|  0%| F|  |TAMS 0x0000000490000000| PB 0x0000000490000000| Untracked 
| 153|0x0000000490800000, 0x0000000490800000, 0x0000000491000000|  0%| F|  |TAMS 0x0000000490800000| PB 0x0000000490800000| Untracked 
| 154|0x0000000491000000, 0x0000000491000000, 0x0000000491800000|  0%| F|  |TAMS 0x0000000491000000| PB 0x0000000491000000| Untracked 
| 155|0x0000000491800000, 0x0000000491800000, 0x0000000492000000|  0%| F|  |TAMS 0x0000000491800000| PB 0x0000000491800000| Untracked 
| 156|0x0000000492000000, 0x0000000492000000, 0x0000000492800000|  0%| F|  |TAMS 0x0000000492000000| PB 0x0000000492000000| Untracked 
| 157|0x0000000492800000, 0x0000000492800000, 0x0000000493000000|  0%| F|  |TAMS 0x0000000492800000| PB 0x0000000492800000| Untracked 
| 158|0x0000000493000000, 0x0000000493000000, 0x0000000493800000|  0%| F|  |TAMS 0x0000000493000000| PB 0x0000000493000000| Untracked 
| 159|0x0000000493800000, 0x0000000493800000, 0x0000000494000000|  0%| F|  |TAMS 0x0000000493800000| PB 0x0000000493800000| Untracked 
| 160|0x0000000494000000, 0x0000000494000000, 0x0000000494800000|  0%| F|  |TAMS 0x0000000494000000| PB 0x0000000494000000| Untracked 
| 161|0x0000000494800000, 0x0000000494800000, 0x0000000495000000|  0%| F|  |TAMS 0x0000000494800000| PB 0x0000000494800000| Untracked 
| 162|0x0000000495000000, 0x0000000495000000, 0x0000000495800000|  0%| F|  |TAMS 0x0000000495000000| PB 0x0000000495000000| Untracked 
| 163|0x0000000495800000, 0x0000000495800000, 0x0000000496000000|  0%| F|  |TAMS 0x0000000495800000| PB 0x0000000495800000| Untracked 
| 164|0x0000000496000000, 0x0000000496000000, 0x0000000496800000|  0%| F|  |TAMS 0x0000000496000000| PB 0x0000000496000000| Untracked 
| 165|0x0000000496800000, 0x0000000496800000, 0x0000000497000000|  0%| F|  |TAMS 0x0000000496800000| PB 0x0000000496800000| Untracked 
| 166|0x0000000497000000, 0x0000000497000000, 0x0000000497800000|  0%| F|  |TAMS 0x0000000497000000| PB 0x0000000497000000| Untracked 
| 167|0x0000000497800000, 0x0000000497800000, 0x0000000498000000|  0%| F|  |TAMS 0x0000000497800000| PB 0x0000000497800000| Untracked 
| 168|0x0000000498000000, 0x0000000498000000, 0x0000000498800000|  0%| F|  |TAMS 0x0000000498000000| PB 0x0000000498000000| Untracked 
| 169|0x0000000498800000, 0x0000000498800000, 0x0000000499000000|  0%| F|  |TAMS 0x0000000498800000| PB 0x0000000498800000| Untracked 
| 170|0x0000000499000000, 0x0000000499000000, 0x0000000499800000|  0%| F|  |TAMS 0x0000000499000000| PB 0x0000000499000000| Untracked 
| 171|0x0000000499800000, 0x0000000499800000, 0x000000049a000000|  0%| F|  |TAMS 0x0000000499800000| PB 0x0000000499800000| Untracked 
| 172|0x000000049a000000, 0x000000049a000000, 0x000000049a800000|  0%| F|  |TAMS 0x000000049a000000| PB 0x000000049a000000| Untracked 
| 173|0x000000049a800000, 0x000000049a800000, 0x000000049b000000|  0%| F|  |TAMS 0x000000049a800000| PB 0x000000049a800000| Untracked 
| 174|0x000000049b000000, 0x000000049b000000, 0x000000049b800000|  0%| F|  |TAMS 0x000000049b000000| PB 0x000000049b000000| Untracked 
| 175|0x000000049b800000, 0x000000049b800000, 0x000000049c000000|  0%| F|  |TAMS 0x000000049b800000| PB 0x000000049b800000| Untracked 
| 176|0x000000049c000000, 0x000000049c000000, 0x000000049c800000|  0%| F|  |TAMS 0x000000049c000000| PB 0x000000049c000000| Untracked 
| 177|0x000000049c800000, 0x000000049c800000, 0x000000049d000000|  0%| F|  |TAMS 0x000000049c800000| PB 0x000000049c800000| Untracked 
| 178|0x000000049d000000, 0x000000049d000000, 0x000000049d800000|  0%| F|  |TAMS 0x000000049d000000| PB 0x000000049d000000| Untracked 
| 179|0x000000049d800000, 0x000000049d800000, 0x000000049e000000|  0%| F|  |TAMS 0x000000049d800000| PB 0x000000049d800000| Untracked 
| 180|0x000000049e000000, 0x000000049e000000, 0x000000049e800000|  0%| F|  |TAMS 0x000000049e000000| PB 0x000000049e000000| Untracked 
| 181|0x000000049e800000, 0x000000049e800000, 0x000000049f000000|  0%| F|  |TAMS 0x000000049e800000| PB 0x000000049e800000| Untracked 
| 182|0x000000049f000000, 0x000000049f000000, 0x000000049f800000|  0%| F|  |TAMS 0x000000049f000000| PB 0x000000049f000000| Untracked 
| 183|0x000000049f800000, 0x000000049f800000, 0x00000004a0000000|  0%| F|  |TAMS 0x000000049f800000| PB 0x000000049f800000| Untracked 
| 184|0x00000004a0000000, 0x00000004a0000000, 0x00000004a0800000|  0%| F|  |TAMS 0x00000004a0000000| PB 0x00000004a0000000| Untracked 
| 185|0x00000004a0800000, 0x00000004a0800000, 0x00000004a1000000|  0%| F|  |TAMS 0x00000004a0800000| PB 0x00000004a0800000| Untracked 
| 186|0x00000004a1000000, 0x00000004a1000000, 0x00000004a1800000|  0%| F|  |TAMS 0x00000004a1000000| PB 0x00000004a1000000| Untracked 
| 187|0x00000004a1800000, 0x00000004a1800000, 0x00000004a2000000|  0%| F|  |TAMS 0x00000004a1800000| PB 0x00000004a1800000| Untracked 
| 188|0x00000004a2000000, 0x00000004a2000000, 0x00000004a2800000|  0%| F|  |TAMS 0x00000004a2000000| PB 0x00000004a2000000| Untracked 
| 189|0x00000004a2800000, 0x00000004a2800000, 0x00000004a3000000|  0%| F|  |TAMS 0x00000004a2800000| PB 0x00000004a2800000| Untracked 
| 190|0x00000004a3000000, 0x00000004a3000000, 0x00000004a3800000|  0%| F|  |TAMS 0x00000004a3000000| PB 0x00000004a3000000| Untracked 
| 191|0x00000004a3800000, 0x00000004a3800000, 0x00000004a4000000|  0%| F|  |TAMS 0x00000004a3800000| PB 0x00000004a3800000| Untracked 
| 192|0x00000004a4000000, 0x00000004a4000000, 0x00000004a4800000|  0%| F|  |TAMS 0x00000004a4000000| PB 0x00000004a4000000| Untracked 
| 193|0x00000004a4800000, 0x00000004a4800000, 0x00000004a5000000|  0%| F|  |TAMS 0x00000004a4800000| PB 0x00000004a4800000| Untracked 
| 194|0x00000004a5000000, 0x00000004a5000000, 0x00000004a5800000|  0%| F|  |TAMS 0x00000004a5000000| PB 0x00000004a5000000| Untracked 
| 195|0x00000004a5800000, 0x00000004a5800000, 0x00000004a6000000|  0%| F|  |TAMS 0x00000004a5800000| PB 0x00000004a5800000| Untracked 
| 196|0x00000004a6000000, 0x00000004a6000000, 0x00000004a6800000|  0%| F|  |TAMS 0x00000004a6000000| PB 0x00000004a6000000| Untracked 
| 197|0x00000004a6800000, 0x00000004a6800000, 0x00000004a7000000|  0%| F|  |TAMS 0x00000004a6800000| PB 0x00000004a6800000| Untracked 
| 198|0x00000004a7000000, 0x00000004a7000000, 0x00000004a7800000|  0%| F|  |TAMS 0x00000004a7000000| PB 0x00000004a7000000| Untracked 
| 199|0x00000004a7800000, 0x00000004a7800000, 0x00000004a8000000|  0%| F|  |TAMS 0x00000004a7800000| PB 0x00000004a7800000| Untracked 
| 200|0x00000004a8000000, 0x00000004a8000000, 0x00000004a8800000|  0%| F|  |TAMS 0x00000004a8000000| PB 0x00000004a8000000| Untracked 
| 201|0x00000004a8800000, 0x00000004a8800000, 0x00000004a9000000|  0%| F|  |TAMS 0x00000004a8800000| PB 0x00000004a8800000| Untracked 
| 202|0x00000004a9000000, 0x00000004a9000000, 0x00000004a9800000|  0%| F|  |TAMS 0x00000004a9000000| PB 0x00000004a9000000| Untracked 
| 203|0x00000004a9800000, 0x00000004a9800000, 0x00000004aa000000|  0%| F|  |TAMS 0x00000004a9800000| PB 0x00000004a9800000| Untracked 
| 204|0x00000004aa000000, 0x00000004aa000000, 0x00000004aa800000|  0%| F|  |TAMS 0x00000004aa000000| PB 0x00000004aa000000| Untracked 
| 205|0x00000004aa800000, 0x00000004aa800000, 0x00000004ab000000|  0%| F|  |TAMS 0x00000004aa800000| PB 0x00000004aa800000| Untracked 
| 206|0x00000004ab000000, 0x00000004ab000000, 0x00000004ab800000|  0%| F|  |TAMS 0x00000004ab000000| PB 0x00000004ab000000| Untracked 
| 207|0x00000004ab800000, 0x00000004ab800000, 0x00000004ac000000|  0%| F|  |TAMS 0x00000004ab800000| PB 0x00000004ab800000| Untracked 
| 208|0x00000004ac000000, 0x00000004ac000000, 0x00000004ac800000|  0%| F|  |TAMS 0x00000004ac000000| PB 0x00000004ac000000| Untracked 
| 209|0x00000004ac800000, 0x00000004ac800000, 0x00000004ad000000|  0%| F|  |TAMS 0x00000004ac800000| PB 0x00000004ac800000| Untracked 
| 210|0x00000004ad000000, 0x00000004ad000000, 0x00000004ad800000|  0%| F|  |TAMS 0x00000004ad000000| PB 0x00000004ad000000| Untracked 
| 211|0x00000004ad800000, 0x00000004ad800000, 0x00000004ae000000|  0%| F|  |TAMS 0x00000004ad800000| PB 0x00000004ad800000| Untracked 
| 212|0x00000004ae000000, 0x00000004ae000000, 0x00000004ae800000|  0%| F|  |TAMS 0x00000004ae000000| PB 0x00000004ae000000| Untracked 
| 213|0x00000004ae800000, 0x00000004ae800000, 0x00000004af000000|  0%| F|  |TAMS 0x00000004ae800000| PB 0x00000004ae800000| Untracked 
| 214|0x00000004af000000, 0x00000004af000000, 0x00000004af800000|  0%| F|  |TAMS 0x00000004af000000| PB 0x00000004af000000| Untracked 
| 215|0x00000004af800000, 0x00000004af800000, 0x00000004b0000000|  0%| F|  |TAMS 0x00000004af800000| PB 0x00000004af800000| Untracked 
| 216|0x00000004b0000000, 0x00000004b0000000, 0x00000004b0800000|  0%| F|  |TAMS 0x00000004b0000000| PB 0x00000004b0000000| Untracked 
| 217|0x00000004b0800000, 0x00000004b0800000, 0x00000004b1000000|  0%| F|  |TAMS 0x00000004b0800000| PB 0x00000004b0800000| Untracked 
| 218|0x00000004b1000000, 0x00000004b1000000, 0x00000004b1800000|  0%| F|  |TAMS 0x00000004b1000000| PB 0x00000004b1000000| Untracked 
| 219|0x00000004b1800000, 0x00000004b1800000, 0x00000004b2000000|  0%| F|  |TAMS 0x00000004b1800000| PB 0x00000004b1800000| Untracked 
| 220|0x00000004b2000000, 0x00000004b2000000, 0x00000004b2800000|  0%| F|  |TAMS 0x00000004b2000000| PB 0x00000004b2000000| Untracked 
| 221|0x00000004b2800000, 0x00000004b2800000, 0x00000004b3000000|  0%| F|  |TAMS 0x00000004b2800000| PB 0x00000004b2800000| Untracked 
| 222|0x00000004b3000000, 0x00000004b3000000, 0x00000004b3800000|  0%| F|  |TAMS 0x00000004b3000000| PB 0x00000004b3000000| Untracked 
| 223|0x00000004b3800000, 0x00000004b3800000, 0x00000004b4000000|  0%| F|  |TAMS 0x00000004b3800000| PB 0x00000004b3800000| Untracked 
| 224|0x00000004b4000000, 0x00000004b4000000, 0x00000004b4800000|  0%| F|  |TAMS 0x00000004b4000000| PB 0x00000004b4000000| Untracked 
| 225|0x00000004b4800000, 0x00000004b4800000, 0x00000004b5000000|  0%| F|  |TAMS 0x00000004b4800000| PB 0x00000004b4800000| Untracked 
| 226|0x00000004b5000000, 0x00000004b5000000, 0x00000004b5800000|  0%| F|  |TAMS 0x00000004b5000000| PB 0x00000004b5000000| Untracked 
| 227|0x00000004b5800000, 0x00000004b5800000, 0x00000004b6000000|  0%| F|  |TAMS 0x00000004b5800000| PB 0x00000004b5800000| Untracked 
| 228|0x00000004b6000000, 0x00000004b6000000, 0x00000004b6800000|  0%| F|  |TAMS 0x00000004b6000000| PB 0x00000004b6000000| Untracked 
| 229|0x00000004b6800000, 0x00000004b6800000, 0x00000004b7000000|  0%| F|  |TAMS 0x00000004b6800000| PB 0x00000004b6800000| Untracked 
| 230|0x00000004b7000000, 0x00000004b7000000, 0x00000004b7800000|  0%| F|  |TAMS 0x00000004b7000000| PB 0x00000004b7000000| Untracked 
| 231|0x00000004b7800000, 0x00000004b7800000, 0x00000004b8000000|  0%| F|  |TAMS 0x00000004b7800000| PB 0x00000004b7800000| Untracked 
| 232|0x00000004b8000000, 0x00000004b8000000, 0x00000004b8800000|  0%| F|  |TAMS 0x00000004b8000000| PB 0x00000004b8000000| Untracked 
| 233|0x00000004b8800000, 0x00000004b8800000, 0x00000004b9000000|  0%| F|  |TAMS 0x00000004b8800000| PB 0x00000004b8800000| Untracked 
| 234|0x00000004b9000000, 0x00000004b9000000, 0x00000004b9800000|  0%| F|  |TAMS 0x00000004b9000000| PB 0x00000004b9000000| Untracked 
| 235|0x00000004b9800000, 0x00000004b9800000, 0x00000004ba000000|  0%| F|  |TAMS 0x00000004b9800000| PB 0x00000004b9800000| Untracked 
| 236|0x00000004ba000000, 0x00000004ba000000, 0x00000004ba800000|  0%| F|  |TAMS 0x00000004ba000000| PB 0x00000004ba000000| Untracked 
| 237|0x00000004ba800000, 0x00000004ba800000, 0x00000004bb000000|  0%| F|  |TAMS 0x00000004ba800000| PB 0x00000004ba800000| Untracked 
| 238|0x00000004bb000000, 0x00000004bb000000, 0x00000004bb800000|  0%| F|  |TAMS 0x00000004bb000000| PB 0x00000004bb000000| Untracked 
| 239|0x00000004bb800000, 0x00000004bb800000, 0x00000004bc000000|  0%| F|  |TAMS 0x00000004bb800000| PB 0x00000004bb800000| Untracked 
| 240|0x00000004bc000000, 0x00000004bc000000, 0x00000004bc800000|  0%| F|  |TAMS 0x00000004bc000000| PB 0x00000004bc000000| Untracked 
| 241|0x00000004bc800000, 0x00000004bc800000, 0x00000004bd000000|  0%| F|  |TAMS 0x00000004bc800000| PB 0x00000004bc800000| Untracked 
| 242|0x00000004bd000000, 0x00000004bd000000, 0x00000004bd800000|  0%| F|  |TAMS 0x00000004bd000000| PB 0x00000004bd000000| Untracked 
| 243|0x00000004bd800000, 0x00000004bd800000, 0x00000004be000000|  0%| F|  |TAMS 0x00000004bd800000| PB 0x00000004bd800000| Untracked 
| 244|0x00000004be000000, 0x00000004be000000, 0x00000004be800000|  0%| F|  |TAMS 0x00000004be000000| PB 0x00000004be000000| Untracked 
| 245|0x00000004be800000, 0x00000004be800000, 0x00000004bf000000|  0%| F|  |TAMS 0x00000004be800000| PB 0x00000004be800000| Untracked 
| 246|0x00000004bf000000, 0x00000004bf000000, 0x00000004bf800000|  0%| F|  |TAMS 0x00000004bf000000| PB 0x00000004bf000000| Untracked 
| 247|0x00000004bf800000, 0x00000004bf800000, 0x00000004c0000000|  0%| F|  |TAMS 0x00000004bf800000| PB 0x00000004bf800000| Untracked 
| 248|0x00000004c0000000, 0x00000004c0000000, 0x00000004c0800000|  0%| F|  |TAMS 0x00000004c0000000| PB 0x00000004c0000000| Untracked 
| 249|0x00000004c0800000, 0x00000004c0800000, 0x00000004c1000000|  0%| F|  |TAMS 0x00000004c0800000| PB 0x00000004c0800000| Untracked 
| 250|0x00000004c1000000, 0x00000004c1000000, 0x00000004c1800000|  0%| F|  |TAMS 0x00000004c1000000| PB 0x00000004c1000000| Untracked 
| 251|0x00000004c1800000, 0x00000004c1800000, 0x00000004c2000000|  0%| F|  |TAMS 0x00000004c1800000| PB 0x00000004c1800000| Untracked 
| 252|0x00000004c2000000, 0x00000004c2000000, 0x00000004c2800000|  0%| F|  |TAMS 0x00000004c2000000| PB 0x00000004c2000000| Untracked 
| 253|0x00000004c2800000, 0x00000004c2800000, 0x00000004c3000000|  0%| F|  |TAMS 0x00000004c2800000| PB 0x00000004c2800000| Untracked 
| 254|0x00000004c3000000, 0x00000004c3000000, 0x00000004c3800000|  0%| F|  |TAMS 0x00000004c3000000| PB 0x00000004c3000000| Untracked 
| 255|0x00000004c3800000, 0x00000004c3800000, 0x00000004c4000000|  0%| F|  |TAMS 0x00000004c3800000| PB 0x00000004c3800000| Untracked 
| 256|0x00000004c4000000, 0x00000004c4000000, 0x00000004c4800000|  0%| F|  |TAMS 0x00000004c4000000| PB 0x00000004c4000000| Untracked 
| 257|0x00000004c4800000, 0x00000004c4800000, 0x00000004c5000000|  0%| F|  |TAMS 0x00000004c4800000| PB 0x00000004c4800000| Untracked 
| 258|0x00000004c5000000, 0x00000004c5000000, 0x00000004c5800000|  0%| F|  |TAMS 0x00000004c5000000| PB 0x00000004c5000000| Untracked 
| 259|0x00000004c5800000, 0x00000004c5800000, 0x00000004c6000000|  0%| F|  |TAMS 0x00000004c5800000| PB 0x00000004c5800000| Untracked 
| 260|0x00000004c6000000, 0x00000004c6000000, 0x00000004c6800000|  0%| F|  |TAMS 0x00000004c6000000| PB 0x00000004c6000000| Untracked 
| 261|0x00000004c6800000, 0x00000004c6800000, 0x00000004c7000000|  0%| F|  |TAMS 0x00000004c6800000| PB 0x00000004c6800000| Untracked 
| 262|0x00000004c7000000, 0x00000004c7000000, 0x00000004c7800000|  0%| F|  |TAMS 0x00000004c7000000| PB 0x00000004c7000000| Untracked 
| 263|0x00000004c7800000, 0x00000004c7800000, 0x00000004c8000000|  0%| F|  |TAMS 0x00000004c7800000| PB 0x00000004c7800000| Untracked 
| 264|0x00000004c8000000, 0x00000004c8000000, 0x00000004c8800000|  0%| F|  |TAMS 0x00000004c8000000| PB 0x00000004c8000000| Untracked 
| 265|0x00000004c8800000, 0x00000004c8800000, 0x00000004c9000000|  0%| F|  |TAMS 0x00000004c8800000| PB 0x00000004c8800000| Untracked 
| 266|0x00000004c9000000, 0x00000004c9000000, 0x00000004c9800000|  0%| F|  |TAMS 0x00000004c9000000| PB 0x00000004c9000000| Untracked 
| 267|0x00000004c9800000, 0x00000004c9800000, 0x00000004ca000000|  0%| F|  |TAMS 0x00000004c9800000| PB 0x00000004c9800000| Untracked 
| 268|0x00000004ca000000, 0x00000004ca000000, 0x00000004ca800000|  0%| F|  |TAMS 0x00000004ca000000| PB 0x00000004ca000000| Untracked 
| 269|0x00000004ca800000, 0x00000004ca800000, 0x00000004cb000000|  0%| F|  |TAMS 0x00000004ca800000| PB 0x00000004ca800000| Untracked 
| 270|0x00000004cb000000, 0x00000004cb000000, 0x00000004cb800000|  0%| F|  |TAMS 0x00000004cb000000| PB 0x00000004cb000000| Untracked 
| 271|0x00000004cb800000, 0x00000004cb800000, 0x00000004cc000000|  0%| F|  |TAMS 0x00000004cb800000| PB 0x00000004cb800000| Untracked 
| 272|0x00000004cc000000, 0x00000004cc000000, 0x00000004cc800000|  0%| F|  |TAMS 0x00000004cc000000| PB 0x00000004cc000000| Untracked 
| 273|0x00000004cc800000, 0x00000004cc800000, 0x00000004cd000000|  0%| F|  |TAMS 0x00000004cc800000| PB 0x00000004cc800000| Untracked 
| 274|0x00000004cd000000, 0x00000004cd000000, 0x00000004cd800000|  0%| F|  |TAMS 0x00000004cd000000| PB 0x00000004cd000000| Untracked 
| 275|0x00000004cd800000, 0x00000004cd800000, 0x00000004ce000000|  0%| F|  |TAMS 0x00000004cd800000| PB 0x00000004cd800000| Untracked 
| 276|0x00000004ce000000, 0x00000004ce000000, 0x00000004ce800000|  0%| F|  |TAMS 0x00000004ce000000| PB 0x00000004ce000000| Untracked 
| 277|0x00000004ce800000, 0x00000004ce800000, 0x00000004cf000000|  0%| F|  |TAMS 0x00000004ce800000| PB 0x00000004ce800000| Untracked 
| 278|0x00000004cf000000, 0x00000004cf000000, 0x00000004cf800000|  0%| F|  |TAMS 0x00000004cf000000| PB 0x00000004cf000000| Untracked 
| 279|0x00000004cf800000, 0x00000004cf800000, 0x00000004d0000000|  0%| F|  |TAMS 0x00000004cf800000| PB 0x00000004cf800000| Untracked 
| 280|0x00000004d0000000, 0x00000004d0000000, 0x00000004d0800000|  0%| F|  |TAMS 0x00000004d0000000| PB 0x00000004d0000000| Untracked 
| 281|0x00000004d0800000, 0x00000004d0800000, 0x00000004d1000000|  0%| F|  |TAMS 0x00000004d0800000| PB 0x00000004d0800000| Untracked 
| 282|0x00000004d1000000, 0x00000004d1000000, 0x00000004d1800000|  0%| F|  |TAMS 0x00000004d1000000| PB 0x00000004d1000000| Untracked 
| 283|0x00000004d1800000, 0x00000004d1800000, 0x00000004d2000000|  0%| F|  |TAMS 0x00000004d1800000| PB 0x00000004d1800000| Untracked 
| 284|0x00000004d2000000, 0x00000004d2000000, 0x00000004d2800000|  0%| F|  |TAMS 0x00000004d2000000| PB 0x00000004d2000000| Untracked 
| 285|0x00000004d2800000, 0x00000004d2800000, 0x00000004d3000000|  0%| F|  |TAMS 0x00000004d2800000| PB 0x00000004d2800000| Untracked 
| 286|0x00000004d3000000, 0x00000004d3000000, 0x00000004d3800000|  0%| F|  |TAMS 0x00000004d3000000| PB 0x00000004d3000000| Untracked 
| 287|0x00000004d3800000, 0x00000004d3800000, 0x00000004d4000000|  0%| F|  |TAMS 0x00000004d3800000| PB 0x00000004d3800000| Untracked 
| 288|0x00000004d4000000, 0x00000004d4000000, 0x00000004d4800000|  0%| F|  |TAMS 0x00000004d4000000| PB 0x00000004d4000000| Untracked 
| 289|0x00000004d4800000, 0x00000004d4800000, 0x00000004d5000000|  0%| F|  |TAMS 0x00000004d4800000| PB 0x00000004d4800000| Untracked 
| 290|0x00000004d5000000, 0x00000004d5000000, 0x00000004d5800000|  0%| F|  |TAMS 0x00000004d5000000| PB 0x00000004d5000000| Untracked 
| 291|0x00000004d5800000, 0x00000004d5800000, 0x00000004d6000000|  0%| F|  |TAMS 0x00000004d5800000| PB 0x00000004d5800000| Untracked 
| 292|0x00000004d6000000, 0x00000004d6000000, 0x00000004d6800000|  0%| F|  |TAMS 0x00000004d6000000| PB 0x00000004d6000000| Untracked 
| 293|0x00000004d6800000, 0x00000004d6800000, 0x00000004d7000000|  0%| F|  |TAMS 0x00000004d6800000| PB 0x00000004d6800000| Untracked 
| 294|0x00000004d7000000, 0x00000004d7000000, 0x00000004d7800000|  0%| F|  |TAMS 0x00000004d7000000| PB 0x00000004d7000000| Untracked 
| 295|0x00000004d7800000, 0x00000004d7800000, 0x00000004d8000000|  0%| F|  |TAMS 0x00000004d7800000| PB 0x00000004d7800000| Untracked 
| 296|0x00000004d8000000, 0x00000004d8000000, 0x00000004d8800000|  0%| F|  |TAMS 0x00000004d8000000| PB 0x00000004d8000000| Untracked 
| 297|0x00000004d8800000, 0x00000004d8800000, 0x00000004d9000000|  0%| F|  |TAMS 0x00000004d8800000| PB 0x00000004d8800000| Untracked 
| 298|0x00000004d9000000, 0x00000004d9000000, 0x00000004d9800000|  0%| F|  |TAMS 0x00000004d9000000| PB 0x00000004d9000000| Untracked 
| 299|0x00000004d9800000, 0x00000004d9800000, 0x00000004da000000|  0%| F|  |TAMS 0x00000004d9800000| PB 0x00000004d9800000| Untracked 
| 300|0x00000004da000000, 0x00000004da000000, 0x00000004da800000|  0%| F|  |TAMS 0x00000004da000000| PB 0x00000004da000000| Untracked 
| 301|0x00000004da800000, 0x00000004da800000, 0x00000004db000000|  0%| F|  |TAMS 0x00000004da800000| PB 0x00000004da800000| Untracked 
| 302|0x00000004db000000, 0x00000004db000000, 0x00000004db800000|  0%| F|  |TAMS 0x00000004db000000| PB 0x00000004db000000| Untracked 
| 303|0x00000004db800000, 0x00000004db800000, 0x00000004dc000000|  0%| F|  |TAMS 0x00000004db800000| PB 0x00000004db800000| Untracked 
| 304|0x00000004dc000000, 0x00000004dc000000, 0x00000004dc800000|  0%| F|  |TAMS 0x00000004dc000000| PB 0x00000004dc000000| Untracked 
| 305|0x00000004dc800000, 0x00000004dc800000, 0x00000004dd000000|  0%| F|  |TAMS 0x00000004dc800000| PB 0x00000004dc800000| Untracked 
| 306|0x00000004dd000000, 0x00000004dd000000, 0x00000004dd800000|  0%| F|  |TAMS 0x00000004dd000000| PB 0x00000004dd000000| Untracked 
| 307|0x00000004dd800000, 0x00000004dd800000, 0x00000004de000000|  0%| F|  |TAMS 0x00000004dd800000| PB 0x00000004dd800000| Untracked 
| 308|0x00000004de000000, 0x00000004de000000, 0x00000004de800000|  0%| F|  |TAMS 0x00000004de000000| PB 0x00000004de000000| Untracked 
| 309|0x00000004de800000, 0x00000004de800000, 0x00000004df000000|  0%| F|  |TAMS 0x00000004de800000| PB 0x00000004de800000| Untracked 
| 310|0x00000004df000000, 0x00000004df000000, 0x00000004df800000|  0%| F|  |TAMS 0x00000004df000000| PB 0x00000004df000000| Untracked 
| 311|0x00000004df800000, 0x00000004df800000, 0x00000004e0000000|  0%| F|  |TAMS 0x00000004df800000| PB 0x00000004df800000| Untracked 
| 312|0x00000004e0000000, 0x00000004e0000000, 0x00000004e0800000|  0%| F|  |TAMS 0x00000004e0000000| PB 0x00000004e0000000| Untracked 
| 313|0x00000004e0800000, 0x00000004e0800000, 0x00000004e1000000|  0%| F|  |TAMS 0x00000004e0800000| PB 0x00000004e0800000| Untracked 
| 314|0x00000004e1000000, 0x00000004e1000000, 0x00000004e1800000|  0%| F|  |TAMS 0x00000004e1000000| PB 0x00000004e1000000| Untracked 
| 315|0x00000004e1800000, 0x00000004e1800000, 0x00000004e2000000|  0%| F|  |TAMS 0x00000004e1800000| PB 0x00000004e1800000| Untracked 
| 316|0x00000004e2000000, 0x00000004e2000000, 0x00000004e2800000|  0%| F|  |TAMS 0x00000004e2000000| PB 0x00000004e2000000| Untracked 
| 317|0x00000004e2800000, 0x00000004e2800000, 0x00000004e3000000|  0%| F|  |TAMS 0x00000004e2800000| PB 0x00000004e2800000| Untracked 
| 318|0x00000004e3000000, 0x00000004e3000000, 0x00000004e3800000|  0%| F|  |TAMS 0x00000004e3000000| PB 0x00000004e3000000| Untracked 
| 319|0x00000004e3800000, 0x00000004e3800000, 0x00000004e4000000|  0%| F|  |TAMS 0x00000004e3800000| PB 0x00000004e3800000| Untracked 
| 320|0x00000004e4000000, 0x00000004e4000000, 0x00000004e4800000|  0%| F|  |TAMS 0x00000004e4000000| PB 0x00000004e4000000| Untracked 
| 321|0x00000004e4800000, 0x00000004e4800000, 0x00000004e5000000|  0%| F|  |TAMS 0x00000004e4800000| PB 0x00000004e4800000| Untracked 
| 322|0x00000004e5000000, 0x00000004e5000000, 0x00000004e5800000|  0%| F|  |TAMS 0x00000004e5000000| PB 0x00000004e5000000| Untracked 
| 323|0x00000004e5800000, 0x00000004e5800000, 0x00000004e6000000|  0%| F|  |TAMS 0x00000004e5800000| PB 0x00000004e5800000| Untracked 
| 324|0x00000004e6000000, 0x00000004e6000000, 0x00000004e6800000|  0%| F|  |TAMS 0x00000004e6000000| PB 0x00000004e6000000| Untracked 
| 325|0x00000004e6800000, 0x00000004e6800000, 0x00000004e7000000|  0%| F|  |TAMS 0x00000004e6800000| PB 0x00000004e6800000| Untracked 
| 326|0x00000004e7000000, 0x00000004e7000000, 0x00000004e7800000|  0%| F|  |TAMS 0x00000004e7000000| PB 0x00000004e7000000| Untracked 
| 327|0x00000004e7800000, 0x00000004e7800000, 0x00000004e8000000|  0%| F|  |TAMS 0x00000004e7800000| PB 0x00000004e7800000| Untracked 
| 328|0x00000004e8000000, 0x00000004e8000000, 0x00000004e8800000|  0%| F|  |TAMS 0x00000004e8000000| PB 0x00000004e8000000| Untracked 
| 329|0x00000004e8800000, 0x00000004e8800000, 0x00000004e9000000|  0%| F|  |TAMS 0x00000004e8800000| PB 0x00000004e8800000| Untracked 
| 330|0x00000004e9000000, 0x00000004e9000000, 0x00000004e9800000|  0%| F|  |TAMS 0x00000004e9000000| PB 0x00000004e9000000| Untracked 
| 331|0x00000004e9800000, 0x00000004e9800000, 0x00000004ea000000|  0%| F|  |TAMS 0x00000004e9800000| PB 0x00000004e9800000| Untracked 
| 332|0x00000004ea000000, 0x00000004ea000000, 0x00000004ea800000|  0%| F|  |TAMS 0x00000004ea000000| PB 0x00000004ea000000| Untracked 
| 333|0x00000004ea800000, 0x00000004ea800000, 0x00000004eb000000|  0%| F|  |TAMS 0x00000004ea800000| PB 0x00000004ea800000| Untracked 
| 334|0x00000004eb000000, 0x00000004eb000000, 0x00000004eb800000|  0%| F|  |TAMS 0x00000004eb000000| PB 0x00000004eb000000| Untracked 
| 335|0x00000004eb800000, 0x00000004eb800000, 0x00000004ec000000|  0%| F|  |TAMS 0x00000004eb800000| PB 0x00000004eb800000| Untracked 
| 336|0x00000004ec000000, 0x00000004ec000000, 0x00000004ec800000|  0%| F|  |TAMS 0x00000004ec000000| PB 0x00000004ec000000| Untracked 
| 337|0x00000004ec800000, 0x00000004ec800000, 0x00000004ed000000|  0%| F|  |TAMS 0x00000004ec800000| PB 0x00000004ec800000| Untracked 
| 338|0x00000004ed000000, 0x00000004ed000000, 0x00000004ed800000|  0%| F|  |TAMS 0x00000004ed000000| PB 0x00000004ed000000| Untracked 
| 339|0x00000004ed800000, 0x00000004ed800000, 0x00000004ee000000|  0%| F|  |TAMS 0x00000004ed800000| PB 0x00000004ed800000| Untracked 
| 340|0x00000004ee000000, 0x00000004ee000000, 0x00000004ee800000|  0%| F|  |TAMS 0x00000004ee000000| PB 0x00000004ee000000| Untracked 
| 341|0x00000004ee800000, 0x00000004ee800000, 0x00000004ef000000|  0%| F|  |TAMS 0x00000004ee800000| PB 0x00000004ee800000| Untracked 
| 342|0x00000004ef000000, 0x00000004ef000000, 0x00000004ef800000|  0%| F|  |TAMS 0x00000004ef000000| PB 0x00000004ef000000| Untracked 
| 343|0x00000004ef800000, 0x00000004ef800000, 0x00000004f0000000|  0%| F|  |TAMS 0x00000004ef800000| PB 0x00000004ef800000| Untracked 
| 344|0x00000004f0000000, 0x00000004f0000000, 0x00000004f0800000|  0%| F|  |TAMS 0x00000004f0000000| PB 0x00000004f0000000| Untracked 
| 345|0x00000004f0800000, 0x00000004f0800000, 0x00000004f1000000|  0%| F|  |TAMS 0x00000004f0800000| PB 0x00000004f0800000| Untracked 
| 346|0x00000004f1000000, 0x00000004f1000000, 0x00000004f1800000|  0%| F|  |TAMS 0x00000004f1000000| PB 0x00000004f1000000| Untracked 
| 347|0x00000004f1800000, 0x00000004f1800000, 0x00000004f2000000|  0%| F|  |TAMS 0x00000004f1800000| PB 0x00000004f1800000| Untracked 
| 348|0x00000004f2000000, 0x00000004f2000000, 0x00000004f2800000|  0%| F|  |TAMS 0x00000004f2000000| PB 0x00000004f2000000| Untracked 
| 349|0x00000004f2800000, 0x00000004f2800000, 0x00000004f3000000|  0%| F|  |TAMS 0x00000004f2800000| PB 0x00000004f2800000| Untracked 
| 350|0x00000004f3000000, 0x00000004f3000000, 0x00000004f3800000|  0%| F|  |TAMS 0x00000004f3000000| PB 0x00000004f3000000| Untracked 
| 351|0x00000004f3800000, 0x00000004f3800000, 0x00000004f4000000|  0%| F|  |TAMS 0x00000004f3800000| PB 0x00000004f3800000| Untracked 
| 352|0x00000004f4000000, 0x00000004f4000000, 0x00000004f4800000|  0%| F|  |TAMS 0x00000004f4000000| PB 0x00000004f4000000| Untracked 
| 353|0x00000004f4800000, 0x00000004f4800000, 0x00000004f5000000|  0%| F|  |TAMS 0x00000004f4800000| PB 0x00000004f4800000| Untracked 
| 354|0x00000004f5000000, 0x00000004f5000000, 0x00000004f5800000|  0%| F|  |TAMS 0x00000004f5000000| PB 0x00000004f5000000| Untracked 
| 355|0x00000004f5800000, 0x00000004f5800000, 0x00000004f6000000|  0%| F|  |TAMS 0x00000004f5800000| PB 0x00000004f5800000| Untracked 
| 356|0x00000004f6000000, 0x00000004f6000000, 0x00000004f6800000|  0%| F|  |TAMS 0x00000004f6000000| PB 0x00000004f6000000| Untracked 
| 357|0x00000004f6800000, 0x00000004f6800000, 0x00000004f7000000|  0%| F|  |TAMS 0x00000004f6800000| PB 0x00000004f6800000| Untracked 
| 358|0x00000004f7000000, 0x00000004f7000000, 0x00000004f7800000|  0%| F|  |TAMS 0x00000004f7000000| PB 0x00000004f7000000| Untracked 
| 359|0x00000004f7800000, 0x00000004f7800000, 0x00000004f8000000|  0%| F|  |TAMS 0x00000004f7800000| PB 0x00000004f7800000| Untracked 
| 360|0x00000004f8000000, 0x00000004f8000000, 0x00000004f8800000|  0%| F|  |TAMS 0x00000004f8000000| PB 0x00000004f8000000| Untracked 
| 361|0x00000004f8800000, 0x00000004f8800000, 0x00000004f9000000|  0%| F|  |TAMS 0x00000004f8800000| PB 0x00000004f8800000| Untracked 
| 362|0x00000004f9000000, 0x00000004f9000000, 0x00000004f9800000|  0%| F|  |TAMS 0x00000004f9000000| PB 0x00000004f9000000| Untracked 
| 363|0x00000004f9800000, 0x00000004f9800000, 0x00000004fa000000|  0%| F|  |TAMS 0x00000004f9800000| PB 0x00000004f9800000| Untracked 
| 364|0x00000004fa000000, 0x00000004fa000000, 0x00000004fa800000|  0%| F|  |TAMS 0x00000004fa000000| PB 0x00000004fa000000| Untracked 
| 365|0x00000004fa800000, 0x00000004fa800000, 0x00000004fb000000|  0%| F|  |TAMS 0x00000004fa800000| PB 0x00000004fa800000| Untracked 
| 366|0x00000004fb000000, 0x00000004fb000000, 0x00000004fb800000|  0%| F|  |TAMS 0x00000004fb000000| PB 0x00000004fb000000| Untracked 
| 367|0x00000004fb800000, 0x00000004fb800000, 0x00000004fc000000|  0%| F|  |TAMS 0x00000004fb800000| PB 0x00000004fb800000| Untracked 
| 368|0x00000004fc000000, 0x00000004fc000000, 0x00000004fc800000|  0%| F|  |TAMS 0x00000004fc000000| PB 0x00000004fc000000| Untracked 
| 369|0x00000004fc800000, 0x00000004fc800000, 0x00000004fd000000|  0%| F|  |TAMS 0x00000004fc800000| PB 0x00000004fc800000| Untracked 
| 370|0x00000004fd000000, 0x00000004fd000000, 0x00000004fd800000|  0%| F|  |TAMS 0x00000004fd000000| PB 0x00000004fd000000| Untracked 
| 371|0x00000004fd800000, 0x00000004fd800000, 0x00000004fe000000|  0%| F|  |TAMS 0x00000004fd800000| PB 0x00000004fd800000| Untracked 
| 372|0x00000004fe000000, 0x00000004fe000000, 0x00000004fe800000|  0%| F|  |TAMS 0x00000004fe000000| PB 0x00000004fe000000| Untracked 
| 373|0x00000004fe800000, 0x00000004fe800000, 0x00000004ff000000|  0%| F|  |TAMS 0x00000004fe800000| PB 0x00000004fe800000| Untracked 
| 374|0x00000004ff000000, 0x00000004ff000000, 0x00000004ff800000|  0%| F|  |TAMS 0x00000004ff000000| PB 0x00000004ff000000| Untracked 
| 375|0x00000004ff800000, 0x00000004ff800000, 0x0000000500000000|  0%| F|  |TAMS 0x00000004ff800000| PB 0x00000004ff800000| Untracked 
| 376|0x0000000500000000, 0x0000000500000000, 0x0000000500800000|  0%| F|  |TAMS 0x0000000500000000| PB 0x0000000500000000| Untracked 
| 377|0x0000000500800000, 0x0000000500800000, 0x0000000501000000|  0%| F|  |TAMS 0x0000000500800000| PB 0x0000000500800000| Untracked 
| 378|0x0000000501000000, 0x0000000501000000, 0x0000000501800000|  0%| F|  |TAMS 0x0000000501000000| PB 0x0000000501000000| Untracked 
| 379|0x0000000501800000, 0x0000000501800000, 0x0000000502000000|  0%| F|  |TAMS 0x0000000501800000| PB 0x0000000501800000| Untracked 
| 380|0x0000000502000000, 0x0000000502000000, 0x0000000502800000|  0%| F|  |TAMS 0x0000000502000000| PB 0x0000000502000000| Untracked 
| 381|0x0000000502800000, 0x0000000502800000, 0x0000000503000000|  0%| F|  |TAMS 0x0000000502800000| PB 0x0000000502800000| Untracked 
| 382|0x0000000503000000, 0x0000000503000000, 0x0000000503800000|  0%| F|  |TAMS 0x0000000503000000| PB 0x0000000503000000| Untracked 
| 383|0x0000000503800000, 0x0000000503800000, 0x0000000504000000|  0%| F|  |TAMS 0x0000000503800000| PB 0x0000000503800000| Untracked 
| 384|0x0000000504000000, 0x0000000504000000, 0x0000000504800000|  0%| F|  |TAMS 0x0000000504000000| PB 0x0000000504000000| Untracked 
| 385|0x0000000504800000, 0x0000000504800000, 0x0000000505000000|  0%| F|  |TAMS 0x0000000504800000| PB 0x0000000504800000| Untracked 
| 386|0x0000000505000000, 0x0000000505000000, 0x0000000505800000|  0%| F|  |TAMS 0x0000000505000000| PB 0x0000000505000000| Untracked 
| 387|0x0000000505800000, 0x0000000505800000, 0x0000000506000000|  0%| F|  |TAMS 0x0000000505800000| PB 0x0000000505800000| Untracked 
| 388|0x0000000506000000, 0x0000000506000000, 0x0000000506800000|  0%| F|  |TAMS 0x0000000506000000| PB 0x0000000506000000| Untracked 
| 389|0x0000000506800000, 0x0000000506800000, 0x0000000507000000|  0%| F|  |TAMS 0x0000000506800000| PB 0x0000000506800000| Untracked 
| 390|0x0000000507000000, 0x0000000507000000, 0x0000000507800000|  0%| F|  |TAMS 0x0000000507000000| PB 0x0000000507000000| Untracked 
| 391|0x0000000507800000, 0x0000000507800000, 0x0000000508000000|  0%| F|  |TAMS 0x0000000507800000| PB 0x0000000507800000| Untracked 
| 392|0x0000000508000000, 0x0000000508000000, 0x0000000508800000|  0%| F|  |TAMS 0x0000000508000000| PB 0x0000000508000000| Untracked 
| 393|0x0000000508800000, 0x0000000508800000, 0x0000000509000000|  0%| F|  |TAMS 0x0000000508800000| PB 0x0000000508800000| Untracked 
| 394|0x0000000509000000, 0x0000000509000000, 0x0000000509800000|  0%| F|  |TAMS 0x0000000509000000| PB 0x0000000509000000| Untracked 
| 395|0x0000000509800000, 0x0000000509800000, 0x000000050a000000|  0%| F|  |TAMS 0x0000000509800000| PB 0x0000000509800000| Untracked 
| 396|0x000000050a000000, 0x000000050a000000, 0x000000050a800000|  0%| F|  |TAMS 0x000000050a000000| PB 0x000000050a000000| Untracked 
| 397|0x000000050a800000, 0x000000050a800000, 0x000000050b000000|  0%| F|  |TAMS 0x000000050a800000| PB 0x000000050a800000| Untracked 
| 398|0x000000050b000000, 0x000000050b000000, 0x000000050b800000|  0%| F|  |TAMS 0x000000050b000000| PB 0x000000050b000000| Untracked 
| 399|0x000000050b800000, 0x000000050b800000, 0x000000050c000000|  0%| F|  |TAMS 0x000000050b800000| PB 0x000000050b800000| Untracked 
| 400|0x000000050c000000, 0x000000050c000000, 0x000000050c800000|  0%| F|  |TAMS 0x000000050c000000| PB 0x000000050c000000| Untracked 
| 401|0x000000050c800000, 0x000000050c800000, 0x000000050d000000|  0%| F|  |TAMS 0x000000050c800000| PB 0x000000050c800000| Untracked 
| 402|0x000000050d000000, 0x000000050d000000, 0x000000050d800000|  0%| F|  |TAMS 0x000000050d000000| PB 0x000000050d000000| Untracked 
| 403|0x000000050d800000, 0x000000050d800000, 0x000000050e000000|  0%| F|  |TAMS 0x000000050d800000| PB 0x000000050d800000| Untracked 
| 404|0x000000050e000000, 0x000000050e000000, 0x000000050e800000|  0%| F|  |TAMS 0x000000050e000000| PB 0x000000050e000000| Untracked 
| 405|0x000000050e800000, 0x000000050e800000, 0x000000050f000000|  0%| F|  |TAMS 0x000000050e800000| PB 0x000000050e800000| Untracked 
| 406|0x000000050f000000, 0x000000050f000000, 0x000000050f800000|  0%| F|  |TAMS 0x000000050f000000| PB 0x000000050f000000| Untracked 
| 407|0x000000050f800000, 0x000000050f800000, 0x0000000510000000|  0%| F|  |TAMS 0x000000050f800000| PB 0x000000050f800000| Untracked 
| 408|0x0000000510000000, 0x0000000510000000, 0x0000000510800000|  0%| F|  |TAMS 0x0000000510000000| PB 0x0000000510000000| Untracked 
| 409|0x0000000510800000, 0x0000000510800000, 0x0000000511000000|  0%| F|  |TAMS 0x0000000510800000| PB 0x0000000510800000| Untracked 
| 410|0x0000000511000000, 0x0000000511000000, 0x0000000511800000|  0%| F|  |TAMS 0x0000000511000000| PB 0x0000000511000000| Untracked 
| 411|0x0000000511800000, 0x0000000511800000, 0x0000000512000000|  0%| F|  |TAMS 0x0000000511800000| PB 0x0000000511800000| Untracked 
| 412|0x0000000512000000, 0x0000000512000000, 0x0000000512800000|  0%| F|  |TAMS 0x0000000512000000| PB 0x0000000512000000| Untracked 
| 413|0x0000000512800000, 0x0000000512800000, 0x0000000513000000|  0%| F|  |TAMS 0x0000000512800000| PB 0x0000000512800000| Untracked 
| 414|0x0000000513000000, 0x0000000513000000, 0x0000000513800000|  0%| F|  |TAMS 0x0000000513000000| PB 0x0000000513000000| Untracked 
| 415|0x0000000513800000, 0x0000000513800000, 0x0000000514000000|  0%| F|  |TAMS 0x0000000513800000| PB 0x0000000513800000| Untracked 
| 416|0x0000000514000000, 0x0000000514000000, 0x0000000514800000|  0%| F|  |TAMS 0x0000000514000000| PB 0x0000000514000000| Untracked 
| 417|0x0000000514800000, 0x0000000514800000, 0x0000000515000000|  0%| F|  |TAMS 0x0000000514800000| PB 0x0000000514800000| Untracked 
| 418|0x0000000515000000, 0x0000000515000000, 0x0000000515800000|  0%| F|  |TAMS 0x0000000515000000| PB 0x0000000515000000| Untracked 
| 419|0x0000000515800000, 0x0000000515800000, 0x0000000516000000|  0%| F|  |TAMS 0x0000000515800000| PB 0x0000000515800000| Untracked 
| 420|0x0000000516000000, 0x0000000516000000, 0x0000000516800000|  0%| F|  |TAMS 0x0000000516000000| PB 0x0000000516000000| Untracked 
| 421|0x0000000516800000, 0x0000000516800000, 0x0000000517000000|  0%| F|  |TAMS 0x0000000516800000| PB 0x0000000516800000| Untracked 
| 422|0x0000000517000000, 0x0000000517000000, 0x0000000517800000|  0%| F|  |TAMS 0x0000000517000000| PB 0x0000000517000000| Untracked 
| 423|0x0000000517800000, 0x0000000517800000, 0x0000000518000000|  0%| F|  |TAMS 0x0000000517800000| PB 0x0000000517800000| Untracked 
| 424|0x0000000518000000, 0x0000000518000000, 0x0000000518800000|  0%| F|  |TAMS 0x0000000518000000| PB 0x0000000518000000| Untracked 
| 425|0x0000000518800000, 0x0000000518800000, 0x0000000519000000|  0%| F|  |TAMS 0x0000000518800000| PB 0x0000000518800000| Untracked 
| 426|0x0000000519000000, 0x0000000519000000, 0x0000000519800000|  0%| F|  |TAMS 0x0000000519000000| PB 0x0000000519000000| Untracked 
| 427|0x0000000519800000, 0x0000000519800000, 0x000000051a000000|  0%| F|  |TAMS 0x0000000519800000| PB 0x0000000519800000| Untracked 
| 428|0x000000051a000000, 0x000000051a000000, 0x000000051a800000|  0%| F|  |TAMS 0x000000051a000000| PB 0x000000051a000000| Untracked 
| 429|0x000000051a800000, 0x000000051a800000, 0x000000051b000000|  0%| F|  |TAMS 0x000000051a800000| PB 0x000000051a800000| Untracked 
| 430|0x000000051b000000, 0x000000051b000000, 0x000000051b800000|  0%| F|  |TAMS 0x000000051b000000| PB 0x000000051b000000| Untracked 
| 431|0x000000051b800000, 0x000000051b800000, 0x000000051c000000|  0%| F|  |TAMS 0x000000051b800000| PB 0x000000051b800000| Untracked 
| 432|0x000000051c000000, 0x000000051c2d69c0, 0x000000051c800000| 35%| S|CS|TAMS 0x000000051c000000| PB 0x000000051c000000| Complete 
| 433|0x000000051c800000, 0x000000051d000000, 0x000000051d000000|100%| S|CS|TAMS 0x000000051c800000| PB 0x000000051c800000| Complete 
| 434|0x000000051d000000, 0x000000051d800000, 0x000000051d800000|100%| S|CS|TAMS 0x000000051d000000| PB 0x000000051d000000| Complete 
|1906|0x00000007fd000000, 0x00000007fd800000, 0x00000007fd800000|100%| S|CS|TAMS 0x00000007fd000000| PB 0x00000007fd000000| Complete 
|1907|0x00000007fd800000, 0x00000007fe000000, 0x00000007fe000000|100%| O|  |TAMS 0x00000007fe000000| PB 0x00000007fd800000| Untracked 
|1908|0x00000007fe000000, 0x00000007fe800000, 0x00000007fe800000|100%| S|CS|TAMS 0x00000007fe000000| PB 0x00000007fe000000| Complete 
|1909|0x00000007fe800000, 0x00000007fe800000, 0x00000007ff000000|  0%| F|  |TAMS 0x00000007fe800000| PB 0x00000007fe800000| Untracked 
|1910|0x00000007ff000000, 0x00000007ff000000, 0x00000007ff800000|  0%| F|  |TAMS 0x00000007ff000000| PB 0x00000007ff000000| Untracked 
|1911|0x00000007ff800000, 0x00000007ff800000, 0x0000000800000000|  0%| F|  |TAMS 0x00000007ff800000| PB 0x00000007ff800000| Untracked 

Card table byte_map: [0x00000163732f0000,0x00000163750d0000] _byte_map_base: 0x00000163710d0000

Marking Bits: (CMBitMap*) 0x00000163596077e0
 Bits: [0x0000016300000000, 0x000001630ef00000)

Polling page: 0x00000163577c0000

Metaspace:

Usage:
  Non-class:    133.21 MB used.
      Class:     13.08 MB used.
       Both:    146.29 MB used.

Virtual space:
  Non-class space:      192.00 MB reserved,     133.56 MB ( 70%) committed,  3 nodes.
      Class space:        1.00 GB reserved,      13.38 MB (  1%) committed,  1 nodes.
             Both:        1.19 GB reserved,     146.94 MB ( 12%) committed. 

Chunk freelists:
   Non-Class:  10.36 MB
       Class:  2.51 MB
        Both:  12.87 MB

MaxMetaspaceSize: unlimited
CompressedClassSpaceSize: 1.00 GB
Initial GC threshold: 21.00 MB
Current GC threshold: 244.69 MB
CDS: on
 - commit_granule_bytes: 65536.
 - commit_granule_words: 8192.
 - virtual_space_node_default_size: 8388608.
 - enlarge_chunks_in_place: 1.
 - use_allocation_guard: 0.


Internal statistics:

num_allocs_failed_limit: 18.
num_arena_births: 956.
num_arena_deaths: 0.
num_vsnodes_births: 4.
num_vsnodes_deaths: 0.
num_space_committed: 2270.
num_space_uncommitted: 0.
num_chunks_returned_to_freelist: 18.
num_chunks_taken_from_freelist: 5420.
num_chunk_merges: 9.
num_chunk_splits: 4451.
num_chunks_enlarged: 3822.
num_inconsistent_stats: 0.

CodeHeap 'non-profiled nmethods': size=119168Kb used=6178Kb max_used=17350Kb free=112989Kb
 bounds [0x0000016369830000, 0x000001636a990000, 0x0000016370c90000]
CodeHeap 'profiled nmethods': size=119104Kb used=5600Kb max_used=36512Kb free=113503Kb
 bounds [0x0000016361c90000, 0x00000163640a0000, 0x00000163690e0000]
CodeHeap 'non-nmethods': size=7488Kb used=2041Kb max_used=4010Kb free=5446Kb
 bounds [0x00000163690e0000, 0x0000016369510000, 0x0000016369830000]
CodeCache: size=245760Kb, used=13819Kb, max_used=57872Kb, free=231938Kb
 total_blobs=4165, nmethods=3227, adapters=839, full_count=0
Compilation: enabled, stopped_count=0, restarted_count=0

Compilation events (20 events):
Event: 109.510 Thread 0x0000016350091fe0 19370       3       java.lang.CharacterData01::toUpperCase (30 bytes)
Event: 109.510 Thread 0x0000016350091fe0 nmethod 19370 0x00000163620d2c10 code [0x00000163620d2dc0, 0x00000163620d2f68]
Event: 109.510 Thread 0x0000016350091fe0 19371       3       java.lang.CharacterData01::getProperties (32 bytes)
Event: 109.510 Thread 0x0000016350091fe0 nmethod 19371 0x0000016361d26a90 code [0x0000016361d26c40, 0x0000016361d26e00]
Event: 109.510 Thread 0x0000016350091fe0 19372       3       java.lang.Character::toSurrogates (17 bytes)
Event: 109.510 Thread 0x00000163752c73b0 19373       4       java.lang.Character::isLowSurrogate (18 bytes)
Event: 109.510 Thread 0x0000016350091fe0 nmethod 19372 0x0000016361d79290 code [0x0000016361d79440, 0x0000016361d79660]
Event: 109.510 Thread 0x00000163752c73b0 nmethod 19373 0x00000163698aef90 code [0x00000163698af120, 0x00000163698af1b8]
Event: 109.510 Thread 0x00000163752c73b0 19374       4       java.lang.Character::isHighSurrogate (18 bytes)
Event: 109.511 Thread 0x00000163752c73b0 nmethod 19374 0x0000016369a7dd90 code [0x0000016369a7df00, 0x0000016369a7df80]
Event: 109.511 Thread 0x00000163752c73b0 19375       4       java.lang.StringUTF16::toUpperCase (276 bytes)
Event: 109.525 Thread 0x00000163752c73b0 nmethod 19375 0x0000016369c22790 code [0x0000016369c22a20, 0x0000016369c23780]
Event: 109.525 Thread 0x00000163752c73b0 19376       4       java.lang.StringUTF16::codePointAt (86 bytes)
Event: 109.525 Thread 0x00000163752c73b0 nmethod 19376 0x0000016369989b90 code [0x0000016369989d20, 0x0000016369989e38]
Event: 109.577 Thread 0x0000016350091fe0 19377       3       java.lang.Character::toChars (59 bytes)
Event: 109.578 Thread 0x0000016350091fe0 nmethod 19377 0x0000016362434490 code [0x0000016362434780, 0x0000016362435950]
Event: 109.578 Thread 0x00000163752c73b0 19378       4       java.lang.Character::toUpperCaseEx (30 bytes)
Event: 109.579 Thread 0x00000163752c73b0 nmethod 19378 0x000001636988eb10 code [0x000001636988ecc0, 0x000001636988eec0]
Event: 109.682 Thread 0x0000016350091fe0 19379       3       java.util.ResourceBundle$KeyElementReference::<init> (12 bytes)
Event: 109.682 Thread 0x0000016350091fe0 nmethod 19379 0x0000016361d36210 code [0x0000016361d363e0, 0x0000016361d36780]

GC Heap History (20 events):
Event: 108.130 GC heap after
{Heap after GC invocations=99 (full 11):
 garbage-first heap   total 2711552K, used 754031K [0x0000000444000000, 0x0000000800000000)
  region size 8192K, 1 young (8192K), 1 survivors (8192K)
 Metaspace       used 149792K, committed 150464K, reserved 1245184K
  class space    used 13389K, committed 13696K, reserved 1048576K
}
Event: 108.674 GC heap before
{Heap before GC invocations=100 (full 11):
 garbage-first heap   total 2711552K, used 2441583K [0x0000000444000000, 0x0000000800000000)
  region size 8192K, 198 young (1622016K), 1 survivors (8192K)
 Metaspace       used 149792K, committed 150464K, reserved 1245184K
  class space    used 13389K, committed 13696K, reserved 1048576K
}
Event: 108.690 GC heap after
{Heap after GC invocations=101 (full 11):
 garbage-first heap   total 2711552K, used 816903K [0x0000000444000000, 0x0000000800000000)
  region size 8192K, 9 young (73728K), 9 survivors (73728K)
 Metaspace       used 149792K, committed 150464K, reserved 1245184K
  class space    used 13389K, committed 13696K, reserved 1048576K
}
Event: 109.389 GC heap before
{Heap before GC invocations=101 (full 11):
 garbage-first heap   total 2711552K, used 2356999K [0x0000000444000000, 0x0000000800000000)
  region size 8192K, 198 young (1622016K), 9 survivors (73728K)
 Metaspace       used 149792K, committed 150464K, reserved 1245184K
  class space    used 13389K, committed 13696K, reserved 1048576K
}
Event: 109.404 GC heap after
{Heap after GC invocations=102 (full 11):
 garbage-first heap   total 2711552K, used 819667K [0x0000000444000000, 0x0000000800000000)
  region size 8192K, 9 young (73728K), 9 survivors (73728K)
 Metaspace       used 149792K, committed 150464K, reserved 1245184K
  class space    used 13389K, committed 13696K, reserved 1048576K
}
Event: 109.678 GC heap before
{Heap before GC invocations=102 (full 11):
 garbage-first heap   total 2711552K, used 1188307K [0x0000000444000000, 0x0000000800000000)
  region size 8192K, 55 young (450560K), 9 survivors (73728K)
 Metaspace       used 149794K, committed 150464K, reserved 1245184K
  class space    used 13389K, committed 13696K, reserved 1048576K
}
Event: 109.679 GC heap after
{Heap after GC invocations=103 (full 11):
 garbage-first heap   total 2711552K, used 761242K [0x0000000444000000, 0x0000000800000000)
  region size 8192K, 2 young (16384K), 2 survivors (16384K)
 Metaspace       used 149794K, committed 150464K, reserved 1245184K
  class space    used 13389K, committed 13696K, reserved 1048576K
}
Event: 110.092 GC heap before
{Heap before GC invocations=104 (full 11):
 garbage-first heap   total 2719744K, used 2694554K [0x0000000444000000, 0x0000000800000000)
  region size 8192K, 95 young (778240K), 2 survivors (16384K)
 Metaspace       used 149794K, committed 150464K, reserved 1245184K
  class space    used 13389K, committed 13696K, reserved 1048576K
}
Event: 110.099 GC heap after
{Heap after GC invocations=105 (full 11):
 garbage-first heap   total 2760704K, used 791733K [0x0000000444000000, 0x0000000800000000)
  region size 8192K, 5 young (40960K), 5 survivors (40960K)
 Metaspace       used 149794K, committed 150464K, reserved 1245184K
  class space    used 13389K, committed 13696K, reserved 1048576K
}
Event: 110.264 GC heap before
{Heap before GC invocations=105 (full 11):
 garbage-first heap   total 2834432K, used 2806965K [0x0000000444000000, 0x0000000800000000)
  region size 8192K, 34 young (278528K), 5 survivors (40960K)
 Metaspace       used 149799K, committed 150464K, reserved 1245184K
  class space    used 13390K, committed 13696K, reserved 1048576K
}
Event: 110.273 GC heap after
{Heap after GC invocations=106 (full 11):
 garbage-first heap   total 2875392K, used 784516K [0x0000000444000000, 0x0000000800000000)
  region size 8192K, 5 young (40960K), 5 survivors (40960K)
 Metaspace       used 149799K, committed 150464K, reserved 1245184K
  class space    used 13390K, committed 13696K, reserved 1048576K
}
Event: 110.278 GC heap before
{Heap before GC invocations=106 (full 11):
 garbage-first heap   total 2875392K, used 784516K [0x0000000444000000, 0x0000000800000000)
  region size 8192K, 7 young (57344K), 5 survivors (40960K)
 Metaspace       used 149799K, committed 150464K, reserved 1245184K
  class space    used 13390K, committed 13696K, reserved 1048576K
}
Event: 110.284 GC heap after
{Heap after GC invocations=107 (full 11):
 garbage-first heap   total 3612672K, used 785470K [0x0000000444000000, 0x0000000800000000)
  region size 8192K, 5 young (40960K), 5 survivors (40960K)
 Metaspace       used 149799K, committed 150464K, reserved 1245184K
  class space    used 13390K, committed 13696K, reserved 1048576K
}
Event: 110.313 GC heap before
{Heap before GC invocations=107 (full 11):
 garbage-first heap   total 3612672K, used 973886K [0x0000000444000000, 0x0000000800000000)
  region size 8192K, 9 young (73728K), 5 survivors (40960K)
 Metaspace       used 149799K, committed 150464K, reserved 1245184K
  class space    used 13390K, committed 13696K, reserved 1048576K
}
Event: 110.321 GC heap after
{Heap after GC invocations=108 (full 11):
 garbage-first heap   total 3612672K, used 791844K [0x0000000444000000, 0x0000000800000000)
  region size 8192K, 5 young (40960K), 5 survivors (40960K)
 Metaspace       used 149799K, committed 150464K, reserved 1245184K
  class space    used 13390K, committed 13696K, reserved 1048576K
}
Event: 110.328 GC heap before
{Heap before GC invocations=108 (full 11):
 garbage-first heap   total 3612672K, used 914724K [0x0000000444000000, 0x0000000800000000)
  region size 8192K, 7 young (57344K), 5 survivors (40960K)
 Metaspace       used 149799K, committed 150464K, reserved 1245184K
  class space    used 13390K, committed 13696K, reserved 1048576K
}
Event: 110.335 GC heap after
{Heap after GC invocations=109 (full 11):
 garbage-first heap   total 3612672K, used 798110K [0x0000000444000000, 0x0000000800000000)
  region size 8192K, 6 young (49152K), 6 survivors (49152K)
 Metaspace       used 149799K, committed 150464K, reserved 1245184K
  class space    used 13390K, committed 13696K, reserved 1048576K
}
Event: 110.353 GC heap before
{Heap before GC invocations=109 (full 11):
 garbage-first heap   total 3612672K, used 953758K [0x0000000444000000, 0x0000000800000000)
  region size 8192K, 9 young (73728K), 6 survivors (49152K)
 Metaspace       used 149799K, committed 150464K, reserved 1245184K
  class space    used 13390K, committed 13696K, reserved 1048576K
}
Event: 110.358 GC heap after
{Heap after GC invocations=110 (full 11):
 garbage-first heap   total 3612672K, used 791588K [0x0000000444000000, 0x0000000800000000)
  region size 8192K, 5 young (40960K), 5 survivors (40960K)
 Metaspace       used 149799K, committed 150464K, reserved 1245184K
  class space    used 13390K, committed 13696K, reserved 1048576K
}
Event: 110.375 GC heap before
{Heap before GC invocations=110 (full 11):
 garbage-first heap   total 3612672K, used 947236K [0x0000000444000000, 0x0000000800000000)
  region size 8192K, 8 young (65536K), 5 survivors (40960K)
 Metaspace       used 149799K, committed 150464K, reserved 1245184K
  class space    used 13390K, committed 13696K, reserved 1048576K
}

Dll operation events (15 events):
Event: 0.005 Loaded shared library C:\Program Files\Microsoft\jdk-21.0.10.7-hotspot\bin\java.dll
Event: 0.027 Loaded shared library C:\Program Files\Microsoft\jdk-21.0.10.7-hotspot\bin\jsvml.dll
Event: 0.037 Loaded shared library C:\Program Files\Microsoft\jdk-21.0.10.7-hotspot\bin\net.dll
Event: 0.038 Loaded shared library C:\Program Files\Microsoft\jdk-21.0.10.7-hotspot\bin\nio.dll
Event: 0.060 Loaded shared library C:\Program Files\Microsoft\jdk-21.0.10.7-hotspot\bin\zip.dll
Event: 0.122 Loaded shared library C:\Program Files\Microsoft\jdk-21.0.10.7-hotspot\bin\jimage.dll
Event: 0.601 Loaded shared library C:\Program Files\Microsoft\jdk-21.0.10.7-hotspot\bin\verify.dll
Event: 20.772 Loaded shared library C:\Program Files\Microsoft\jdk-21.0.10.7-hotspot\bin\sunmscapi.dll
Event: 20.816 Loaded shared library C:\Program Files\Microsoft\jdk-21.0.10.7-hotspot\bin\extnet.dll
Event: 41.561 Loaded shared library C:\Users\Jose\AppData\Local\Temp\sqlite-3.50.3.0-b622e1eb-fa75-40c6-ba76-10d808dd8ea0-sqlitejdbc.dll
Event: 42.185 Loaded shared library C:\Program Files\Microsoft\jdk-21.0.10.7-hotspot\bin\management.dll
Event: 42.191 Loaded shared library C:\Program Files\Microsoft\jdk-21.0.10.7-hotspot\bin\management_ext.dll
Event: 42.331 Loaded shared library C:\Program Files\Microsoft\jdk-21.0.10.7-hotspot\bin\awt.dll
Event: 74.951 Loaded shared library C:\Program Files\Microsoft\jdk-21.0.10.7-hotspot\bin\freetype.dll
Event: 74.952 Loaded shared library C:\Program Files\Microsoft\jdk-21.0.10.7-hotspot\bin\fontmanager.dll

Deoptimization events (20 events):
Event: 105.910 Thread 0x00000163571520a0 Uncommon trap: trap_request=0xffffff45 fr.pc=0x000001636a60d7e0 relative=0x0000000000008640
Event: 105.910 Thread 0x00000163571520a0 Uncommon trap: reason=unstable_if action=reinterpret pc=0x000001636a60d7e0 method=org.hl7.fhir.utilities.xhtml.XhtmlComposer.writeElement(Ljava/lang/String;Lorg/hl7/fhir/utilities/xhtml/XhtmlNode;Z)V @ 48 c2
Event: 105.910 Thread 0x00000163571520a0 DEOPT PACKING pc=0x000001636a60d7e0 sp=0x000000470bcfea10
Event: 105.910 Thread 0x00000163571520a0 DEOPT UNPACKING pc=0x0000016369137ba2 sp=0x000000470bcfea20 mode 2
Event: 105.910 Thread 0x00000163571520a0 Uncommon trap: trap_request=0xffffffde fr.pc=0x000001636a6abf94 relative=0x00000000000019d4
Event: 105.910 Thread 0x00000163571520a0 Uncommon trap: reason=class_check action=maybe_recompile pc=0x000001636a6abf94 method=org.hl7.fhir.utilities.xhtml.XhtmlComposer.writeText(Lorg/hl7/fhir/utilities/xhtml/XhtmlNode;)V @ 577 c2
Event: 105.910 Thread 0x00000163571520a0 DEOPT PACKING pc=0x000001636a6abf94 sp=0x000000470bcfea30
Event: 105.910 Thread 0x00000163571520a0 DEOPT UNPACKING pc=0x0000016369137ba2 sp=0x000000470bcfea18 mode 2
Event: 105.910 Thread 0x00000163571520a0 Uncommon trap: trap_request=0xffffffde fr.pc=0x000001636a6abf94 relative=0x00000000000019d4
Event: 105.910 Thread 0x00000163571520a0 Uncommon trap: reason=class_check action=maybe_recompile pc=0x000001636a6abf94 method=org.hl7.fhir.utilities.xhtml.XhtmlComposer.writeText(Lorg/hl7/fhir/utilities/xhtml/XhtmlNode;)V @ 577 c2
Event: 105.910 Thread 0x00000163571520a0 DEOPT PACKING pc=0x000001636a6abf94 sp=0x000000470bcfe920
Event: 105.910 Thread 0x00000163571520a0 DEOPT UNPACKING pc=0x0000016369137ba2 sp=0x000000470bcfe908 mode 2
Event: 105.911 Thread 0x00000163571520a0 Uncommon trap: trap_request=0xffffff45 fr.pc=0x0000016369e79f10 relative=0x0000000000000f10
Event: 105.911 Thread 0x00000163571520a0 Uncommon trap: reason=unstable_if action=reinterpret pc=0x0000016369e79f10 method=sun.nio.cs.StreamEncoder.lockedWrite([CII)V @ 41 c2
Event: 105.911 Thread 0x00000163571520a0 DEOPT PACKING pc=0x0000016369e79f10 sp=0x000000470bcfe810
Event: 105.911 Thread 0x00000163571520a0 DEOPT UNPACKING pc=0x0000016369137ba2 sp=0x000000470bcfe788 mode 2
Event: 106.670 Thread 0x00000163571520a0 Uncommon trap: trap_request=0xffffff45 fr.pc=0x000001636a8b201c relative=0x00000000000024fc
Event: 106.670 Thread 0x00000163571520a0 Uncommon trap: reason=unstable_if action=reinterpret pc=0x000001636a8b201c method=org.hl7.fhir.utilities.xhtml.XhtmlComposer.writeText(Lorg/hl7/fhir/utilities/xhtml/XhtmlNode;)V @ 488 c2
Event: 106.670 Thread 0x00000163571520a0 DEOPT PACKING pc=0x000001636a8b201c sp=0x000000470bcfcd50
Event: 106.670 Thread 0x00000163571520a0 DEOPT UNPACKING pc=0x0000016369137ba2 sp=0x000000470bcfcd38 mode 2

Classes loaded (20 events):
Event: 97.607 Loading class jdk/internal/misc/ExtendedMapMode
Event: 97.608 Loading class jdk/internal/misc/ExtendedMapMode done
Event: 97.608 Loading class sun/nio/ch/FileChannelImpl$DefaultUnmapper
Event: 97.609 Loading class sun/nio/ch/FileChannelImpl$Unmapper
Event: 97.609 Loading class jdk/internal/access/foreign/UnmapperProxy
Event: 97.609 Loading class jdk/internal/access/foreign/UnmapperProxy done
Event: 97.609 Loading class sun/nio/ch/FileChannelImpl$Unmapper done
Event: 97.609 Loading class sun/nio/ch/FileChannelImpl$DefaultUnmapper done
Event: 97.609 Loading class sun/nio/ch/Util$4
Event: 97.609 Loading class sun/nio/ch/Util$4 done
Event: 97.655 Loading class java/util/zip/ZipOutputStream
Event: 97.655 Loading class java/util/zip/DeflaterOutputStream
Event: 97.655 Loading class java/util/zip/DeflaterOutputStream done
Event: 97.655 Loading class java/util/zip/ZipOutputStream done
Event: 97.656 Loading class java/util/zip/ZipOutputStream$XEntry
Event: 97.656 Loading class java/util/zip/ZipOutputStream$XEntry done
Event: 105.145 Loading class java/lang/CharacterData01
Event: 105.146 Loading class java/lang/CharacterData01 done
Event: 110.201 Loading class sun/net/util/SocketExceptions
Event: 110.201 Loading class sun/net/util/SocketExceptions done

Classes unloaded (0 events):
No events

Classes redefined (0 events):
No events

Internal exceptions (20 events):
Event: 95.985 Thread 0x00000163571520a0 Exception <a 'sun/nio/fs/WindowsException'{0x00000004a1655d90}> (0x00000004a1655d90) 
thrown [s\src\hotspot\share\prims\jni.cpp, line 520]
Event: 95.985 Thread 0x00000163571520a0 Exception <a 'sun/nio/fs/WindowsException'{0x00000004a1656910}> (0x00000004a1656910) 
thrown [s\src\hotspot\share\prims\jni.cpp, line 520]
Event: 95.986 Thread 0x00000163571520a0 Exception <a 'sun/nio/fs/WindowsException'{0x00000004a1657438}> (0x00000004a1657438) 
thrown [s\src\hotspot\share\prims\jni.cpp, line 520]
Event: 95.986 Thread 0x00000163571520a0 Exception <a 'sun/nio/fs/WindowsException'{0x00000004a1657f50}> (0x00000004a1657f50) 
thrown [s\src\hotspot\share\prims\jni.cpp, line 520]
Event: 95.986 Thread 0x00000163571520a0 Exception <a 'sun/nio/fs/WindowsException'{0x00000004a1658a40}> (0x00000004a1658a40) 
thrown [s\src\hotspot\share\prims\jni.cpp, line 520]
Event: 95.987 Thread 0x00000163571520a0 Exception <a 'sun/nio/fs/WindowsException'{0x00000004a1659510}> (0x00000004a1659510) 
thrown [s\src\hotspot\share\prims\jni.cpp, line 520]
Event: 95.987 Thread 0x00000163571520a0 Exception <a 'sun/nio/fs/WindowsException'{0x00000004a165a000}> (0x00000004a165a000) 
thrown [s\src\hotspot\share\prims\jni.cpp, line 520]
Event: 95.988 Thread 0x00000163571520a0 Exception <a 'sun/nio/fs/WindowsException'{0x00000004a165ab48}> (0x00000004a165ab48) 
thrown [s\src\hotspot\share\prims\jni.cpp, line 520]
Event: 95.989 Thread 0x00000163571520a0 Exception <a 'sun/nio/fs/WindowsException'{0x00000004a165b670}> (0x00000004a165b670) 
thrown [s\src\hotspot\share\prims\jni.cpp, line 520]
Event: 95.989 Thread 0x00000163571520a0 Exception <a 'sun/nio/fs/WindowsException'{0x00000004a165c858}> (0x00000004a165c858) 
thrown [s\src\hotspot\share\prims\jni.cpp, line 520]
Event: 95.990 Thread 0x00000163571520a0 Exception <a 'sun/nio/fs/WindowsException'{0x00000004a165d248}> (0x00000004a165d248) 
thrown [s\src\hotspot\share\prims\jni.cpp, line 520]
Event: 95.991 Thread 0x00000163571520a0 Exception <a 'sun/nio/fs/WindowsException'{0x00000004a165dde0}> (0x00000004a165dde0) 
thrown [s\src\hotspot\share\prims\jni.cpp, line 520]
Event: 95.992 Thread 0x00000163571520a0 Exception <a 'sun/nio/fs/WindowsException'{0x00000004a165e900}> (0x00000004a165e900) 
thrown [s\src\hotspot\share\prims\jni.cpp, line 520]
Event: 97.609 Thread 0x00000163571520a0 Implicit null exception at 0x000001636a8fdde0 to 0x000001636a8fdf2c
Event: 97.610 Thread 0x00000163571520a0 Exception <a 'java/lang/NoSuchMethodError'{0x00000007ff818588}: 'java.lang.Object java.lang.invoke.DelegatingMethodHandle$Holder.reinvoke_L(java.lang.Object, int, long, java.lang.Object, java.lang.Object, int, java.lang.Object)'> (0x00000007ff818588) 
thrown [s\src\hotspot\share\interpreter\linkResolver.cpp, line 773]
Event: 97.666 Thread 0x00000163571520a0 Exception <a 'java/io/IOException'{0x00000007ffd522f8}: CreateProcess error=2, The system cannot find the file specified> (0x00000007ffd522f8) 
thrown [s\src\hotspot\share\prims\jni.cpp, line 539]
Event: 97.853 Thread 0x00000163571520a0 Exception <a 'sun/nio/fs/WindowsException'{0x00000004b4b7c2e8}> (0x00000004b4b7c2e8) 
thrown [s\src\hotspot\share\prims\jni.cpp, line 520]
Event: 98.871 Thread 0x00000163571520a0 Exception <a 'java/lang/NoSuchMethodError'{0x0000000487b78a30}: 'java.lang.Object java.lang.invoke.DirectMethodHandle$Holder.invokeSpecial(java.lang.Object, java.lang.Object, java.lang.Object, java.lang.Object, long, long)'> (0x0000000487b78a30) 
thrown [s\src\hotspot\share\interpreter\linkResolver.cpp, line 773]
Event: 98.873 Thread 0x00000163571520a0 Implicit null exception at 0x000001636a09c824 to 0x000001636a0a2b0c
Event: 110.201 Thread 0x000001638bdf57c0 Exception <a 'java/net/ConnectException'{0x00000004e6f367a0}: Connection timed out: connect> (0x00000004e6f367a0) 
thrown [s\src\hotspot\share\prims\jni.cpp, line 539]

ZGC Phase Switch (0 events):
No events

VM Operations (20 events):
Event: 109.404 Executing safepoint VM operation: G1CollectForAllocation (G1 Evacuation Pause) done
Event: 109.678 Executing safepoint VM operation: G1TryInitiateConcMark (G1 Humongous Allocation)
Event: 109.679 Executing safepoint VM operation: G1TryInitiateConcMark (G1 Humongous Allocation) done
Event: 109.886 Executing safepoint VM operation: G1PauseRemark
Event: 109.888 Executing safepoint VM operation: G1PauseRemark done
Event: 109.939 Executing safepoint VM operation: G1PauseCleanup
Event: 109.939 Executing safepoint VM operation: G1PauseCleanup done
Event: 110.091 Executing safepoint VM operation: G1CollectForAllocation (G1 Evacuation Pause)
Event: 110.099 Executing safepoint VM operation: G1CollectForAllocation (G1 Evacuation Pause) done
Event: 110.264 Executing safepoint VM operation: G1CollectForAllocation (G1 Evacuation Pause)
Event: 110.273 Executing safepoint VM operation: G1CollectForAllocation (G1 Evacuation Pause) done
Event: 110.278 Executing safepoint VM operation: G1TryInitiateConcMark (G1 Humongous Allocation)
Event: 110.284 Executing safepoint VM operation: G1TryInitiateConcMark (G1 Humongous Allocation) done
Event: 110.313 Executing safepoint VM operation: G1TryInitiateConcMark (G1 Humongous Allocation)
Event: 110.321 Executing safepoint VM operation: G1TryInitiateConcMark (G1 Humongous Allocation) done
Event: 110.328 Executing safepoint VM operation: G1TryInitiateConcMark (G1 Humongous Allocation)
Event: 110.335 Executing safepoint VM operation: G1TryInitiateConcMark (G1 Humongous Allocation) done
Event: 110.353 Executing safepoint VM operation: G1TryInitiateConcMark (G1 Humongous Allocation)
Event: 110.358 Executing safepoint VM operation: G1TryInitiateConcMark (G1 Humongous Allocation) done
Event: 110.375 Executing safepoint VM operation: G1TryInitiateConcMark (G1 Humongous Allocation)

Memory protections (0 events):
No events

Nmethod flushes (20 events):
Event: 108.360 Thread 0x0000016375276e10 flushing  nmethod 0x0000016369a9f010
Event: 108.360 Thread 0x0000016375276e10 flushing  nmethod 0x000001636a604510
Event: 108.360 Thread 0x0000016375276e10 flushing  nmethod 0x00000163620fe110
Event: 108.360 Thread 0x0000016375276e10 flushing  nmethod 0x0000016369e78d10
Event: 108.360 Thread 0x0000016375276e10 flushing  nmethod 0x0000016361debf90
Event: 108.360 Thread 0x0000016375276e10 flushing  nmethod 0x00000163620a2990
Event: 108.360 Thread 0x0000016375276e10 flushing  nmethod 0x000001636279d310
Event: 108.360 Thread 0x0000016375276e10 flushing  nmethod 0x0000016362f04d90
Event: 108.360 Thread 0x0000016375276e10 flushing  nmethod 0x000001636a6aa010
Event: 108.360 Thread 0x0000016375276e10 flushing  nmethod 0x00000163632c5b10
Event: 108.360 Thread 0x0000016375276e10 flushing  nmethod 0x00000163632d1810
Event: 108.360 Thread 0x0000016375276e10 flushing  nmethod 0x000001636a8af490
Event: 108.360 Thread 0x0000016375276e10 flushing  nmethod 0x0000016361ea4e10
Event: 108.360 Thread 0x0000016375276e10 flushing  nmethod 0x0000016362343a90
Event: 108.360 Thread 0x0000016375276e10 flushing  nmethod 0x000001636262f210
Event: 108.360 Thread 0x0000016375276e10 flushing  nmethod 0x0000016369dee110
Event: 108.360 Thread 0x0000016375276e10 flushing  nmethod 0x0000016361ce5490
Event: 109.888 Thread 0x0000016375276e10 flushing  nmethod 0x0000016361cfe390
Event: 109.888 Thread 0x0000016375276e10 flushing  nmethod 0x000001636256fa10
Event: 109.888 Thread 0x0000016375276e10 flushing  nmethod 0x0000016361cb3e90

Events (20 events):
Event: 104.116 Thread 0x00000163888ed650 Thread exited: 0x00000163888ed650
Event: 104.232 Thread 0x00000163888f0cd0 Thread exited: 0x00000163888f0cd0
Event: 104.232 Thread 0x00000163888ee3f0 Thread exited: 0x00000163888ee3f0
Event: 104.446 Thread 0x0000016350091fe0 Thread added: 0x00000163888eeac0
Event: 104.446 Thread 0x0000016350091fe0 Thread added: 0x00000163888ef860
Event: 104.451 Thread 0x0000016350091fe0 Thread added: 0x00000163888edd20
Event: 104.451 Thread 0x00000163888edd20 Thread added: 0x00000163888f0cd0
Event: 104.741 Thread 0x00000163888ef860 Thread exited: 0x00000163888ef860
Event: 105.135 Thread 0x00000163888eeac0 Thread exited: 0x00000163888eeac0
Event: 105.248 Thread 0x00000163752c73b0 Thread added: 0x00000163888ed650
Event: 105.799 Thread 0x00000163888ed650 Thread exited: 0x00000163888ed650
Event: 105.902 Thread 0x00000163888edd20 Thread added: 0x00000163888eeac0
Event: 105.902 Thread 0x00000163888edd20 Thread added: 0x00000163888eff30
Event: 105.911 Thread 0x0000016350091fe0 Thread added: 0x00000163888ee3f0
Event: 106.314 Thread 0x00000163888ee3f0 Thread exited: 0x00000163888ee3f0
Event: 106.667 Thread 0x00000163888eff30 Thread exited: 0x00000163888eff30
Event: 106.944 Thread 0x00000163888eeac0 Thread exited: 0x00000163888eeac0
Event: 109.490 Thread 0x00000163888f0cd0 Thread exited: 0x00000163888f0cd0
Event: 109.490 Thread 0x00000163888edd20 Thread exited: 0x00000163888edd20
Event: 110.203 Thread 0x000001638bdf57c0 Thread exited: 0x000001638bdf57c0


Dynamic libraries:
0x00007ff632c00000 - 0x00007ff632c0e000 	C:\Program Files\Microsoft\jdk-21.0.10.7-hotspot\bin\java.exe
0x00007ffd5ab00000 - 0x00007ffd5ad68000 	C:\WINDOWS\SYSTEM32\ntdll.dll
0x00007ffd59120000 - 0x00007ffd591e9000 	C:\WINDOWS\System32\KERNEL32.DLL
0x00007ffd57f40000 - 0x00007ffd58332000 	C:\WINDOWS\System32\KERNELBASE.dll
0x00007ffd58550000 - 0x00007ffd5869b000 	C:\WINDOWS\System32\ucrtbase.dll
0x00007ffd24dc0000 - 0x00007ffd24dde000 	C:\Program Files\Microsoft\jdk-21.0.10.7-hotspot\bin\VCRUNTIME140.dll
0x00007ffd24de0000 - 0x00007ffd24df8000 	C:\Program Files\Microsoft\jdk-21.0.10.7-hotspot\bin\jli.dll
0x00007ffd59bd0000 - 0x00007ffd59d95000 	C:\WINDOWS\System32\USER32.dll
0x00007ffd58750000 - 0x00007ffd58777000 	C:\WINDOWS\System32\win32u.dll
0x00007ffd3fe40000 - 0x00007ffd400d3000 	C:\WINDOWS\WinSxS\amd64_microsoft.windows.common-controls_6595b64144ccf1df_6.0.26100.6725_none_3e085828e334708b\COMCTL32.dll
0x00007ffd5a870000 - 0x00007ffd5a89b000 	C:\WINDOWS\System32\GDI32.dll
0x00007ffd5a750000 - 0x00007ffd5a7f9000 	C:\WINDOWS\System32\msvcrt.dll
0x00007ffd57c90000 - 0x00007ffd57dbd000 	C:\WINDOWS\System32\gdi32full.dll
0x00007ffd586a0000 - 0x00007ffd58743000 	C:\WINDOWS\System32\msvcp_win.dll
0x00007ffd59290000 - 0x00007ffd592bf000 	C:\WINDOWS\System32\IMM32.DLL
0x00007ffd3a870000 - 0x00007ffd3a87c000 	C:\Program Files\Microsoft\jdk-21.0.10.7-hotspot\bin\vcruntime140_1.dll
0x00007ffd02e30000 - 0x00007ffd02eb9000 	C:\Program Files\Microsoft\jdk-21.0.10.7-hotspot\bin\msvcp140.dll
0x00007ffc9e280000 - 0x00007ffc9f02d000 	C:\Program Files\Microsoft\jdk-21.0.10.7-hotspot\bin\server\jvm.dll
0x00007ffd59a30000 - 0x00007ffd59ae4000 	C:\WINDOWS\System32\ADVAPI32.dll
0x00007ffd58f40000 - 0x00007ffd58fe6000 	C:\WINDOWS\System32\sechost.dll
0x00007ffd58ff0000 - 0x00007ffd59108000 	C:\WINDOWS\System32\RPCRT4.dll
0x00007ffd58d60000 - 0x00007ffd58dd4000 	C:\WINDOWS\System32\WS2_32.dll
0x00007ffd4ed40000 - 0x00007ffd4ed75000 	C:\WINDOWS\SYSTEM32\WINMM.dll
0x00007ffd4ef90000 - 0x00007ffd4ef9b000 	C:\WINDOWS\SYSTEM32\VERSION.dll
0x00007ffd57af0000 - 0x00007ffd57b4e000 	C:\WINDOWS\SYSTEM32\POWRPROF.dll
0x00007ffd57ad0000 - 0x00007ffd57ae4000 	C:\WINDOWS\SYSTEM32\UMPDC.dll
0x00007ffd56a20000 - 0x00007ffd56a3b000 	C:\WINDOWS\SYSTEM32\kernel.appcore.dll
0x00007ffd2a1d0000 - 0x00007ffd2a1da000 	C:\Program Files\Microsoft\jdk-21.0.10.7-hotspot\bin\jimage.dll
0x00007ffd553d0000 - 0x00007ffd55612000 	C:\WINDOWS\SYSTEM32\DBGHELP.DLL
0x00007ffd5a3d0000 - 0x00007ffd5a74b000 	C:\WINDOWS\System32\combase.dll
0x00007ffd59af0000 - 0x00007ffd59bc7000 	C:\WINDOWS\System32\OLEAUT32.dll
0x00007ffd45070000 - 0x00007ffd450ac000 	C:\WINDOWS\SYSTEM32\dbgcore.DLL
0x00007ffd58340000 - 0x00007ffd583d8000 	C:\WINDOWS\System32\bcryptPrimitives.dll
0x00007ffd02200000 - 0x00007ffd02221000 	C:\Program Files\Microsoft\jdk-21.0.10.7-hotspot\bin\java.dll
0x00007ffd592d0000 - 0x00007ffd59a1c000 	C:\WINDOWS\System32\SHELL32.dll
0x00007ffd583e0000 - 0x00007ffd5854b000 	C:\WINDOWS\System32\wintypes.dll
0x00007ffd55890000 - 0x00007ffd560ed000 	C:\WINDOWS\SYSTEM32\windows.storage.dll
0x00007ffd5a090000 - 0x00007ffd5a182000 	C:\WINDOWS\System32\SHCORE.dll
0x00007ffd5a800000 - 0x00007ffd5a862000 	C:\WINDOWS\System32\shlwapi.dll
0x00007ffd57bb0000 - 0x00007ffd57bd9000 	C:\WINDOWS\SYSTEM32\profapi.dll
0x00007ffd02120000 - 0x00007ffd021f6000 	C:\Program Files\Microsoft\jdk-21.0.10.7-hotspot\bin\jsvml.dll
0x00007ffd24da0000 - 0x00007ffd24db1000 	C:\Program Files\Microsoft\jdk-21.0.10.7-hotspot\bin\net.dll
0x00007ffd507a0000 - 0x00007ffd508bf000 	C:\WINDOWS\SYSTEM32\WINHTTP.dll
0x00007ffd56f70000 - 0x00007ffd56fdb000 	C:\WINDOWS\system32\mswsock.dll
0x00007ffd02100000 - 0x00007ffd02116000 	C:\Program Files\Microsoft\jdk-21.0.10.7-hotspot\bin\nio.dll
0x00007ffd020e0000 - 0x00007ffd020f8000 	C:\Program Files\Microsoft\jdk-21.0.10.7-hotspot\bin\zip.dll
0x00007ffd294e0000 - 0x00007ffd294f0000 	C:\Program Files\Microsoft\jdk-21.0.10.7-hotspot\bin\verify.dll
0x00007ffd57350000 - 0x00007ffd5736b000 	C:\WINDOWS\SYSTEM32\CRYPTSP.dll
0x00007ffd56980000 - 0x00007ffd569bb000 	C:\WINDOWS\system32\rsaenh.dll
0x00007ffd57010000 - 0x00007ffd5703b000 	C:\WINDOWS\SYSTEM32\USERENV.dll
0x00007ffd57b80000 - 0x00007ffd57ba6000 	C:\WINDOWS\SYSTEM32\bcrypt.dll
0x00007ffd571b0000 - 0x00007ffd571bc000 	C:\WINDOWS\SYSTEM32\CRYPTBASE.dll
0x00007ffd56460000 - 0x00007ffd56494000 	C:\WINDOWS\SYSTEM32\IPHLPAPI.DLL
0x00007ffd59110000 - 0x00007ffd5911a000 	C:\WINDOWS\System32\NSI.dll
0x00007ffd289d0000 - 0x00007ffd289de000 	C:\Program Files\Microsoft\jdk-21.0.10.7-hotspot\bin\sunmscapi.dll
0x00007ffd57dc0000 - 0x00007ffd57f37000 	C:\WINDOWS\System32\CRYPT32.dll
0x00007ffd574a0000 - 0x00007ffd574d0000 	C:\WINDOWS\SYSTEM32\ncrypt.dll
0x00007ffd57450000 - 0x00007ffd5748f000 	C:\WINDOWS\SYSTEM32\NTASN1.dll
0x00007ffd56500000 - 0x00007ffd56626000 	C:\WINDOWS\SYSTEM32\DNSAPI.dll
0x00007ffd4fb90000 - 0x00007ffd4fb9b000 	C:\Windows\System32\rasadhlp.dll
0x00007ffd50df0000 - 0x00007ffd50e76000 	C:\WINDOWS\System32\fwpuclnt.dll
0x00007ffd271e0000 - 0x00007ffd271e9000 	C:\Program Files\Microsoft\jdk-21.0.10.7-hotspot\bin\extnet.dll
0x00007ffce1230000 - 0x00007ffce132b000 	C:\Users\Jose\AppData\Local\Temp\sqlite-3.50.3.0-b622e1eb-fa75-40c6-ba76-10d808dd8ea0-sqlitejdbc.dll
0x00007ffd260c0000 - 0x00007ffd260ca000 	C:\Program Files\Microsoft\jdk-21.0.10.7-hotspot\bin\management.dll
0x00007ffd24d30000 - 0x00007ffd24d3c000 	C:\Program Files\Microsoft\jdk-21.0.10.7-hotspot\bin\management_ext.dll
0x00007ffd59a20000 - 0x00007ffd59a28000 	C:\WINDOWS\System32\PSAPI.DLL
0x00007ffcbcf70000 - 0x00007ffcbd103000 	C:\Program Files\Microsoft\jdk-21.0.10.7-hotspot\bin\awt.dll
0x00007ffd54920000 - 0x00007ffd549bf000 	C:\WINDOWS\SYSTEM32\apphelp.dll
0x00007ffd56b40000 - 0x00007ffd56b76000 	C:\WINDOWS\SYSTEM32\ntmarta.dll
0x00007ffce25a0000 - 0x00007ffce2627000 	C:\Program Files\Microsoft\jdk-21.0.10.7-hotspot\bin\freetype.dll
0x00007ffce0870000 - 0x00007ffce0961000 	C:\Program Files\Microsoft\jdk-21.0.10.7-hotspot\bin\fontmanager.dll

JVMTI agents: none

dbghelp: loaded successfully - version: 4.0.5 - missing functions: none
symbol engine: initialized successfully - sym options: 0x614 - pdb path: .;C:\Program Files\Microsoft\jdk-21.0.10.7-hotspot\bin;C:\WINDOWS\SYSTEM32;C:\WINDOWS\WinSxS\amd64_microsoft.windows.common-controls_6595b64144ccf1df_6.0.26100.6725_none_3e085828e334708b;C:\Program Files\Microsoft\jdk-21.0.10.7-hotspot\bin\server;C:\Users\Jose\AppData\Local\Temp

VM Arguments:
jvm_args: -Dfile.encoding=UTF-8 
java_command: ..\publisher.jar -ig .
java_class_path (initial): ..\publisher.jar
Launcher Type: SUN_STANDARD

[Global flags]
     intx CICompilerCount                          = 12                                        {product} {ergonomic}
     uint ConcGCThreads                            = 3                                         {product} {ergonomic}
     uint G1ConcRefinementThreads                  = 13                                        {product} {ergonomic}
   size_t G1HeapRegionSize                         = 8388608                                   {product} {ergonomic}
    uintx GCDrainStackTargetSize                   = 64                                        {product} {ergonomic}
   size_t InitialHeapSize                          = 1006632960                                {product} {ergonomic}
   size_t MarkStackSize                            = 4194304                                   {product} {ergonomic}
   size_t MaxHeapSize                              = 16039018496                               {product} {ergonomic}
   size_t MaxNewSize                               = 9621733376                                {product} {ergonomic}
   size_t MinHeapDeltaBytes                        = 8388608                                   {product} {ergonomic}
   size_t MinHeapSize                              = 8388608                                   {product} {ergonomic}
    uintx NonNMethodCodeHeapSize                   = 7602480                                {pd product} {ergonomic}
    uintx NonProfiledCodeHeapSize                  = 122027880                              {pd product} {ergonomic}
    uintx ProfiledCodeHeapSize                     = 122027880                              {pd product} {ergonomic}
    uintx ReservedCodeCacheSize                    = 251658240                              {pd product} {ergonomic}
     bool SegmentedCodeCache                       = true                                      {product} {ergonomic}
   size_t SoftMaxHeapSize                          = 16039018496                            {manageable} {ergonomic}
     bool UseCompressedOops                        = true                           {product lp64_product} {ergonomic}
     bool UseG1GC                                  = true                                      {product} {ergonomic}
     bool UseLargePagesIndividualAllocation        = false                                  {pd product} {ergonomic}

Logging:
Log output configuration:
 #0: stdout all=warning uptime,level,tags foldmultilines=false
 #1: stderr all=off uptime,level,tags foldmultilines=false

Release file:
IMPLEMENTOR="Microsoft" 
IMPLEMENTOR_VERSION="Microsoft-13106404" 
JAVA_RUNTIME_VERSION="21.0.10+7-LTS" 
JAVA_VERSION="21.0.10" 
JAVA_VERSION_DATE="2026-01-20" 
LIBC="default" 
MODULES="java.base java.compiler java.datatransfer java.xml java.prefs java.desktop java.instrument java.logging java.management java.security.sasl java.naming java.rmi java.management.rmi java.net.http java.scripting java.security.jgss java.transaction.xa java.sql java.sql.rowset java.xml.crypto java.se java.smartcardio jdk.accessibility jdk.internal.jvmstat jdk.attach jdk.charsets jdk.internal.opt jdk.zipfs jdk.compiler jdk.crypto.ec jdk.crypto.cryptoki jdk.crypto.mscapi jdk.dynalink jdk.internal.ed jdk.editpad jdk.hotspot.agent jdk.httpserver jdk.incubator.vector jdk.internal.le jdk.internal.vm.ci jdk.internal.vm.compiler jdk.internal.vm.compiler.management jdk.jartool jdk.javadoc jdk.jcmd jdk.management jdk.management.agent jdk.jconsole jdk.jdeps jdk.jdwp.agent jdk.jdi jdk.jfr jdk.jlink jdk.jpackage jdk.jshell jdk.jsobject jdk.jstatd jdk.localedata jdk.management.jfr jdk.naming.dns jdk.naming.rmi jdk.net jdk.nio.mapmode jdk.random jdk.sctp jdk.security.auth jdk.security.jgss jdk.unsupported jdk.unsupported.desktop jdk.xml.dom" 
OS_ARCH="x86_64" 
OS_NAME="Windows" 
SOURCE=".:git:e69b6ef7382e" 

Environment Variables:
JAVA_HOME=C:\work\java\jdk-21
JAVA_TOOL_OPTIONS=-Dfile.encoding=UTF-8
PATH=C:\Program Files\Microsoft\jdk-21.0.10.7-hotspot\bin;C:\Python313\Scripts\;C:\Python313\;C:\Ruby32-x64\bin;C:\WINDOWS\system32;C:\WINDOWS;C:\WINDOWS\System32\Wbem;C:\WINDOWS\System32\WindowsPowerShell\v1.0\;C:\WINDOWS\System32\OpenSSH\;C:\Recovery\OEM\Backup\;c:\work\jdk-17.0.7\bin;C:\ProgramData\chocolatey\bin;C:\Program Files\VSCodium\bin;C:\Program Files\Git\cmd;C:\Program Files\maven\bin;C:\Program Files\Meld\;C:\WINDOWS\system32;C:\WINDOWS;C:\WINDOWS\System32\Wbem;C:\WINDOWS\System32\WindowsPowerShell\v1.0\;C:\WINDOWS\System32\OpenSSH\;C:\Users\Jose\AppData\Local\nvm;C:\nvm4w\nodejs;C:\Program Files\Go\bin;C:\Program Files\Git LFS;C:\Program Files\Docker\Docker\resources\bin;C:\Program Files\dotnet\;C:\Users\Jose\AppData\Local\Microsoft\WindowsApps;C:\Users\Jose\AppData\Local\GitHubDesktop\bin;C:\Users\Jose\AppData\Roaming\npm;C:\Program Files\7-Zip;C:\Users\Jose\AppData\Local\nvm;C:\nvm4w\nodejs;C:\Users\Jose\AppData\Local\Programs\Microsoft VS Code\bin;C:\Users\Jose\go\bin
USERNAME=Jose
LANG=en_US.UTF-8
OS=Windows_NT
PROCESSOR_IDENTIFIER=AMD64 Family 25 Model 116 Stepping 1, AuthenticAMD
TMP=C:\Users\Jose\AppData\Local\Temp
TEMP=C:\Users\Jose\AppData\Local\Temp




Periodic native trim disabled

---------------  S Y S T E M  ---------------

OS:
 Windows 11 , 64 bit Build 26100 (10.0.26100.6725)
OS uptime: 8 days 19:52 hours
Hyper-V role detected

CPU: total 16 (initial active 16) (16 cores per cpu, 2 threads per core) family 25 model 116 stepping 1 microcode 0xa704103, cx8, cmov, fxsr, ht, mmx, 3dnowpref, sse, sse2, sse3, ssse3, sse4a, sse4.1, sse4.2, popcnt, lzcnt, tsc, tscinvbit, avx, avx2, aes, erms, clmul, bmi1, bmi2, adx, avx512f, avx512dq, avx512cd, avx512bw, avx512vl, sha, fma, vzeroupper, avx512_vpopcntdq, avx512_vpclmulqdq, avx512_vaes, avx512_vnni, clflush, clflushopt, avx512_vbmi2, avx512_vbmi, hv, rdtscp, rdpid, gfni, avx512_bitalg, f16c, cet_ss, avx512_ifma
Processor Information for the first 16 processors :
  Max Mhz: 4001, Current Mhz: 4001, Mhz Limit: 4001

Memory: 4k page, system-wide physical 61153M (832M free)
TotalPageFile size 173264M (AvailPageFile size 4643M)
current process WorkingSet (physical memory assigned to process): 3298M, peak: 3298M
current process commit charge ("private bytes"): 4078M, peak: 8790M

vm_info: OpenJDK 64-Bit Server VM (21.0.10+7-LTS) for windows-amd64 JRE (21.0.10+7-LTS), built on 2026-01-15T18:39:42Z by "MicrosoftCorporation" with MS VC++ 17.14 (VS2022)

END.
