#
# There is insufficient memory for the Java Runtime Environment to continue.
# Native memory allocation (mmap) failed to map 4747952128 bytes. Error detail: G1 virtual space
# Possible reasons:
#   The system is out of physical RAM or swap space
#   This process is running with CompressedOops enabled, and the Java Heap may be blocking the growth of the native heap
# Possible solutions:
#   Reduce memory load on the system
#   Increase physical memory or swap space
#   Check if swap backing store is full
#   Decrease Java heap size (-Xmx/-Xms)
#   Decrease number of Java threads
#   Decrease Java thread stack sizes (-Xss)
#   Set larger code cache with -XX:ReservedCodeCacheSize=
#   JVM is running with Zero Based Compressed Oops mode in which the Java heap is
#     placed in the first 32GB address space. The Java Heap base address is the
#     maximum limit for the native heap growth. Please use -XX:HeapBaseMinAddress
#     to set the Java Heap base and to place the Java Heap above 32GB virtual address.
# This output file may be truncated or incomplete.
#
#  Out of Memory Error (os_windows.cpp:3737), pid=3079372, tid=3057980
#
# JRE version: OpenJDK Runtime Environment Microsoft-13106404 (21.0.10+7) (build 21.0.10+7-LTS)
# Java VM: OpenJDK 64-Bit Server VM Microsoft-13106404 (21.0.10+7-LTS, mixed mode, sharing, tiered, compressed oops, compressed class ptrs, g1 gc, windows-amd64)
# No core dump will be written. Minidumps are not enabled by default on client versions of Windows
#

---------------  S U M M A R Y ------------

Command Line: -Dfile.encoding=UTF-8 ..\publisher.jar -ig .

Host: AMD Ryzen 9 7940HS w/ Radeon 780M Graphics     , 16 cores, 59G,  Windows 11 , 64 bit Build 26100 (10.0.26100.6725)
Time: Wed Mar 18 10:33:40 2026 Romance Standard Time elapsed time: 160.504420 seconds (0d 0h 2m 40s)

---------------  T H R E A D  ---------------

Current thread (0x000001c575bd3f30):  VMThread "VM Thread"          [id=3057980, stack(0x0000001b36500000,0x0000001b36600000) (1024K)]

Stack: [0x0000001b36500000,0x0000001b36600000]
Native frames: (J=compiled Java code, j=interpreted, Vv=VM code, C=native code)
V  [jvm.dll+0x6dfe69]  (no source info available)
V  [jvm.dll+0x8bfe4b]  (no source info available)
V  [jvm.dll+0x8c23da]  (no source info available)
V  [jvm.dll+0x8c2ab3]  (no source info available)
V  [jvm.dll+0x28a9e6]  (no source info available)
V  [jvm.dll+0x6df315]  (no source info available)
V  [jvm.dll+0x6d325a]  (no source info available)
V  [jvm.dll+0x367a0e]  (no source info available)
V  [jvm.dll+0x36f8db]  (no source info available)
V  [jvm.dll+0x3c13a9]  (no source info available)
V  [jvm.dll+0x3c164b]  (no source info available)
V  [jvm.dll+0x33b2c7]  (no source info available)
V  [jvm.dll+0x33b357]  (no source info available)
V  [jvm.dll+0x38014c]  (no source info available)
V  [jvm.dll+0x37e92e]  (no source info available)
V  [jvm.dll+0x33aa21]  (no source info available)
V  [jvm.dll+0x37e358]  (no source info available)
V  [jvm.dll+0x8c881f]  (no source info available)
V  [jvm.dll+0x8c9d03]  (no source info available)
V  [jvm.dll+0x8ca274]  (no source info available)
V  [jvm.dll+0x8ca373]  (no source info available)
V  [jvm.dll+0x86ab8d]  (no source info available)
V  [jvm.dll+0x6e141d]  (no source info available)
C  [ucrtbase.dll+0x37b0]  (no source info available)
C  [KERNEL32.DLL+0x2e8d7]  (no source info available)
C  [ntdll.dll+0x8c53c]  (no source info available)

VM_Operation (0x0000001b35efe720): G1TryInitiateConcMark, mode: safepoint, requested by thread 0x000001c557a40a30


---------------  P R O C E S S  ---------------

Threads class SMR info:
_java_thread_list=0x000001c58a0027c0, length=13, elements={
0x000001c557a40a30, 0x000001c575bf3370, 0x000001c575bf5ed0, 0x000001c575bf6b50,
0x000001c575bf7cb0, 0x000001c575bf9150, 0x000001c575c1adb0, 0x000001c55008a570,
0x000001c55009e130, 0x000001c5501f3dd0, 0x000001c5501f4a10, 0x000001c581335570,
0x000001c589b09d80
}

Java Threads: ( => current thread )
  0x000001c557a40a30 JavaThread "main"                              [_thread_blocked, id=3047520, stack(0x0000001b35e00000,0x0000001b35f00000) (1024K)]
  0x000001c575bf3370 JavaThread "Reference Handler"          daemon [_thread_blocked, id=3090416, stack(0x0000001b36600000,0x0000001b36700000) (1024K)]
  0x000001c575bf5ed0 JavaThread "Finalizer"                  daemon [_thread_blocked, id=3074648, stack(0x0000001b36700000,0x0000001b36800000) (1024K)]
  0x000001c575bf6b50 JavaThread "Signal Dispatcher"          daemon [_thread_blocked, id=3095396, stack(0x0000001b36800000,0x0000001b36900000) (1024K)]
  0x000001c575bf7cb0 JavaThread "Attach Listener"            daemon [_thread_blocked, id=2396108, stack(0x0000001b36900000,0x0000001b36a00000) (1024K)]
  0x000001c575bf9150 JavaThread "Service Thread"             daemon [_thread_blocked, id=3087032, stack(0x0000001b36a00000,0x0000001b36b00000) (1024K)]
  0x000001c575c1adb0 JavaThread "Monitor Deflation Thread"   daemon [_thread_blocked, id=3095352, stack(0x0000001b36b00000,0x0000001b36c00000) (1024K)]
  0x000001c55008a570 JavaThread "C2 CompilerThread0"         daemon [_thread_blocked, id=3073292, stack(0x0000001b36c00000,0x0000001b36d00000) (1024K)]
  0x000001c55009e130 JavaThread "C1 CompilerThread0"         daemon [_thread_blocked, id=3077192, stack(0x0000001b36d00000,0x0000001b36e00000) (1024K)]
  0x000001c5501f3dd0 JavaThread "Notification Thread"        daemon [_thread_blocked, id=3087944, stack(0x0000001b36f00000,0x0000001b37000000) (1024K)]
  0x000001c5501f4a10 JavaThread "Common-Cleaner"             daemon [_thread_blocked, id=3088192, stack(0x0000001b37000000,0x0000001b37100000) (1024K)]
  0x000001c581335570 JavaThread "OkHttp TaskRunner"          daemon [_thread_blocked, id=3086844, stack(0x0000001b38800000,0x0000001b38900000) (1024K)]
  0x000001c589b09d80 JavaThread "Java2D Disposer"            daemon [_thread_blocked, id=3098240, stack(0x0000001b37500000,0x0000001b37600000) (1024K)]
Total: 13

Other Threads:
=>0x000001c575bd3f30 VMThread "VM Thread"                           [id=3057980, stack(0x0000001b36500000,0x0000001b36600000) (1024K)]
  0x000001c550081920 WatcherThread "VM Periodic Task Thread"        [id=3095228, stack(0x0000001b36400000,0x0000001b36500000) (1024K)]
  0x000001c575a5bc90 WorkerThread "GC Thread#0"                     [id=3068896, stack(0x0000001b35f00000,0x0000001b36000000) (1024K)]
  0x000001c550ac56e0 WorkerThread "GC Thread#1"                     [id=3086688, stack(0x0000001b37800000,0x0000001b37900000) (1024K)]
  0x000001c550ac5a90 WorkerThread "GC Thread#2"                     [id=3051016, stack(0x0000001b37900000,0x0000001b37a00000) (1024K)]
  0x000001c550ac5e40 WorkerThread "GC Thread#3"                     [id=3072132, stack(0x0000001b37a00000,0x0000001b37b00000) (1024K)]
  0x000001c550ac61f0 WorkerThread "GC Thread#4"                     [id=3013572, stack(0x0000001b37b00000,0x0000001b37c00000) (1024K)]
  0x000001c550ac65a0 WorkerThread "GC Thread#5"                     [id=3089800, stack(0x0000001b37c00000,0x0000001b37d00000) (1024K)]
  0x000001c5551a3ef0 WorkerThread "GC Thread#6"                     [id=3072516, stack(0x0000001b37d00000,0x0000001b37e00000) (1024K)]
  0x000001c5551a42a0 WorkerThread "GC Thread#7"                     [id=3078176, stack(0x0000001b37e00000,0x0000001b37f00000) (1024K)]
  0x000001c5551a4a60 WorkerThread "GC Thread#8"                     [id=3089948, stack(0x0000001b37f00000,0x0000001b38000000) (1024K)]
  0x000001c5551a4e10 WorkerThread "GC Thread#9"                     [id=3096972, stack(0x0000001b38000000,0x0000001b38100000) (1024K)]
  0x000001c550bc2430 WorkerThread "GC Thread#10"                    [id=3097524, stack(0x0000001b38100000,0x0000001b38200000) (1024K)]
  0x000001c550bc2f40 WorkerThread "GC Thread#11"                    [id=3073584, stack(0x0000001b38200000,0x0000001b38300000) (1024K)]
  0x000001c550bc27e0 WorkerThread "GC Thread#12"                    [id=3073272, stack(0x0000001b38300000,0x0000001b38400000) (1024K)]
  0x000001c559f67ea0 ConcurrentGCThread "G1 Main Marker"            [id=3077948, stack(0x0000001b36000000,0x0000001b36100000) (1024K)]
  0x000001c559f69330 WorkerThread "G1 Conc#0"                       [id=3095224, stack(0x0000001b36100000,0x0000001b36200000) (1024K)]
  0x000001c5555c43e0 WorkerThread "G1 Conc#1"                       [id=3096924, stack(0x0000001b36e00000,0x0000001b36f00000) (1024K)]
  0x000001c5555c4790 WorkerThread "G1 Conc#2"                       [id=3076572, stack(0x0000001b37100000,0x0000001b37200000) (1024K)]
  0x000001c575b16f30 ConcurrentGCThread "G1 Refine#0"               [id=3096272, stack(0x0000001b36200000,0x0000001b36300000) (1024K)]
  0x000001c575b17950 ConcurrentGCThread "G1 Service"                [id=3096052, stack(0x0000001b36300000,0x0000001b36400000) (1024K)]
Total: 21

Threads with active compile tasks:
Total: 0

VM state: at safepoint (normal execution)

VM Mutex/Monitor currently owned by a thread:  ([mutex/lock_event])
[0x00007ffc9ef4b8a0] Threads_lock - owner thread: 0x000001c575bd3f30
[0x00007ffc9ef4b9a0] Heap_lock - owner thread: 0x000001c557a40a30

Heap address: 0x0000000444000000, size: 15296 MB, Compressed Oops mode: Zero based, Oop shift amount: 3

CDS archive(s) mapped at: [0x000001c50f000000-0x000001c50fc80000-0x000001c50fc80000), size 13107200, SharedBaseAddress: 0x000001c50f000000, ArchiveRelocationMode: 1.
Compressed class space mapped at: 0x000001c510000000-0x000001c550000000, reserved size: 1073741824
Narrow klass base: 0x000001c50f000000, Narrow klass shift: 0, Narrow klass range: 0x100000000

GC Precious Log:
 CardTable entry size: 512
 Card Set container configuration: InlinePtr #cards 4 size 8 Array Of Cards #cards 64 size 144 Howl #buckets 8 coarsen threshold 14745 Howl Bitmap #cards 2048 size 272 coarsen threshold 1843 Card regions per heap region 1 cards per card region 16384
 CPUs: 16 total, 16 available
 Memory: 61153M
 Large Page Support: Disabled
 NUMA Support: Disabled
 Compressed Oops: Enabled (Zero based)
 Heap Region Size: 8M
 Heap Min Capacity: 8M
 Heap Initial Capacity: 960M
 Heap Max Capacity: 15296M
 Pre-touch: Disabled
 Parallel Workers: 13
 Concurrent Workers: 3
 Concurrent Refinement Workers: 13
 Periodic GC: Disabled

Heap:
 garbage-first heap   total 4079616K, used 834732K [0x0000000444000000, 0x0000000800000000)
  region size 8192K, 10 young (81920K), 10 survivors (81920K)
 Metaspace       used 149811K, committed 150528K, reserved 1245184K
  class space    used 13392K, committed 13696K, reserved 1048576K

Heap Regions: E=young(eden), S=young(survivor), O=old, HS=humongous(starts), HC=humongous(continues), CS=collection set, F=free, TAMS=top-at-mark-start, PB=parsable bottom
|   0|0x0000000444000000, 0x0000000444800000, 0x0000000444800000|100%| O|  |TAMS 0x0000000444800000| PB 0x0000000444000000| Untracked 
|   1|0x0000000444800000, 0x0000000445000000, 0x0000000445000000|100%| O|  |TAMS 0x0000000445000000| PB 0x0000000444800000| Untracked 
|   2|0x0000000445000000, 0x0000000445800000, 0x0000000445800000|100%|HS|  |TAMS 0x0000000445800000| PB 0x0000000445000000| Complete 
|   3|0x0000000445800000, 0x0000000446000000, 0x0000000446000000|100%|HC|  |TAMS 0x0000000446000000| PB 0x0000000445800000| Complete 
|   4|0x0000000446000000, 0x0000000446800000, 0x0000000446800000|100%| O|  |TAMS 0x0000000446800000| PB 0x0000000446000000| Untracked 
|   5|0x0000000446800000, 0x0000000447000000, 0x0000000447000000|100%| O|  |TAMS 0x0000000447000000| PB 0x0000000446800000| Untracked 
|   6|0x0000000447000000, 0x0000000447800000, 0x0000000447800000|100%| O|  |TAMS 0x0000000447800000| PB 0x0000000447000000| Untracked 
|   7|0x0000000447800000, 0x0000000448000000, 0x0000000448000000|100%| O|  |TAMS 0x0000000448000000| PB 0x0000000447800000| Untracked 
|   8|0x0000000448000000, 0x0000000448800000, 0x0000000448800000|100%| O|  |TAMS 0x0000000448800000| PB 0x0000000448000000| Untracked 
|   9|0x0000000448800000, 0x0000000449000000, 0x0000000449000000|100%| O|  |TAMS 0x0000000449000000| PB 0x0000000448800000| Untracked 
|  10|0x0000000449000000, 0x00000004497fff78, 0x0000000449800000| 99%| O|  |TAMS 0x00000004497fff78| PB 0x0000000449000000| Untracked 
|  11|0x0000000449800000, 0x000000044a000000, 0x000000044a000000|100%| O|  |TAMS 0x000000044a000000| PB 0x0000000449800000| Untracked 
|  12|0x000000044a000000, 0x000000044a7ffff8, 0x000000044a800000| 99%| O|  |TAMS 0x000000044a7ffff8| PB 0x000000044a000000| Untracked 
|  13|0x000000044a800000, 0x000000044affffa8, 0x000000044b000000| 99%| O|  |TAMS 0x000000044affffa8| PB 0x000000044a800000| Untracked 
|  14|0x000000044b000000, 0x000000044b7ffff0, 0x000000044b800000| 99%| O|  |TAMS 0x000000044b7ffff0| PB 0x000000044b000000| Untracked 
|  15|0x000000044b800000, 0x000000044c000000, 0x000000044c000000|100%| O|  |TAMS 0x000000044c000000| PB 0x000000044b800000| Untracked 
|  16|0x000000044c000000, 0x000000044c7ffff0, 0x000000044c800000| 99%| O|  |TAMS 0x000000044c7ffff0| PB 0x000000044c000000| Untracked 
|  17|0x000000044c800000, 0x000000044cffffe8, 0x000000044d000000| 99%| O|  |TAMS 0x000000044cffffe8| PB 0x000000044c800000| Untracked 
|  18|0x000000044d000000, 0x000000044d7ffff8, 0x000000044d800000| 99%| O|  |TAMS 0x000000044d7ffff8| PB 0x000000044d000000| Untracked 
|  19|0x000000044d800000, 0x000000044e000000, 0x000000044e000000|100%| O|  |TAMS 0x000000044e000000| PB 0x000000044d800000| Untracked 
|  20|0x000000044e000000, 0x000000044e800000, 0x000000044e800000|100%| O|  |TAMS 0x000000044e800000| PB 0x000000044e000000| Untracked 
|  21|0x000000044e800000, 0x000000044effffe0, 0x000000044f000000| 99%| O|  |TAMS 0x000000044effffe0| PB 0x000000044e800000| Untracked 
|  22|0x000000044f000000, 0x000000044f800000, 0x000000044f800000|100%| O|  |TAMS 0x000000044f800000| PB 0x000000044f000000| Untracked 
|  23|0x000000044f800000, 0x0000000450000000, 0x0000000450000000|100%| O|  |TAMS 0x0000000450000000| PB 0x000000044f800000| Untracked 
|  24|0x0000000450000000, 0x0000000450800000, 0x0000000450800000|100%| O|  |TAMS 0x0000000450800000| PB 0x0000000450000000| Untracked 
|  25|0x0000000450800000, 0x0000000451000000, 0x0000000451000000|100%| O|  |TAMS 0x0000000451000000| PB 0x0000000450800000| Untracked 
|  26|0x0000000451000000, 0x00000004517ffff8, 0x0000000451800000| 99%| O|  |TAMS 0x00000004517ffff8| PB 0x0000000451000000| Untracked 
|  27|0x0000000451800000, 0x0000000452000000, 0x0000000452000000|100%| O|  |TAMS 0x0000000452000000| PB 0x0000000451800000| Untracked 
|  28|0x0000000452000000, 0x0000000452800000, 0x0000000452800000|100%| O|  |TAMS 0x0000000452800000| PB 0x0000000452000000| Untracked 
|  29|0x0000000452800000, 0x0000000453000000, 0x0000000453000000|100%| O|  |TAMS 0x0000000453000000| PB 0x0000000452800000| Untracked 
|  30|0x0000000453000000, 0x0000000453800000, 0x0000000453800000|100%| O|  |TAMS 0x0000000453800000| PB 0x0000000453000000| Untracked 
|  31|0x0000000453800000, 0x0000000454000000, 0x0000000454000000|100%| O|  |TAMS 0x0000000454000000| PB 0x0000000453800000| Untracked 
|  32|0x0000000454000000, 0x00000004547fffc8, 0x0000000454800000| 99%| O|  |TAMS 0x00000004547fffc8| PB 0x0000000454000000| Untracked 
|  33|0x0000000454800000, 0x0000000454fffff8, 0x0000000455000000| 99%| O|  |TAMS 0x0000000454fffff8| PB 0x0000000454800000| Untracked 
|  34|0x0000000455000000, 0x0000000455800000, 0x0000000455800000|100%| O|  |TAMS 0x0000000455800000| PB 0x0000000455000000| Untracked 
|  35|0x0000000455800000, 0x0000000455fffff8, 0x0000000456000000| 99%| O|  |TAMS 0x0000000455fffff8| PB 0x0000000455800000| Untracked 
|  36|0x0000000456000000, 0x00000004567fffc8, 0x0000000456800000| 99%| O|  |TAMS 0x00000004567fffc8| PB 0x0000000456000000| Untracked 
|  37|0x0000000456800000, 0x0000000457000000, 0x0000000457000000|100%| O|  |TAMS 0x0000000457000000| PB 0x0000000456800000| Untracked 
|  38|0x0000000457000000, 0x0000000457800000, 0x0000000457800000|100%| O|  |TAMS 0x0000000457800000| PB 0x0000000457000000| Untracked 
|  39|0x0000000457800000, 0x0000000457ffffd8, 0x0000000458000000| 99%| O|  |TAMS 0x0000000457ffffd8| PB 0x0000000457800000| Untracked 
|  40|0x0000000458000000, 0x00000004587ffff8, 0x0000000458800000| 99%| O|  |TAMS 0x00000004587ffff8| PB 0x0000000458000000| Untracked 
|  41|0x0000000458800000, 0x0000000458fffff8, 0x0000000459000000| 99%| O|  |TAMS 0x0000000458fffff8| PB 0x0000000458800000| Untracked 
|  42|0x0000000459000000, 0x0000000459800000, 0x0000000459800000|100%| O|  |TAMS 0x0000000459800000| PB 0x0000000459000000| Untracked 
|  43|0x0000000459800000, 0x0000000459fffff8, 0x000000045a000000| 99%| O|  |TAMS 0x0000000459fffff8| PB 0x0000000459800000| Untracked 
|  44|0x000000045a000000, 0x000000045a7fffa0, 0x000000045a800000| 99%| O|  |TAMS 0x000000045a7fffa0| PB 0x000000045a000000| Untracked 
|  45|0x000000045a800000, 0x000000045afffc70, 0x000000045b000000| 99%| O|  |TAMS 0x000000045afffc70| PB 0x000000045a800000| Untracked 
|  46|0x000000045b000000, 0x000000045b800000, 0x000000045b800000|100%| O|  |TAMS 0x000000045b800000| PB 0x000000045b000000| Untracked 
|  47|0x000000045b800000, 0x000000045c000000, 0x000000045c000000|100%| O|  |TAMS 0x000000045c000000| PB 0x000000045b800000| Untracked 
|  48|0x000000045c000000, 0x000000045c800000, 0x000000045c800000|100%|HS|  |TAMS 0x000000045c800000| PB 0x000000045c000000| Complete 
|  49|0x000000045c800000, 0x000000045cffffb8, 0x000000045d000000| 99%| O|  |TAMS 0x000000045cffffb8| PB 0x000000045c800000| Untracked 
|  50|0x000000045d000000, 0x000000045d800000, 0x000000045d800000|100%| O|  |TAMS 0x000000045d800000| PB 0x000000045d000000| Untracked 
|  51|0x000000045d800000, 0x000000045e000000, 0x000000045e000000|100%| O|  |TAMS 0x000000045e000000| PB 0x000000045d800000| Untracked 
|  52|0x000000045e000000, 0x000000045e800000, 0x000000045e800000|100%| O|  |TAMS 0x000000045e800000| PB 0x000000045e000000| Untracked 
|  53|0x000000045e800000, 0x000000045f000000, 0x000000045f000000|100%| O|  |TAMS 0x000000045f000000| PB 0x000000045e800000| Untracked 
|  54|0x000000045f000000, 0x000000045f800000, 0x000000045f800000|100%| O|  |TAMS 0x000000045f800000| PB 0x000000045f000000| Untracked 
|  55|0x000000045f800000, 0x000000045fffffe0, 0x0000000460000000| 99%| O|  |TAMS 0x000000045fffffe0| PB 0x000000045f800000| Untracked 
|  56|0x0000000460000000, 0x0000000460800000, 0x0000000460800000|100%| O|  |TAMS 0x0000000460800000| PB 0x0000000460000000| Untracked 
|  57|0x0000000460800000, 0x0000000461000000, 0x0000000461000000|100%| O|  |TAMS 0x0000000461000000| PB 0x0000000460800000| Untracked 
|  58|0x0000000461000000, 0x0000000461800000, 0x0000000461800000|100%| O|  |TAMS 0x0000000461800000| PB 0x0000000461000000| Untracked 
|  59|0x0000000461800000, 0x0000000462000000, 0x0000000462000000|100%| O|  |TAMS 0x0000000462000000| PB 0x0000000461800000| Untracked 
|  60|0x0000000462000000, 0x0000000462800000, 0x0000000462800000|100%| O|  |TAMS 0x0000000462800000| PB 0x0000000462000000| Untracked 
|  61|0x0000000462800000, 0x0000000462ffff10, 0x0000000463000000| 99%| O|  |TAMS 0x0000000462ffff10| PB 0x0000000462800000| Untracked 
|  62|0x0000000463000000, 0x0000000463800000, 0x0000000463800000|100%| O|  |TAMS 0x0000000463800000| PB 0x0000000463000000| Untracked 
|  63|0x0000000463800000, 0x0000000464000000, 0x0000000464000000|100%| O|  |TAMS 0x0000000464000000| PB 0x0000000463800000| Untracked 
|  64|0x0000000464000000, 0x0000000464800000, 0x0000000464800000|100%| O|  |TAMS 0x0000000464800000| PB 0x0000000464000000| Untracked 
|  65|0x0000000464800000, 0x0000000465000000, 0x0000000465000000|100%| O|  |TAMS 0x0000000465000000| PB 0x0000000464800000| Untracked 
|  66|0x0000000465000000, 0x0000000465800000, 0x0000000465800000|100%| O|  |TAMS 0x0000000465800000| PB 0x0000000465000000| Untracked 
|  67|0x0000000465800000, 0x0000000466000000, 0x0000000466000000|100%| O|  |TAMS 0x0000000466000000| PB 0x0000000465800000| Untracked 
|  68|0x0000000466000000, 0x0000000466800000, 0x0000000466800000|100%| O|  |TAMS 0x0000000466800000| PB 0x0000000466000000| Untracked 
|  69|0x0000000466800000, 0x0000000467000000, 0x0000000467000000|100%| O|  |TAMS 0x0000000467000000| PB 0x0000000466800000| Untracked 
|  70|0x0000000467000000, 0x0000000467800000, 0x0000000467800000|100%| O|  |TAMS 0x0000000467800000| PB 0x0000000467000000| Untracked 
|  71|0x0000000467800000, 0x0000000468000000, 0x0000000468000000|100%| O|  |TAMS 0x0000000468000000| PB 0x0000000467800000| Untracked 
|  72|0x0000000468000000, 0x0000000468800000, 0x0000000468800000|100%| O|  |TAMS 0x0000000468800000| PB 0x0000000468000000| Untracked 
|  73|0x0000000468800000, 0x0000000469000000, 0x0000000469000000|100%| O|  |TAMS 0x0000000469000000| PB 0x0000000468800000| Untracked 
|  74|0x0000000469000000, 0x0000000469800000, 0x0000000469800000|100%| O|  |TAMS 0x0000000469800000| PB 0x0000000469000000| Untracked 
|  75|0x0000000469800000, 0x0000000469fffff0, 0x000000046a000000| 99%| O|  |TAMS 0x0000000469fffff0| PB 0x0000000469800000| Untracked 
|  76|0x000000046a000000, 0x000000046a800000, 0x000000046a800000|100%| O|  |TAMS 0x000000046a800000| PB 0x000000046a000000| Untracked 
|  77|0x000000046a800000, 0x000000046a800000, 0x000000046b000000|  0%| F|  |TAMS 0x000000046a800000| PB 0x000000046a800000| Untracked 
|  78|0x000000046b000000, 0x000000046b618328, 0x000000046b800000| 76%| O|  |TAMS 0x000000046b618328| PB 0x000000046b000000| Untracked 
|  79|0x000000046b800000, 0x000000046c000000, 0x000000046c000000|100%| O|  |TAMS 0x000000046c000000| PB 0x000000046b800000| Untracked 
|  80|0x000000046c000000, 0x000000046c800000, 0x000000046c800000|100%| O|  |TAMS 0x000000046c800000| PB 0x000000046c000000| Untracked 
|  81|0x000000046c800000, 0x000000046d000000, 0x000000046d000000|100%| O|  |TAMS 0x000000046d000000| PB 0x000000046c800000| Untracked 
|  82|0x000000046d000000, 0x000000046d800000, 0x000000046d800000|100%| O|  |TAMS 0x000000046d800000| PB 0x000000046d000000| Untracked 
|  83|0x000000046d800000, 0x000000046e000000, 0x000000046e000000|100%| O|  |TAMS 0x000000046e000000| PB 0x000000046d800000| Untracked 
|  84|0x000000046e000000, 0x000000046e000000, 0x000000046e800000|  0%| F|  |TAMS 0x000000046e000000| PB 0x000000046e000000| Untracked 
|  85|0x000000046e800000, 0x000000046e800000, 0x000000046f000000|  0%| F|  |TAMS 0x000000046e800000| PB 0x000000046e800000| Untracked 
|  86|0x000000046f000000, 0x000000046f800000, 0x000000046f800000|100%| O|  |TAMS 0x000000046f800000| PB 0x000000046f000000| Untracked 
|  87|0x000000046f800000, 0x000000046f800000, 0x0000000470000000|  0%| F|  |TAMS 0x000000046f800000| PB 0x000000046f800000| Untracked 
|  88|0x0000000470000000, 0x0000000470000000, 0x0000000470800000|  0%| F|  |TAMS 0x0000000470000000| PB 0x0000000470000000| Untracked 
|  89|0x0000000470800000, 0x0000000470800000, 0x0000000471000000|  0%| F|  |TAMS 0x0000000470800000| PB 0x0000000470800000| Untracked 
|  90|0x0000000471000000, 0x0000000471000000, 0x0000000471800000|  0%| F|  |TAMS 0x0000000471000000| PB 0x0000000471000000| Untracked 
|  91|0x0000000471800000, 0x0000000471ffffe0, 0x0000000472000000| 99%| O|  |TAMS 0x0000000471ffffe0| PB 0x0000000471800000| Untracked 
|  92|0x0000000472000000, 0x0000000472000000, 0x0000000472800000|  0%| F|  |TAMS 0x0000000472000000| PB 0x0000000472000000| Untracked 
|  93|0x0000000472800000, 0x0000000472800000, 0x0000000473000000|  0%| F|  |TAMS 0x0000000472800000| PB 0x0000000472800000| Untracked 
|  94|0x0000000473000000, 0x0000000473000000, 0x0000000473800000|  0%| F|  |TAMS 0x0000000473000000| PB 0x0000000473000000| Untracked 
|  95|0x0000000473800000, 0x0000000473800000, 0x0000000474000000|  0%| F|  |TAMS 0x0000000473800000| PB 0x0000000473800000| Untracked 
|  96|0x0000000474000000, 0x0000000474000000, 0x0000000474800000|  0%| F|  |TAMS 0x0000000474000000| PB 0x0000000474000000| Untracked 
|  97|0x0000000474800000, 0x0000000474800000, 0x0000000475000000|  0%| F|  |TAMS 0x0000000474800000| PB 0x0000000474800000| Untracked 
|  98|0x0000000475000000, 0x0000000475000000, 0x0000000475800000|  0%| F|  |TAMS 0x0000000475000000| PB 0x0000000475000000| Untracked 
|  99|0x0000000475800000, 0x0000000475800000, 0x0000000476000000|  0%| F|  |TAMS 0x0000000475800000| PB 0x0000000475800000| Untracked 
| 100|0x0000000476000000, 0x0000000476000000, 0x0000000476800000|  0%| F|  |TAMS 0x0000000476000000| PB 0x0000000476000000| Untracked 
| 101|0x0000000476800000, 0x0000000477000000, 0x0000000477000000|100%| O|  |TAMS 0x0000000477000000| PB 0x0000000476800000| Untracked 
| 102|0x0000000477000000, 0x0000000477800000, 0x0000000477800000|100%| O|  |TAMS 0x0000000477800000| PB 0x0000000477000000| Untracked 
| 103|0x0000000477800000, 0x0000000477800000, 0x0000000478000000|  0%| F|  |TAMS 0x0000000477800000| PB 0x0000000477800000| Untracked 
| 104|0x0000000478000000, 0x0000000478000000, 0x0000000478800000|  0%| F|  |TAMS 0x0000000478000000| PB 0x0000000478000000| Untracked 
| 105|0x0000000478800000, 0x0000000478800000, 0x0000000479000000|  0%| F|  |TAMS 0x0000000478800000| PB 0x0000000478800000| Untracked 
| 106|0x0000000479000000, 0x0000000479000000, 0x0000000479800000|  0%| F|  |TAMS 0x0000000479000000| PB 0x0000000479000000| Untracked 
| 107|0x0000000479800000, 0x0000000479800000, 0x000000047a000000|  0%| F|  |TAMS 0x0000000479800000| PB 0x0000000479800000| Untracked 
| 108|0x000000047a000000, 0x000000047a000000, 0x000000047a800000|  0%| F|  |TAMS 0x000000047a000000| PB 0x000000047a000000| Untracked 
| 109|0x000000047a800000, 0x000000047a800000, 0x000000047b000000|  0%| F|  |TAMS 0x000000047a800000| PB 0x000000047a800000| Untracked 
| 110|0x000000047b000000, 0x000000047b000000, 0x000000047b800000|  0%| F|  |TAMS 0x000000047b000000| PB 0x000000047b000000| Untracked 
| 111|0x000000047b800000, 0x000000047b800000, 0x000000047c000000|  0%| F|  |TAMS 0x000000047b800000| PB 0x000000047b800000| Untracked 
| 112|0x000000047c000000, 0x000000047c000000, 0x000000047c800000|  0%| F|  |TAMS 0x000000047c000000| PB 0x000000047c000000| Untracked 
| 113|0x000000047c800000, 0x000000047c800000, 0x000000047d000000|  0%| F|  |TAMS 0x000000047c800000| PB 0x000000047c800000| Untracked 
| 114|0x000000047d000000, 0x000000047d000000, 0x000000047d800000|  0%| F|  |TAMS 0x000000047d000000| PB 0x000000047d000000| Untracked 
| 115|0x000000047d800000, 0x000000047d800000, 0x000000047e000000|  0%| F|  |TAMS 0x000000047d800000| PB 0x000000047d800000| Untracked 
| 116|0x000000047e000000, 0x000000047e000000, 0x000000047e800000|  0%| F|  |TAMS 0x000000047e000000| PB 0x000000047e000000| Untracked 
| 117|0x000000047e800000, 0x000000047e800000, 0x000000047f000000|  0%| F|  |TAMS 0x000000047e800000| PB 0x000000047e800000| Untracked 
| 118|0x000000047f000000, 0x000000047f000000, 0x000000047f800000|  0%| F|  |TAMS 0x000000047f000000| PB 0x000000047f000000| Untracked 
| 119|0x000000047f800000, 0x000000047f800000, 0x0000000480000000|  0%| F|  |TAMS 0x000000047f800000| PB 0x000000047f800000| Untracked 
| 120|0x0000000480000000, 0x0000000480000000, 0x0000000480800000|  0%| F|  |TAMS 0x0000000480000000| PB 0x0000000480000000| Untracked 
| 121|0x0000000480800000, 0x0000000480800000, 0x0000000481000000|  0%| F|  |TAMS 0x0000000480800000| PB 0x0000000480800000| Untracked 
| 122|0x0000000481000000, 0x0000000481000000, 0x0000000481800000|  0%| F|  |TAMS 0x0000000481000000| PB 0x0000000481000000| Untracked 
| 123|0x0000000481800000, 0x0000000481800000, 0x0000000482000000|  0%| F|  |TAMS 0x0000000481800000| PB 0x0000000481800000| Untracked 
| 124|0x0000000482000000, 0x0000000482000000, 0x0000000482800000|  0%| F|  |TAMS 0x0000000482000000| PB 0x0000000482000000| Untracked 
| 125|0x0000000482800000, 0x0000000482800000, 0x0000000483000000|  0%| F|  |TAMS 0x0000000482800000| PB 0x0000000482800000| Untracked 
| 126|0x0000000483000000, 0x0000000483000000, 0x0000000483800000|  0%| F|  |TAMS 0x0000000483000000| PB 0x0000000483000000| Untracked 
| 127|0x0000000483800000, 0x0000000483800000, 0x0000000484000000|  0%| F|  |TAMS 0x0000000483800000| PB 0x0000000483800000| Untracked 
| 128|0x0000000484000000, 0x0000000484000000, 0x0000000484800000|  0%| F|  |TAMS 0x0000000484000000| PB 0x0000000484000000| Untracked 
| 129|0x0000000484800000, 0x0000000484800000, 0x0000000485000000|  0%| F|  |TAMS 0x0000000484800000| PB 0x0000000484800000| Untracked 
| 130|0x0000000485000000, 0x0000000485000000, 0x0000000485800000|  0%| F|  |TAMS 0x0000000485000000| PB 0x0000000485000000| Untracked 
| 131|0x0000000485800000, 0x0000000485800000, 0x0000000486000000|  0%| F|  |TAMS 0x0000000485800000| PB 0x0000000485800000| Untracked 
| 132|0x0000000486000000, 0x0000000486000000, 0x0000000486800000|  0%| F|  |TAMS 0x0000000486000000| PB 0x0000000486000000| Untracked 
| 133|0x0000000486800000, 0x0000000486800000, 0x0000000487000000|  0%| F|  |TAMS 0x0000000486800000| PB 0x0000000486800000| Untracked 
| 134|0x0000000487000000, 0x0000000487000000, 0x0000000487800000|  0%| F|  |TAMS 0x0000000487000000| PB 0x0000000487000000| Untracked 
| 135|0x0000000487800000, 0x0000000487800000, 0x0000000488000000|  0%| F|  |TAMS 0x0000000487800000| PB 0x0000000487800000| Untracked 
| 136|0x0000000488000000, 0x0000000488000000, 0x0000000488800000|  0%| F|  |TAMS 0x0000000488000000| PB 0x0000000488000000| Untracked 
| 137|0x0000000488800000, 0x0000000488800000, 0x0000000489000000|  0%| F|  |TAMS 0x0000000488800000| PB 0x0000000488800000| Untracked 
| 138|0x0000000489000000, 0x0000000489000000, 0x0000000489800000|  0%| F|  |TAMS 0x0000000489000000| PB 0x0000000489000000| Untracked 
| 139|0x0000000489800000, 0x0000000489800000, 0x000000048a000000|  0%| F|  |TAMS 0x0000000489800000| PB 0x0000000489800000| Untracked 
| 140|0x000000048a000000, 0x000000048a000000, 0x000000048a800000|  0%| F|  |TAMS 0x000000048a000000| PB 0x000000048a000000| Untracked 
| 141|0x000000048a800000, 0x000000048a800000, 0x000000048b000000|  0%| F|  |TAMS 0x000000048a800000| PB 0x000000048a800000| Untracked 
| 142|0x000000048b000000, 0x000000048b000000, 0x000000048b800000|  0%| F|  |TAMS 0x000000048b000000| PB 0x000000048b000000| Untracked 
| 143|0x000000048b800000, 0x000000048b800000, 0x000000048c000000|  0%| F|  |TAMS 0x000000048b800000| PB 0x000000048b800000| Untracked 
| 144|0x000000048c000000, 0x000000048c000000, 0x000000048c800000|  0%| F|  |TAMS 0x000000048c000000| PB 0x000000048c000000| Untracked 
| 145|0x000000048c800000, 0x000000048c800000, 0x000000048d000000|  0%| F|  |TAMS 0x000000048c800000| PB 0x000000048c800000| Untracked 
| 146|0x000000048d000000, 0x000000048d000000, 0x000000048d800000|  0%| F|  |TAMS 0x000000048d000000| PB 0x000000048d000000| Untracked 
| 147|0x000000048d800000, 0x000000048d800000, 0x000000048e000000|  0%| F|  |TAMS 0x000000048d800000| PB 0x000000048d800000| Untracked 
| 148|0x000000048e000000, 0x000000048e000000, 0x000000048e800000|  0%| F|  |TAMS 0x000000048e000000| PB 0x000000048e000000| Untracked 
| 149|0x000000048e800000, 0x000000048e800000, 0x000000048f000000|  0%| F|  |TAMS 0x000000048e800000| PB 0x000000048e800000| Untracked 
| 150|0x000000048f000000, 0x000000048f000000, 0x000000048f800000|  0%| F|  |TAMS 0x000000048f000000| PB 0x000000048f000000| Untracked 
| 151|0x000000048f800000, 0x000000048f800000, 0x0000000490000000|  0%| F|  |TAMS 0x000000048f800000| PB 0x000000048f800000| Untracked 
| 152|0x0000000490000000, 0x0000000490000000, 0x0000000490800000|  0%| F|  |TAMS 0x0000000490000000| PB 0x0000000490000000| Untracked 
| 153|0x0000000490800000, 0x0000000490800000, 0x0000000491000000|  0%| F|  |TAMS 0x0000000490800000| PB 0x0000000490800000| Untracked 
| 154|0x0000000491000000, 0x0000000491000000, 0x0000000491800000|  0%| F|  |TAMS 0x0000000491000000| PB 0x0000000491000000| Untracked 
| 155|0x0000000491800000, 0x0000000491800000, 0x0000000492000000|  0%| F|  |TAMS 0x0000000491800000| PB 0x0000000491800000| Untracked 
| 156|0x0000000492000000, 0x0000000492000000, 0x0000000492800000|  0%| F|  |TAMS 0x0000000492000000| PB 0x0000000492000000| Untracked 
| 157|0x0000000492800000, 0x0000000492800000, 0x0000000493000000|  0%| F|  |TAMS 0x0000000492800000| PB 0x0000000492800000| Untracked 
| 158|0x0000000493000000, 0x0000000493000000, 0x0000000493800000|  0%| F|  |TAMS 0x0000000493000000| PB 0x0000000493000000| Untracked 
| 159|0x0000000493800000, 0x0000000493800000, 0x0000000494000000|  0%| F|  |TAMS 0x0000000493800000| PB 0x0000000493800000| Untracked 
| 160|0x0000000494000000, 0x0000000494000000, 0x0000000494800000|  0%| F|  |TAMS 0x0000000494000000| PB 0x0000000494000000| Untracked 
| 161|0x0000000494800000, 0x0000000494800000, 0x0000000495000000|  0%| F|  |TAMS 0x0000000494800000| PB 0x0000000494800000| Untracked 
| 162|0x0000000495000000, 0x0000000495000000, 0x0000000495800000|  0%| F|  |TAMS 0x0000000495000000| PB 0x0000000495000000| Untracked 
| 163|0x0000000495800000, 0x0000000495800000, 0x0000000496000000|  0%| F|  |TAMS 0x0000000495800000| PB 0x0000000495800000| Untracked 
| 164|0x0000000496000000, 0x0000000496000000, 0x0000000496800000|  0%| F|  |TAMS 0x0000000496000000| PB 0x0000000496000000| Untracked 
| 165|0x0000000496800000, 0x0000000496800000, 0x0000000497000000|  0%| F|  |TAMS 0x0000000496800000| PB 0x0000000496800000| Untracked 
| 166|0x0000000497000000, 0x0000000497000000, 0x0000000497800000|  0%| F|  |TAMS 0x0000000497000000| PB 0x0000000497000000| Untracked 
| 167|0x0000000497800000, 0x0000000497800000, 0x0000000498000000|  0%| F|  |TAMS 0x0000000497800000| PB 0x0000000497800000| Untracked 
| 168|0x0000000498000000, 0x0000000498000000, 0x0000000498800000|  0%| F|  |TAMS 0x0000000498000000| PB 0x0000000498000000| Untracked 
| 169|0x0000000498800000, 0x0000000498800000, 0x0000000499000000|  0%| F|  |TAMS 0x0000000498800000| PB 0x0000000498800000| Untracked 
| 170|0x0000000499000000, 0x0000000499000000, 0x0000000499800000|  0%| F|  |TAMS 0x0000000499000000| PB 0x0000000499000000| Untracked 
| 171|0x0000000499800000, 0x0000000499800000, 0x000000049a000000|  0%| F|  |TAMS 0x0000000499800000| PB 0x0000000499800000| Untracked 
| 172|0x000000049a000000, 0x000000049a000000, 0x000000049a800000|  0%| F|  |TAMS 0x000000049a000000| PB 0x000000049a000000| Untracked 
| 173|0x000000049a800000, 0x000000049a800000, 0x000000049b000000|  0%| F|  |TAMS 0x000000049a800000| PB 0x000000049a800000| Untracked 
| 174|0x000000049b000000, 0x000000049b000000, 0x000000049b800000|  0%| F|  |TAMS 0x000000049b000000| PB 0x000000049b000000| Untracked 
| 175|0x000000049b800000, 0x000000049b800000, 0x000000049c000000|  0%| F|  |TAMS 0x000000049b800000| PB 0x000000049b800000| Untracked 
| 176|0x000000049c000000, 0x000000049c000000, 0x000000049c800000|  0%| F|  |TAMS 0x000000049c000000| PB 0x000000049c000000| Untracked 
| 177|0x000000049c800000, 0x000000049c800000, 0x000000049d000000|  0%| F|  |TAMS 0x000000049c800000| PB 0x000000049c800000| Untracked 
| 178|0x000000049d000000, 0x000000049d000000, 0x000000049d800000|  0%| F|  |TAMS 0x000000049d000000| PB 0x000000049d000000| Untracked 
| 179|0x000000049d800000, 0x000000049d800000, 0x000000049e000000|  0%| F|  |TAMS 0x000000049d800000| PB 0x000000049d800000| Untracked 
| 180|0x000000049e000000, 0x000000049e000000, 0x000000049e800000|  0%| F|  |TAMS 0x000000049e000000| PB 0x000000049e000000| Untracked 
| 181|0x000000049e800000, 0x000000049e800000, 0x000000049f000000|  0%| F|  |TAMS 0x000000049e800000| PB 0x000000049e800000| Untracked 
| 182|0x000000049f000000, 0x000000049f000000, 0x000000049f800000|  0%| F|  |TAMS 0x000000049f000000| PB 0x000000049f000000| Untracked 
| 183|0x000000049f800000, 0x000000049f800000, 0x00000004a0000000|  0%| F|  |TAMS 0x000000049f800000| PB 0x000000049f800000| Untracked 
| 184|0x00000004a0000000, 0x00000004a0000000, 0x00000004a0800000|  0%| F|  |TAMS 0x00000004a0000000| PB 0x00000004a0000000| Untracked 
| 185|0x00000004a0800000, 0x00000004a0800000, 0x00000004a1000000|  0%| F|  |TAMS 0x00000004a0800000| PB 0x00000004a0800000| Untracked 
| 186|0x00000004a1000000, 0x00000004a1000000, 0x00000004a1800000|  0%| F|  |TAMS 0x00000004a1000000| PB 0x00000004a1000000| Untracked 
| 187|0x00000004a1800000, 0x00000004a1800000, 0x00000004a2000000|  0%| F|  |TAMS 0x00000004a1800000| PB 0x00000004a1800000| Untracked 
| 188|0x00000004a2000000, 0x00000004a2000000, 0x00000004a2800000|  0%| F|  |TAMS 0x00000004a2000000| PB 0x00000004a2000000| Untracked 
| 189|0x00000004a2800000, 0x00000004a2800000, 0x00000004a3000000|  0%| F|  |TAMS 0x00000004a2800000| PB 0x00000004a2800000| Untracked 
| 190|0x00000004a3000000, 0x00000004a3000000, 0x00000004a3800000|  0%| F|  |TAMS 0x00000004a3000000| PB 0x00000004a3000000| Untracked 
| 191|0x00000004a3800000, 0x00000004a3800000, 0x00000004a4000000|  0%| F|  |TAMS 0x00000004a3800000| PB 0x00000004a3800000| Untracked 
| 192|0x00000004a4000000, 0x00000004a4000000, 0x00000004a4800000|  0%| F|  |TAMS 0x00000004a4000000| PB 0x00000004a4000000| Untracked 
| 193|0x00000004a4800000, 0x00000004a4800000, 0x00000004a5000000|  0%| F|  |TAMS 0x00000004a4800000| PB 0x00000004a4800000| Untracked 
| 194|0x00000004a5000000, 0x00000004a5000000, 0x00000004a5800000|  0%| F|  |TAMS 0x00000004a5000000| PB 0x00000004a5000000| Untracked 
| 195|0x00000004a5800000, 0x00000004a5800000, 0x00000004a6000000|  0%| F|  |TAMS 0x00000004a5800000| PB 0x00000004a5800000| Untracked 
| 196|0x00000004a6000000, 0x00000004a6000000, 0x00000004a6800000|  0%| F|  |TAMS 0x00000004a6000000| PB 0x00000004a6000000| Untracked 
| 197|0x00000004a6800000, 0x00000004a6800000, 0x00000004a7000000|  0%| F|  |TAMS 0x00000004a6800000| PB 0x00000004a6800000| Untracked 
| 198|0x00000004a7000000, 0x00000004a7000000, 0x00000004a7800000|  0%| F|  |TAMS 0x00000004a7000000| PB 0x00000004a7000000| Untracked 
| 199|0x00000004a7800000, 0x00000004a7800000, 0x00000004a8000000|  0%| F|  |TAMS 0x00000004a7800000| PB 0x00000004a7800000| Untracked 
| 200|0x00000004a8000000, 0x00000004a8000000, 0x00000004a8800000|  0%| F|  |TAMS 0x00000004a8000000| PB 0x00000004a8000000| Untracked 
| 201|0x00000004a8800000, 0x00000004a8800000, 0x00000004a9000000|  0%| F|  |TAMS 0x00000004a8800000| PB 0x00000004a8800000| Untracked 
| 202|0x00000004a9000000, 0x00000004a9000000, 0x00000004a9800000|  0%| F|  |TAMS 0x00000004a9000000| PB 0x00000004a9000000| Untracked 
| 203|0x00000004a9800000, 0x00000004a9800000, 0x00000004aa000000|  0%| F|  |TAMS 0x00000004a9800000| PB 0x00000004a9800000| Untracked 
| 204|0x00000004aa000000, 0x00000004aa000000, 0x00000004aa800000|  0%| F|  |TAMS 0x00000004aa000000| PB 0x00000004aa000000| Untracked 
| 205|0x00000004aa800000, 0x00000004aa800000, 0x00000004ab000000|  0%| F|  |TAMS 0x00000004aa800000| PB 0x00000004aa800000| Untracked 
| 206|0x00000004ab000000, 0x00000004ab000000, 0x00000004ab800000|  0%| F|  |TAMS 0x00000004ab000000| PB 0x00000004ab000000| Untracked 
| 207|0x00000004ab800000, 0x00000004ab800000, 0x00000004ac000000|  0%| F|  |TAMS 0x00000004ab800000| PB 0x00000004ab800000| Untracked 
| 208|0x00000004ac000000, 0x00000004ac000000, 0x00000004ac800000|  0%| F|  |TAMS 0x00000004ac000000| PB 0x00000004ac000000| Untracked 
| 209|0x00000004ac800000, 0x00000004ac800000, 0x00000004ad000000|  0%| F|  |TAMS 0x00000004ac800000| PB 0x00000004ac800000| Untracked 
| 210|0x00000004ad000000, 0x00000004ad000000, 0x00000004ad800000|  0%| F|  |TAMS 0x00000004ad000000| PB 0x00000004ad000000| Untracked 
| 211|0x00000004ad800000, 0x00000004ad800000, 0x00000004ae000000|  0%| F|  |TAMS 0x00000004ad800000| PB 0x00000004ad800000| Untracked 
| 212|0x00000004ae000000, 0x00000004ae000000, 0x00000004ae800000|  0%| F|  |TAMS 0x00000004ae000000| PB 0x00000004ae000000| Untracked 
| 213|0x00000004ae800000, 0x00000004ae800000, 0x00000004af000000|  0%| F|  |TAMS 0x00000004ae800000| PB 0x00000004ae800000| Untracked 
| 214|0x00000004af000000, 0x00000004af000000, 0x00000004af800000|  0%| F|  |TAMS 0x00000004af000000| PB 0x00000004af000000| Untracked 
| 215|0x00000004af800000, 0x00000004af800000, 0x00000004b0000000|  0%| F|  |TAMS 0x00000004af800000| PB 0x00000004af800000| Untracked 
| 216|0x00000004b0000000, 0x00000004b0000000, 0x00000004b0800000|  0%| F|  |TAMS 0x00000004b0000000| PB 0x00000004b0000000| Untracked 
| 217|0x00000004b0800000, 0x00000004b0800000, 0x00000004b1000000|  0%| F|  |TAMS 0x00000004b0800000| PB 0x00000004b0800000| Untracked 
| 218|0x00000004b1000000, 0x00000004b1000000, 0x00000004b1800000|  0%| F|  |TAMS 0x00000004b1000000| PB 0x00000004b1000000| Untracked 
| 219|0x00000004b1800000, 0x00000004b1800000, 0x00000004b2000000|  0%| F|  |TAMS 0x00000004b1800000| PB 0x00000004b1800000| Untracked 
| 220|0x00000004b2000000, 0x00000004b2000000, 0x00000004b2800000|  0%| F|  |TAMS 0x00000004b2000000| PB 0x00000004b2000000| Untracked 
| 221|0x00000004b2800000, 0x00000004b2800000, 0x00000004b3000000|  0%| F|  |TAMS 0x00000004b2800000| PB 0x00000004b2800000| Untracked 
| 222|0x00000004b3000000, 0x00000004b3000000, 0x00000004b3800000|  0%| F|  |TAMS 0x00000004b3000000| PB 0x00000004b3000000| Untracked 
| 223|0x00000004b3800000, 0x00000004b3800000, 0x00000004b4000000|  0%| F|  |TAMS 0x00000004b3800000| PB 0x00000004b3800000| Untracked 
| 224|0x00000004b4000000, 0x00000004b4000000, 0x00000004b4800000|  0%| F|  |TAMS 0x00000004b4000000| PB 0x00000004b4000000| Untracked 
| 225|0x00000004b4800000, 0x00000004b4800000, 0x00000004b5000000|  0%| F|  |TAMS 0x00000004b4800000| PB 0x00000004b4800000| Untracked 
| 226|0x00000004b5000000, 0x00000004b5000000, 0x00000004b5800000|  0%| F|  |TAMS 0x00000004b5000000| PB 0x00000004b5000000| Untracked 
| 227|0x00000004b5800000, 0x00000004b5800000, 0x00000004b6000000|  0%| F|  |TAMS 0x00000004b5800000| PB 0x00000004b5800000| Untracked 
| 228|0x00000004b6000000, 0x00000004b6000000, 0x00000004b6800000|  0%| F|  |TAMS 0x00000004b6000000| PB 0x00000004b6000000| Untracked 
| 229|0x00000004b6800000, 0x00000004b6800000, 0x00000004b7000000|  0%| F|  |TAMS 0x00000004b6800000| PB 0x00000004b6800000| Untracked 
| 230|0x00000004b7000000, 0x00000004b7000000, 0x00000004b7800000|  0%| F|  |TAMS 0x00000004b7000000| PB 0x00000004b7000000| Untracked 
| 231|0x00000004b7800000, 0x00000004b7800000, 0x00000004b8000000|  0%| F|  |TAMS 0x00000004b7800000| PB 0x00000004b7800000| Untracked 
| 232|0x00000004b8000000, 0x00000004b8000000, 0x00000004b8800000|  0%| F|  |TAMS 0x00000004b8000000| PB 0x00000004b8000000| Untracked 
| 233|0x00000004b8800000, 0x00000004b8800000, 0x00000004b9000000|  0%| F|  |TAMS 0x00000004b8800000| PB 0x00000004b8800000| Untracked 
| 234|0x00000004b9000000, 0x00000004b9000000, 0x00000004b9800000|  0%| F|  |TAMS 0x00000004b9000000| PB 0x00000004b9000000| Untracked 
| 235|0x00000004b9800000, 0x00000004b9800000, 0x00000004ba000000|  0%| F|  |TAMS 0x00000004b9800000| PB 0x00000004b9800000| Untracked 
| 236|0x00000004ba000000, 0x00000004ba000000, 0x00000004ba800000|  0%| F|  |TAMS 0x00000004ba000000| PB 0x00000004ba000000| Untracked 
| 237|0x00000004ba800000, 0x00000004ba800000, 0x00000004bb000000|  0%| F|  |TAMS 0x00000004ba800000| PB 0x00000004ba800000| Untracked 
| 238|0x00000004bb000000, 0x00000004bb000000, 0x00000004bb800000|  0%| F|  |TAMS 0x00000004bb000000| PB 0x00000004bb000000| Untracked 
| 239|0x00000004bb800000, 0x00000004bb800000, 0x00000004bc000000|  0%| F|  |TAMS 0x00000004bb800000| PB 0x00000004bb800000| Untracked 
| 240|0x00000004bc000000, 0x00000004bc000000, 0x00000004bc800000|  0%| F|  |TAMS 0x00000004bc000000| PB 0x00000004bc000000| Untracked 
| 241|0x00000004bc800000, 0x00000004bc800000, 0x00000004bd000000|  0%| F|  |TAMS 0x00000004bc800000| PB 0x00000004bc800000| Untracked 
| 242|0x00000004bd000000, 0x00000004bd000000, 0x00000004bd800000|  0%| F|  |TAMS 0x00000004bd000000| PB 0x00000004bd000000| Untracked 
| 243|0x00000004bd800000, 0x00000004bd800000, 0x00000004be000000|  0%| F|  |TAMS 0x00000004bd800000| PB 0x00000004bd800000| Untracked 
| 244|0x00000004be000000, 0x00000004be000000, 0x00000004be800000|  0%| F|  |TAMS 0x00000004be000000| PB 0x00000004be000000| Untracked 
| 245|0x00000004be800000, 0x00000004be800000, 0x00000004bf000000|  0%| F|  |TAMS 0x00000004be800000| PB 0x00000004be800000| Untracked 
| 246|0x00000004bf000000, 0x00000004bf000000, 0x00000004bf800000|  0%| F|  |TAMS 0x00000004bf000000| PB 0x00000004bf000000| Untracked 
| 247|0x00000004bf800000, 0x00000004bf800000, 0x00000004c0000000|  0%| F|  |TAMS 0x00000004bf800000| PB 0x00000004bf800000| Untracked 
| 248|0x00000004c0000000, 0x00000004c0000000, 0x00000004c0800000|  0%| F|  |TAMS 0x00000004c0000000| PB 0x00000004c0000000| Untracked 
| 249|0x00000004c0800000, 0x00000004c0800000, 0x00000004c1000000|  0%| F|  |TAMS 0x00000004c0800000| PB 0x00000004c0800000| Untracked 
| 250|0x00000004c1000000, 0x00000004c1000000, 0x00000004c1800000|  0%| F|  |TAMS 0x00000004c1000000| PB 0x00000004c1000000| Untracked 
| 251|0x00000004c1800000, 0x00000004c1800000, 0x00000004c2000000|  0%| F|  |TAMS 0x00000004c1800000| PB 0x00000004c1800000| Untracked 
| 252|0x00000004c2000000, 0x00000004c2000000, 0x00000004c2800000|  0%| F|  |TAMS 0x00000004c2000000| PB 0x00000004c2000000| Untracked 
| 253|0x00000004c2800000, 0x00000004c2800000, 0x00000004c3000000|  0%| F|  |TAMS 0x00000004c2800000| PB 0x00000004c2800000| Untracked 
| 254|0x00000004c3000000, 0x00000004c3000000, 0x00000004c3800000|  0%| F|  |TAMS 0x00000004c3000000| PB 0x00000004c3000000| Untracked 
| 255|0x00000004c3800000, 0x00000004c3800000, 0x00000004c4000000|  0%| F|  |TAMS 0x00000004c3800000| PB 0x00000004c3800000| Untracked 
| 256|0x00000004c4000000, 0x00000004c4000000, 0x00000004c4800000|  0%| F|  |TAMS 0x00000004c4000000| PB 0x00000004c4000000| Untracked 
| 257|0x00000004c4800000, 0x00000004c4800000, 0x00000004c5000000|  0%| F|  |TAMS 0x00000004c4800000| PB 0x00000004c4800000| Untracked 
| 258|0x00000004c5000000, 0x00000004c5000000, 0x00000004c5800000|  0%| F|  |TAMS 0x00000004c5000000| PB 0x00000004c5000000| Untracked 
| 259|0x00000004c5800000, 0x00000004c5800000, 0x00000004c6000000|  0%| F|  |TAMS 0x00000004c5800000| PB 0x00000004c5800000| Untracked 
| 260|0x00000004c6000000, 0x00000004c6000000, 0x00000004c6800000|  0%| F|  |TAMS 0x00000004c6000000| PB 0x00000004c6000000| Untracked 
| 261|0x00000004c6800000, 0x00000004c6800000, 0x00000004c7000000|  0%| F|  |TAMS 0x00000004c6800000| PB 0x00000004c6800000| Untracked 
| 262|0x00000004c7000000, 0x00000004c7000000, 0x00000004c7800000|  0%| F|  |TAMS 0x00000004c7000000| PB 0x00000004c7000000| Untracked 
| 263|0x00000004c7800000, 0x00000004c7800000, 0x00000004c8000000|  0%| F|  |TAMS 0x00000004c7800000| PB 0x00000004c7800000| Untracked 
| 264|0x00000004c8000000, 0x00000004c8000000, 0x00000004c8800000|  0%| F|  |TAMS 0x00000004c8000000| PB 0x00000004c8000000| Untracked 
| 265|0x00000004c8800000, 0x00000004c8800000, 0x00000004c9000000|  0%| F|  |TAMS 0x00000004c8800000| PB 0x00000004c8800000| Untracked 
| 266|0x00000004c9000000, 0x00000004c9000000, 0x00000004c9800000|  0%| F|  |TAMS 0x00000004c9000000| PB 0x00000004c9000000| Untracked 
| 267|0x00000004c9800000, 0x00000004c9800000, 0x00000004ca000000|  0%| F|  |TAMS 0x00000004c9800000| PB 0x00000004c9800000| Untracked 
| 268|0x00000004ca000000, 0x00000004ca000000, 0x00000004ca800000|  0%| F|  |TAMS 0x00000004ca000000| PB 0x00000004ca000000| Untracked 
| 269|0x00000004ca800000, 0x00000004ca800000, 0x00000004cb000000|  0%| F|  |TAMS 0x00000004ca800000| PB 0x00000004ca800000| Untracked 
| 270|0x00000004cb000000, 0x00000004cb000000, 0x00000004cb800000|  0%| F|  |TAMS 0x00000004cb000000| PB 0x00000004cb000000| Untracked 
| 271|0x00000004cb800000, 0x00000004cb800000, 0x00000004cc000000|  0%| F|  |TAMS 0x00000004cb800000| PB 0x00000004cb800000| Untracked 
| 272|0x00000004cc000000, 0x00000004cc000000, 0x00000004cc800000|  0%| F|  |TAMS 0x00000004cc000000| PB 0x00000004cc000000| Untracked 
| 273|0x00000004cc800000, 0x00000004cc800000, 0x00000004cd000000|  0%| F|  |TAMS 0x00000004cc800000| PB 0x00000004cc800000| Untracked 
| 274|0x00000004cd000000, 0x00000004cd000000, 0x00000004cd800000|  0%| F|  |TAMS 0x00000004cd000000| PB 0x00000004cd000000| Untracked 
| 275|0x00000004cd800000, 0x00000004cd800000, 0x00000004ce000000|  0%| F|  |TAMS 0x00000004cd800000| PB 0x00000004cd800000| Untracked 
| 276|0x00000004ce000000, 0x00000004ce000000, 0x00000004ce800000|  0%| F|  |TAMS 0x00000004ce000000| PB 0x00000004ce000000| Untracked 
| 277|0x00000004ce800000, 0x00000004ce800000, 0x00000004cf000000|  0%| F|  |TAMS 0x00000004ce800000| PB 0x00000004ce800000| Untracked 
| 278|0x00000004cf000000, 0x00000004cf000000, 0x00000004cf800000|  0%| F|  |TAMS 0x00000004cf000000| PB 0x00000004cf000000| Untracked 
| 279|0x00000004cf800000, 0x00000004cf800000, 0x00000004d0000000|  0%| F|  |TAMS 0x00000004cf800000| PB 0x00000004cf800000| Untracked 
| 280|0x00000004d0000000, 0x00000004d0000000, 0x00000004d0800000|  0%| F|  |TAMS 0x00000004d0000000| PB 0x00000004d0000000| Untracked 
| 281|0x00000004d0800000, 0x00000004d0800000, 0x00000004d1000000|  0%| F|  |TAMS 0x00000004d0800000| PB 0x00000004d0800000| Untracked 
| 282|0x00000004d1000000, 0x00000004d1000000, 0x00000004d1800000|  0%| F|  |TAMS 0x00000004d1000000| PB 0x00000004d1000000| Untracked 
| 283|0x00000004d1800000, 0x00000004d1800000, 0x00000004d2000000|  0%| F|  |TAMS 0x00000004d1800000| PB 0x00000004d1800000| Untracked 
| 284|0x00000004d2000000, 0x00000004d2000000, 0x00000004d2800000|  0%| F|  |TAMS 0x00000004d2000000| PB 0x00000004d2000000| Untracked 
| 285|0x00000004d2800000, 0x00000004d2800000, 0x00000004d3000000|  0%| F|  |TAMS 0x00000004d2800000| PB 0x00000004d2800000| Untracked 
| 286|0x00000004d3000000, 0x00000004d3000000, 0x00000004d3800000|  0%| F|  |TAMS 0x00000004d3000000| PB 0x00000004d3000000| Untracked 
| 287|0x00000004d3800000, 0x00000004d3800000, 0x00000004d4000000|  0%| F|  |TAMS 0x00000004d3800000| PB 0x00000004d3800000| Untracked 
| 288|0x00000004d4000000, 0x00000004d4000000, 0x00000004d4800000|  0%| F|  |TAMS 0x00000004d4000000| PB 0x00000004d4000000| Untracked 
| 289|0x00000004d4800000, 0x00000004d4800000, 0x00000004d5000000|  0%| F|  |TAMS 0x00000004d4800000| PB 0x00000004d4800000| Untracked 
| 290|0x00000004d5000000, 0x00000004d5000000, 0x00000004d5800000|  0%| F|  |TAMS 0x00000004d5000000| PB 0x00000004d5000000| Untracked 
| 291|0x00000004d5800000, 0x00000004d5800000, 0x00000004d6000000|  0%| F|  |TAMS 0x00000004d5800000| PB 0x00000004d5800000| Untracked 
| 292|0x00000004d6000000, 0x00000004d6000000, 0x00000004d6800000|  0%| F|  |TAMS 0x00000004d6000000| PB 0x00000004d6000000| Untracked 
| 293|0x00000004d6800000, 0x00000004d6800000, 0x00000004d7000000|  0%| F|  |TAMS 0x00000004d6800000| PB 0x00000004d6800000| Untracked 
| 294|0x00000004d7000000, 0x00000004d7000000, 0x00000004d7800000|  0%| F|  |TAMS 0x00000004d7000000| PB 0x00000004d7000000| Untracked 
| 295|0x00000004d7800000, 0x00000004d7800000, 0x00000004d8000000|  0%| F|  |TAMS 0x00000004d7800000| PB 0x00000004d7800000| Untracked 
| 296|0x00000004d8000000, 0x00000004d8000000, 0x00000004d8800000|  0%| F|  |TAMS 0x00000004d8000000| PB 0x00000004d8000000| Untracked 
| 297|0x00000004d8800000, 0x00000004d8800000, 0x00000004d9000000|  0%| F|  |TAMS 0x00000004d8800000| PB 0x00000004d8800000| Untracked 
| 298|0x00000004d9000000, 0x00000004d9000000, 0x00000004d9800000|  0%| F|  |TAMS 0x00000004d9000000| PB 0x00000004d9000000| Untracked 
| 299|0x00000004d9800000, 0x00000004d9800000, 0x00000004da000000|  0%| F|  |TAMS 0x00000004d9800000| PB 0x00000004d9800000| Untracked 
| 300|0x00000004da000000, 0x00000004da000000, 0x00000004da800000|  0%| F|  |TAMS 0x00000004da000000| PB 0x00000004da000000| Untracked 
| 301|0x00000004da800000, 0x00000004da800000, 0x00000004db000000|  0%| F|  |TAMS 0x00000004da800000| PB 0x00000004da800000| Untracked 
| 302|0x00000004db000000, 0x00000004db000000, 0x00000004db800000|  0%| F|  |TAMS 0x00000004db000000| PB 0x00000004db000000| Untracked 
| 303|0x00000004db800000, 0x00000004db800000, 0x00000004dc000000|  0%| F|  |TAMS 0x00000004db800000| PB 0x00000004db800000| Untracked 
| 304|0x00000004dc000000, 0x00000004dc000000, 0x00000004dc800000|  0%| F|  |TAMS 0x00000004dc000000| PB 0x00000004dc000000| Untracked 
| 305|0x00000004dc800000, 0x00000004dc800000, 0x00000004dd000000|  0%| F|  |TAMS 0x00000004dc800000| PB 0x00000004dc800000| Untracked 
| 306|0x00000004dd000000, 0x00000004dd000000, 0x00000004dd800000|  0%| F|  |TAMS 0x00000004dd000000| PB 0x00000004dd000000| Untracked 
| 307|0x00000004dd800000, 0x00000004dd800000, 0x00000004de000000|  0%| F|  |TAMS 0x00000004dd800000| PB 0x00000004dd800000| Untracked 
| 308|0x00000004de000000, 0x00000004de000000, 0x00000004de800000|  0%| F|  |TAMS 0x00000004de000000| PB 0x00000004de000000| Untracked 
| 309|0x00000004de800000, 0x00000004de800000, 0x00000004df000000|  0%| F|  |TAMS 0x00000004de800000| PB 0x00000004de800000| Untracked 
| 310|0x00000004df000000, 0x00000004df000000, 0x00000004df800000|  0%| F|  |TAMS 0x00000004df000000| PB 0x00000004df000000| Untracked 
| 311|0x00000004df800000, 0x00000004df800000, 0x00000004e0000000|  0%| F|  |TAMS 0x00000004df800000| PB 0x00000004df800000| Untracked 
| 312|0x00000004e0000000, 0x00000004e0000000, 0x00000004e0800000|  0%| F|  |TAMS 0x00000004e0000000| PB 0x00000004e0000000| Untracked 
| 313|0x00000004e0800000, 0x00000004e0800000, 0x00000004e1000000|  0%| F|  |TAMS 0x00000004e0800000| PB 0x00000004e0800000| Untracked 
| 314|0x00000004e1000000, 0x00000004e1000000, 0x00000004e1800000|  0%| F|  |TAMS 0x00000004e1000000| PB 0x00000004e1000000| Untracked 
| 315|0x00000004e1800000, 0x00000004e1800000, 0x00000004e2000000|  0%| F|  |TAMS 0x00000004e1800000| PB 0x00000004e1800000| Untracked 
| 316|0x00000004e2000000, 0x00000004e2000000, 0x00000004e2800000|  0%| F|  |TAMS 0x00000004e2000000| PB 0x00000004e2000000| Untracked 
| 317|0x00000004e2800000, 0x00000004e2800000, 0x00000004e3000000|  0%| F|  |TAMS 0x00000004e2800000| PB 0x00000004e2800000| Untracked 
| 318|0x00000004e3000000, 0x00000004e3000000, 0x00000004e3800000|  0%| F|  |TAMS 0x00000004e3000000| PB 0x00000004e3000000| Untracked 
| 319|0x00000004e3800000, 0x00000004e3800000, 0x00000004e4000000|  0%| F|  |TAMS 0x00000004e3800000| PB 0x00000004e3800000| Untracked 
| 320|0x00000004e4000000, 0x00000004e4000000, 0x00000004e4800000|  0%| F|  |TAMS 0x00000004e4000000| PB 0x00000004e4000000| Untracked 
| 321|0x00000004e4800000, 0x00000004e4800000, 0x00000004e5000000|  0%| F|  |TAMS 0x00000004e4800000| PB 0x00000004e4800000| Untracked 
| 322|0x00000004e5000000, 0x00000004e5000000, 0x00000004e5800000|  0%| F|  |TAMS 0x00000004e5000000| PB 0x00000004e5000000| Untracked 
| 323|0x00000004e5800000, 0x00000004e5800000, 0x00000004e6000000|  0%| F|  |TAMS 0x00000004e5800000| PB 0x00000004e5800000| Untracked 
| 324|0x00000004e6000000, 0x00000004e6000000, 0x00000004e6800000|  0%| F|  |TAMS 0x00000004e6000000| PB 0x00000004e6000000| Untracked 
| 325|0x00000004e6800000, 0x00000004e6800000, 0x00000004e7000000|  0%| F|  |TAMS 0x00000004e6800000| PB 0x00000004e6800000| Untracked 
| 326|0x00000004e7000000, 0x00000004e7000000, 0x00000004e7800000|  0%| F|  |TAMS 0x00000004e7000000| PB 0x00000004e7000000| Untracked 
| 327|0x00000004e7800000, 0x00000004e7800000, 0x00000004e8000000|  0%| F|  |TAMS 0x00000004e7800000| PB 0x00000004e7800000| Untracked 
| 328|0x00000004e8000000, 0x00000004e8000000, 0x00000004e8800000|  0%| F|  |TAMS 0x00000004e8000000| PB 0x00000004e8000000| Untracked 
| 329|0x00000004e8800000, 0x00000004e8800000, 0x00000004e9000000|  0%| F|  |TAMS 0x00000004e8800000| PB 0x00000004e8800000| Untracked 
| 330|0x00000004e9000000, 0x00000004e9000000, 0x00000004e9800000|  0%| F|  |TAMS 0x00000004e9000000| PB 0x00000004e9000000| Untracked 
| 331|0x00000004e9800000, 0x00000004e9800000, 0x00000004ea000000|  0%| F|  |TAMS 0x00000004e9800000| PB 0x00000004e9800000| Untracked 
| 332|0x00000004ea000000, 0x00000004ea000000, 0x00000004ea800000|  0%| F|  |TAMS 0x00000004ea000000| PB 0x00000004ea000000| Untracked 
| 333|0x00000004ea800000, 0x00000004ea800000, 0x00000004eb000000|  0%| F|  |TAMS 0x00000004ea800000| PB 0x00000004ea800000| Untracked 
| 334|0x00000004eb000000, 0x00000004eb000000, 0x00000004eb800000|  0%| F|  |TAMS 0x00000004eb000000| PB 0x00000004eb000000| Untracked 
| 335|0x00000004eb800000, 0x00000004eb800000, 0x00000004ec000000|  0%| F|  |TAMS 0x00000004eb800000| PB 0x00000004eb800000| Untracked 
| 336|0x00000004ec000000, 0x00000004ec000000, 0x00000004ec800000|  0%| F|  |TAMS 0x00000004ec000000| PB 0x00000004ec000000| Untracked 
| 337|0x00000004ec800000, 0x00000004ec800000, 0x00000004ed000000|  0%| F|  |TAMS 0x00000004ec800000| PB 0x00000004ec800000| Untracked 
| 338|0x00000004ed000000, 0x00000004ed000000, 0x00000004ed800000|  0%| F|  |TAMS 0x00000004ed000000| PB 0x00000004ed000000| Untracked 
| 339|0x00000004ed800000, 0x00000004ed800000, 0x00000004ee000000|  0%| F|  |TAMS 0x00000004ed800000| PB 0x00000004ed800000| Untracked 
| 340|0x00000004ee000000, 0x00000004ee000000, 0x00000004ee800000|  0%| F|  |TAMS 0x00000004ee000000| PB 0x00000004ee000000| Untracked 
| 341|0x00000004ee800000, 0x00000004ee800000, 0x00000004ef000000|  0%| F|  |TAMS 0x00000004ee800000| PB 0x00000004ee800000| Untracked 
| 342|0x00000004ef000000, 0x00000004ef000000, 0x00000004ef800000|  0%| F|  |TAMS 0x00000004ef000000| PB 0x00000004ef000000| Untracked 
| 343|0x00000004ef800000, 0x00000004ef800000, 0x00000004f0000000|  0%| F|  |TAMS 0x00000004ef800000| PB 0x00000004ef800000| Untracked 
| 344|0x00000004f0000000, 0x00000004f0000000, 0x00000004f0800000|  0%| F|  |TAMS 0x00000004f0000000| PB 0x00000004f0000000| Untracked 
| 345|0x00000004f0800000, 0x00000004f0800000, 0x00000004f1000000|  0%| F|  |TAMS 0x00000004f0800000| PB 0x00000004f0800000| Untracked 
| 346|0x00000004f1000000, 0x00000004f1000000, 0x00000004f1800000|  0%| F|  |TAMS 0x00000004f1000000| PB 0x00000004f1000000| Untracked 
| 347|0x00000004f1800000, 0x00000004f1800000, 0x00000004f2000000|  0%| F|  |TAMS 0x00000004f1800000| PB 0x00000004f1800000| Untracked 
| 348|0x00000004f2000000, 0x00000004f2000000, 0x00000004f2800000|  0%| F|  |TAMS 0x00000004f2000000| PB 0x00000004f2000000| Untracked 
| 349|0x00000004f2800000, 0x00000004f2800000, 0x00000004f3000000|  0%| F|  |TAMS 0x00000004f2800000| PB 0x00000004f2800000| Untracked 
| 350|0x00000004f3000000, 0x00000004f3000000, 0x00000004f3800000|  0%| F|  |TAMS 0x00000004f3000000| PB 0x00000004f3000000| Untracked 
| 351|0x00000004f3800000, 0x00000004f3800000, 0x00000004f4000000|  0%| F|  |TAMS 0x00000004f3800000| PB 0x00000004f3800000| Untracked 
| 352|0x00000004f4000000, 0x00000004f4000000, 0x00000004f4800000|  0%| F|  |TAMS 0x00000004f4000000| PB 0x00000004f4000000| Untracked 
| 353|0x00000004f4800000, 0x00000004f4800000, 0x00000004f5000000|  0%| F|  |TAMS 0x00000004f4800000| PB 0x00000004f4800000| Untracked 
| 354|0x00000004f5000000, 0x00000004f5000000, 0x00000004f5800000|  0%| F|  |TAMS 0x00000004f5000000| PB 0x00000004f5000000| Untracked 
| 355|0x00000004f5800000, 0x00000004f5800000, 0x00000004f6000000|  0%| F|  |TAMS 0x00000004f5800000| PB 0x00000004f5800000| Untracked 
| 356|0x00000004f6000000, 0x00000004f6000000, 0x00000004f6800000|  0%| F|  |TAMS 0x00000004f6000000| PB 0x00000004f6000000| Untracked 
| 357|0x00000004f6800000, 0x00000004f6800000, 0x00000004f7000000|  0%| F|  |TAMS 0x00000004f6800000| PB 0x00000004f6800000| Untracked 
| 358|0x00000004f7000000, 0x00000004f7000000, 0x00000004f7800000|  0%| F|  |TAMS 0x00000004f7000000| PB 0x00000004f7000000| Untracked 
| 359|0x00000004f7800000, 0x00000004f7800000, 0x00000004f8000000|  0%| F|  |TAMS 0x00000004f7800000| PB 0x00000004f7800000| Untracked 
| 360|0x00000004f8000000, 0x00000004f8000000, 0x00000004f8800000|  0%| F|  |TAMS 0x00000004f8000000| PB 0x00000004f8000000| Untracked 
| 361|0x00000004f8800000, 0x00000004f8800000, 0x00000004f9000000|  0%| F|  |TAMS 0x00000004f8800000| PB 0x00000004f8800000| Untracked 
| 362|0x00000004f9000000, 0x00000004f9000000, 0x00000004f9800000|  0%| F|  |TAMS 0x00000004f9000000| PB 0x00000004f9000000| Untracked 
| 363|0x00000004f9800000, 0x00000004f9800000, 0x00000004fa000000|  0%| F|  |TAMS 0x00000004f9800000| PB 0x00000004f9800000| Untracked 
| 364|0x00000004fa000000, 0x00000004fa000000, 0x00000004fa800000|  0%| F|  |TAMS 0x00000004fa000000| PB 0x00000004fa000000| Untracked 
| 365|0x00000004fa800000, 0x00000004fa800000, 0x00000004fb000000|  0%| F|  |TAMS 0x00000004fa800000| PB 0x00000004fa800000| Untracked 
| 366|0x00000004fb000000, 0x00000004fb000000, 0x00000004fb800000|  0%| F|  |TAMS 0x00000004fb000000| PB 0x00000004fb000000| Untracked 
| 367|0x00000004fb800000, 0x00000004fb800000, 0x00000004fc000000|  0%| F|  |TAMS 0x00000004fb800000| PB 0x00000004fb800000| Untracked 
| 368|0x00000004fc000000, 0x00000004fc000000, 0x00000004fc800000|  0%| F|  |TAMS 0x00000004fc000000| PB 0x00000004fc000000| Untracked 
| 369|0x00000004fc800000, 0x00000004fc800000, 0x00000004fd000000|  0%| F|  |TAMS 0x00000004fc800000| PB 0x00000004fc800000| Untracked 
| 370|0x00000004fd000000, 0x00000004fd000000, 0x00000004fd800000|  0%| F|  |TAMS 0x00000004fd000000| PB 0x00000004fd000000| Untracked 
| 371|0x00000004fd800000, 0x00000004fd800000, 0x00000004fe000000|  0%| F|  |TAMS 0x00000004fd800000| PB 0x00000004fd800000| Untracked 
| 372|0x00000004fe000000, 0x00000004fe000000, 0x00000004fe800000|  0%| F|  |TAMS 0x00000004fe000000| PB 0x00000004fe000000| Untracked 
| 373|0x00000004fe800000, 0x00000004fe800000, 0x00000004ff000000|  0%| F|  |TAMS 0x00000004fe800000| PB 0x00000004fe800000| Untracked 
| 374|0x00000004ff000000, 0x00000004ff000000, 0x00000004ff800000|  0%| F|  |TAMS 0x00000004ff000000| PB 0x00000004ff000000| Untracked 
| 375|0x00000004ff800000, 0x00000004ff800000, 0x0000000500000000|  0%| F|  |TAMS 0x00000004ff800000| PB 0x00000004ff800000| Untracked 
| 376|0x0000000500000000, 0x0000000500000000, 0x0000000500800000|  0%| F|  |TAMS 0x0000000500000000| PB 0x0000000500000000| Untracked 
| 377|0x0000000500800000, 0x0000000500800000, 0x0000000501000000|  0%| F|  |TAMS 0x0000000500800000| PB 0x0000000500800000| Untracked 
| 378|0x0000000501000000, 0x0000000501000000, 0x0000000501800000|  0%| F|  |TAMS 0x0000000501000000| PB 0x0000000501000000| Untracked 
| 379|0x0000000501800000, 0x0000000501800000, 0x0000000502000000|  0%| F|  |TAMS 0x0000000501800000| PB 0x0000000501800000| Untracked 
| 380|0x0000000502000000, 0x0000000502000000, 0x0000000502800000|  0%| F|  |TAMS 0x0000000502000000| PB 0x0000000502000000| Untracked 
| 381|0x0000000502800000, 0x0000000502800000, 0x0000000503000000|  0%| F|  |TAMS 0x0000000502800000| PB 0x0000000502800000| Untracked 
| 382|0x0000000503000000, 0x0000000503000000, 0x0000000503800000|  0%| F|  |TAMS 0x0000000503000000| PB 0x0000000503000000| Untracked 
| 383|0x0000000503800000, 0x0000000503800000, 0x0000000504000000|  0%| F|  |TAMS 0x0000000503800000| PB 0x0000000503800000| Untracked 
| 384|0x0000000504000000, 0x0000000504000000, 0x0000000504800000|  0%| F|  |TAMS 0x0000000504000000| PB 0x0000000504000000| Untracked 
| 385|0x0000000504800000, 0x0000000504800000, 0x0000000505000000|  0%| F|  |TAMS 0x0000000504800000| PB 0x0000000504800000| Untracked 
| 386|0x0000000505000000, 0x0000000505000000, 0x0000000505800000|  0%| F|  |TAMS 0x0000000505000000| PB 0x0000000505000000| Untracked 
| 387|0x0000000505800000, 0x0000000505800000, 0x0000000506000000|  0%| F|  |TAMS 0x0000000505800000| PB 0x0000000505800000| Untracked 
| 388|0x0000000506000000, 0x0000000506000000, 0x0000000506800000|  0%| F|  |TAMS 0x0000000506000000| PB 0x0000000506000000| Untracked 
| 389|0x0000000506800000, 0x0000000506800000, 0x0000000507000000|  0%| F|  |TAMS 0x0000000506800000| PB 0x0000000506800000| Untracked 
| 390|0x0000000507000000, 0x0000000507000000, 0x0000000507800000|  0%| F|  |TAMS 0x0000000507000000| PB 0x0000000507000000| Untracked 
| 391|0x0000000507800000, 0x0000000507800000, 0x0000000508000000|  0%| F|  |TAMS 0x0000000507800000| PB 0x0000000507800000| Untracked 
| 392|0x0000000508000000, 0x0000000508000000, 0x0000000508800000|  0%| F|  |TAMS 0x0000000508000000| PB 0x0000000508000000| Untracked 
| 393|0x0000000508800000, 0x0000000508800000, 0x0000000509000000|  0%| F|  |TAMS 0x0000000508800000| PB 0x0000000508800000| Untracked 
| 394|0x0000000509000000, 0x0000000509000000, 0x0000000509800000|  0%| F|  |TAMS 0x0000000509000000| PB 0x0000000509000000| Untracked 
| 395|0x0000000509800000, 0x0000000509800000, 0x000000050a000000|  0%| F|  |TAMS 0x0000000509800000| PB 0x0000000509800000| Untracked 
| 396|0x000000050a000000, 0x000000050a000000, 0x000000050a800000|  0%| F|  |TAMS 0x000000050a000000| PB 0x000000050a000000| Untracked 
| 397|0x000000050a800000, 0x000000050a800000, 0x000000050b000000|  0%| F|  |TAMS 0x000000050a800000| PB 0x000000050a800000| Untracked 
| 398|0x000000050b000000, 0x000000050b000000, 0x000000050b800000|  0%| F|  |TAMS 0x000000050b000000| PB 0x000000050b000000| Untracked 
| 399|0x000000050b800000, 0x000000050b800000, 0x000000050c000000|  0%| F|  |TAMS 0x000000050b800000| PB 0x000000050b800000| Untracked 
| 400|0x000000050c000000, 0x000000050c000000, 0x000000050c800000|  0%| F|  |TAMS 0x000000050c000000| PB 0x000000050c000000| Untracked 
| 401|0x000000050c800000, 0x000000050c800000, 0x000000050d000000|  0%| F|  |TAMS 0x000000050c800000| PB 0x000000050c800000| Untracked 
| 402|0x000000050d000000, 0x000000050d000000, 0x000000050d800000|  0%| F|  |TAMS 0x000000050d000000| PB 0x000000050d000000| Untracked 
| 403|0x000000050d800000, 0x000000050d800000, 0x000000050e000000|  0%| F|  |TAMS 0x000000050d800000| PB 0x000000050d800000| Untracked 
| 404|0x000000050e000000, 0x000000050e000000, 0x000000050e800000|  0%| F|  |TAMS 0x000000050e000000| PB 0x000000050e000000| Untracked 
| 405|0x000000050e800000, 0x000000050e800000, 0x000000050f000000|  0%| F|  |TAMS 0x000000050e800000| PB 0x000000050e800000| Untracked 
| 406|0x000000050f000000, 0x000000050f000000, 0x000000050f800000|  0%| F|  |TAMS 0x000000050f000000| PB 0x000000050f000000| Untracked 
| 407|0x000000050f800000, 0x000000050f800000, 0x0000000510000000|  0%| F|  |TAMS 0x000000050f800000| PB 0x000000050f800000| Untracked 
| 408|0x0000000510000000, 0x0000000510000000, 0x0000000510800000|  0%| F|  |TAMS 0x0000000510000000| PB 0x0000000510000000| Untracked 
| 409|0x0000000510800000, 0x0000000510800000, 0x0000000511000000|  0%| F|  |TAMS 0x0000000510800000| PB 0x0000000510800000| Untracked 
| 410|0x0000000511000000, 0x0000000511000000, 0x0000000511800000|  0%| F|  |TAMS 0x0000000511000000| PB 0x0000000511000000| Untracked 
| 411|0x0000000511800000, 0x0000000511800000, 0x0000000512000000|  0%| F|  |TAMS 0x0000000511800000| PB 0x0000000511800000| Untracked 
| 412|0x0000000512000000, 0x0000000512000000, 0x0000000512800000|  0%| F|  |TAMS 0x0000000512000000| PB 0x0000000512000000| Untracked 
| 413|0x0000000512800000, 0x0000000512800000, 0x0000000513000000|  0%| F|  |TAMS 0x0000000512800000| PB 0x0000000512800000| Untracked 
| 414|0x0000000513000000, 0x0000000513000000, 0x0000000513800000|  0%| F|  |TAMS 0x0000000513000000| PB 0x0000000513000000| Untracked 
| 415|0x0000000513800000, 0x0000000513800000, 0x0000000514000000|  0%| F|  |TAMS 0x0000000513800000| PB 0x0000000513800000| Untracked 
| 416|0x0000000514000000, 0x0000000514000000, 0x0000000514800000|  0%| F|  |TAMS 0x0000000514000000| PB 0x0000000514000000| Untracked 
| 417|0x0000000514800000, 0x0000000514800000, 0x0000000515000000|  0%| F|  |TAMS 0x0000000514800000| PB 0x0000000514800000| Untracked 
| 418|0x0000000515000000, 0x0000000515000000, 0x0000000515800000|  0%| F|  |TAMS 0x0000000515000000| PB 0x0000000515000000| Untracked 
| 419|0x0000000515800000, 0x0000000515800000, 0x0000000516000000|  0%| F|  |TAMS 0x0000000515800000| PB 0x0000000515800000| Untracked 
| 420|0x0000000516000000, 0x0000000516000000, 0x0000000516800000|  0%| F|  |TAMS 0x0000000516000000| PB 0x0000000516000000| Untracked 
| 421|0x0000000516800000, 0x0000000516800000, 0x0000000517000000|  0%| F|  |TAMS 0x0000000516800000| PB 0x0000000516800000| Untracked 
| 422|0x0000000517000000, 0x0000000517000000, 0x0000000517800000|  0%| F|  |TAMS 0x0000000517000000| PB 0x0000000517000000| Untracked 
| 423|0x0000000517800000, 0x0000000517800000, 0x0000000518000000|  0%| F|  |TAMS 0x0000000517800000| PB 0x0000000517800000| Untracked 
| 424|0x0000000518000000, 0x0000000518000000, 0x0000000518800000|  0%| F|  |TAMS 0x0000000518000000| PB 0x0000000518000000| Untracked 
| 425|0x0000000518800000, 0x0000000518800000, 0x0000000519000000|  0%| F|  |TAMS 0x0000000518800000| PB 0x0000000518800000| Untracked 
| 426|0x0000000519000000, 0x0000000519000000, 0x0000000519800000|  0%| F|  |TAMS 0x0000000519000000| PB 0x0000000519000000| Untracked 
| 427|0x0000000519800000, 0x0000000519800000, 0x000000051a000000|  0%| F|  |TAMS 0x0000000519800000| PB 0x0000000519800000| Untracked 
| 428|0x000000051a000000, 0x000000051a000000, 0x000000051a800000|  0%| F|  |TAMS 0x000000051a000000| PB 0x000000051a000000| Untracked 
| 429|0x000000051a800000, 0x000000051a800000, 0x000000051b000000|  0%| F|  |TAMS 0x000000051a800000| PB 0x000000051a800000| Untracked 
| 430|0x000000051b000000, 0x000000051b000000, 0x000000051b800000|  0%| F|  |TAMS 0x000000051b000000| PB 0x000000051b000000| Untracked 
| 431|0x000000051b800000, 0x000000051b800000, 0x000000051c000000|  0%| F|  |TAMS 0x000000051b800000| PB 0x000000051b800000| Untracked 
| 432|0x000000051c000000, 0x000000051c000000, 0x000000051c800000|  0%| F|  |TAMS 0x000000051c000000| PB 0x000000051c000000| Untracked 
| 433|0x000000051c800000, 0x000000051c800000, 0x000000051d000000|  0%| F|  |TAMS 0x000000051c800000| PB 0x000000051c800000| Untracked 
| 434|0x000000051d000000, 0x000000051d000000, 0x000000051d800000|  0%| F|  |TAMS 0x000000051d000000| PB 0x000000051d000000| Untracked 
| 435|0x000000051d800000, 0x000000051d800000, 0x000000051e000000|  0%| F|  |TAMS 0x000000051d800000| PB 0x000000051d800000| Untracked 
| 436|0x000000051e000000, 0x000000051e000000, 0x000000051e800000|  0%| F|  |TAMS 0x000000051e000000| PB 0x000000051e000000| Untracked 
| 437|0x000000051e800000, 0x000000051e800000, 0x000000051f000000|  0%| F|  |TAMS 0x000000051e800000| PB 0x000000051e800000| Untracked 
| 438|0x000000051f000000, 0x000000051f000000, 0x000000051f800000|  0%| F|  |TAMS 0x000000051f000000| PB 0x000000051f000000| Untracked 
| 439|0x000000051f800000, 0x000000051f800000, 0x0000000520000000|  0%| F|  |TAMS 0x000000051f800000| PB 0x000000051f800000| Untracked 
| 440|0x0000000520000000, 0x0000000520000000, 0x0000000520800000|  0%| F|  |TAMS 0x0000000520000000| PB 0x0000000520000000| Untracked 
| 441|0x0000000520800000, 0x0000000520800000, 0x0000000521000000|  0%| F|  |TAMS 0x0000000520800000| PB 0x0000000520800000| Untracked 
| 442|0x0000000521000000, 0x0000000521000000, 0x0000000521800000|  0%| F|  |TAMS 0x0000000521000000| PB 0x0000000521000000| Untracked 
| 443|0x0000000521800000, 0x0000000521800000, 0x0000000522000000|  0%| F|  |TAMS 0x0000000521800000| PB 0x0000000521800000| Untracked 
| 444|0x0000000522000000, 0x0000000522000000, 0x0000000522800000|  0%| F|  |TAMS 0x0000000522000000| PB 0x0000000522000000| Untracked 
| 445|0x0000000522800000, 0x0000000522800000, 0x0000000523000000|  0%| F|  |TAMS 0x0000000522800000| PB 0x0000000522800000| Untracked 
| 446|0x0000000523000000, 0x0000000523000000, 0x0000000523800000|  0%| F|  |TAMS 0x0000000523000000| PB 0x0000000523000000| Untracked 
| 447|0x0000000523800000, 0x0000000523800000, 0x0000000524000000|  0%| F|  |TAMS 0x0000000523800000| PB 0x0000000523800000| Untracked 
| 448|0x0000000524000000, 0x0000000524000000, 0x0000000524800000|  0%| F|  |TAMS 0x0000000524000000| PB 0x0000000524000000| Untracked 
| 449|0x0000000524800000, 0x0000000524800000, 0x0000000525000000|  0%| F|  |TAMS 0x0000000524800000| PB 0x0000000524800000| Untracked 
| 450|0x0000000525000000, 0x0000000525000000, 0x0000000525800000|  0%| F|  |TAMS 0x0000000525000000| PB 0x0000000525000000| Untracked 
| 451|0x0000000525800000, 0x0000000525800000, 0x0000000526000000|  0%| F|  |TAMS 0x0000000525800000| PB 0x0000000525800000| Untracked 
| 452|0x0000000526000000, 0x0000000526000000, 0x0000000526800000|  0%| F|  |TAMS 0x0000000526000000| PB 0x0000000526000000| Untracked 
| 453|0x0000000526800000, 0x0000000526800000, 0x0000000527000000|  0%| F|  |TAMS 0x0000000526800000| PB 0x0000000526800000| Untracked 
| 454|0x0000000527000000, 0x0000000527000000, 0x0000000527800000|  0%| F|  |TAMS 0x0000000527000000| PB 0x0000000527000000| Untracked 
| 455|0x0000000527800000, 0x0000000527800000, 0x0000000528000000|  0%| F|  |TAMS 0x0000000527800000| PB 0x0000000527800000| Untracked 
| 456|0x0000000528000000, 0x0000000528000000, 0x0000000528800000|  0%| F|  |TAMS 0x0000000528000000| PB 0x0000000528000000| Untracked 
| 457|0x0000000528800000, 0x0000000528800000, 0x0000000529000000|  0%| F|  |TAMS 0x0000000528800000| PB 0x0000000528800000| Untracked 
| 458|0x0000000529000000, 0x0000000529000000, 0x0000000529800000|  0%| F|  |TAMS 0x0000000529000000| PB 0x0000000529000000| Untracked 
| 459|0x0000000529800000, 0x0000000529800000, 0x000000052a000000|  0%| F|  |TAMS 0x0000000529800000| PB 0x0000000529800000| Untracked 
| 460|0x000000052a000000, 0x000000052a000000, 0x000000052a800000|  0%| F|  |TAMS 0x000000052a000000| PB 0x000000052a000000| Untracked 
| 461|0x000000052a800000, 0x000000052a800000, 0x000000052b000000|  0%| F|  |TAMS 0x000000052a800000| PB 0x000000052a800000| Untracked 
| 462|0x000000052b000000, 0x000000052b000000, 0x000000052b800000|  0%| F|  |TAMS 0x000000052b000000| PB 0x000000052b000000| Untracked 
| 463|0x000000052b800000, 0x000000052b800000, 0x000000052c000000|  0%| F|  |TAMS 0x000000052b800000| PB 0x000000052b800000| Untracked 
| 464|0x000000052c000000, 0x000000052c000000, 0x000000052c800000|  0%| F|  |TAMS 0x000000052c000000| PB 0x000000052c000000| Untracked 
| 465|0x000000052c800000, 0x000000052c800000, 0x000000052d000000|  0%| F|  |TAMS 0x000000052c800000| PB 0x000000052c800000| Untracked 
| 466|0x000000052d000000, 0x000000052d000000, 0x000000052d800000|  0%| F|  |TAMS 0x000000052d000000| PB 0x000000052d000000| Untracked 
| 467|0x000000052d800000, 0x000000052d800000, 0x000000052e000000|  0%| F|  |TAMS 0x000000052d800000| PB 0x000000052d800000| Untracked 
| 468|0x000000052e000000, 0x000000052e000000, 0x000000052e800000|  0%| F|  |TAMS 0x000000052e000000| PB 0x000000052e000000| Untracked 
| 469|0x000000052e800000, 0x000000052e800000, 0x000000052f000000|  0%| F|  |TAMS 0x000000052e800000| PB 0x000000052e800000| Untracked 
| 470|0x000000052f000000, 0x000000052f000000, 0x000000052f800000|  0%| F|  |TAMS 0x000000052f000000| PB 0x000000052f000000| Untracked 
| 471|0x000000052f800000, 0x000000052f800000, 0x0000000530000000|  0%| F|  |TAMS 0x000000052f800000| PB 0x000000052f800000| Untracked 
| 472|0x0000000530000000, 0x0000000530000000, 0x0000000530800000|  0%| F|  |TAMS 0x0000000530000000| PB 0x0000000530000000| Untracked 
| 473|0x0000000530800000, 0x0000000530800000, 0x0000000531000000|  0%| F|  |TAMS 0x0000000530800000| PB 0x0000000530800000| Untracked 
| 474|0x0000000531000000, 0x0000000531000000, 0x0000000531800000|  0%| F|  |TAMS 0x0000000531000000| PB 0x0000000531000000| Untracked 
| 475|0x0000000531800000, 0x0000000531800000, 0x0000000532000000|  0%| F|  |TAMS 0x0000000531800000| PB 0x0000000531800000| Untracked 
| 476|0x0000000532000000, 0x0000000532000000, 0x0000000532800000|  0%| F|  |TAMS 0x0000000532000000| PB 0x0000000532000000| Untracked 
| 477|0x0000000532800000, 0x0000000532800000, 0x0000000533000000|  0%| F|  |TAMS 0x0000000532800000| PB 0x0000000532800000| Untracked 
| 478|0x0000000533000000, 0x00000005331e5900, 0x0000000533800000| 23%| S|CS|TAMS 0x0000000533000000| PB 0x0000000533000000| Complete 
| 479|0x0000000533800000, 0x0000000534000000, 0x0000000534000000|100%| S|CS|TAMS 0x0000000533800000| PB 0x0000000533800000| Complete 
| 480|0x0000000534000000, 0x0000000534800000, 0x0000000534800000|100%| S|CS|TAMS 0x0000000534000000| PB 0x0000000534000000| Complete 
| 481|0x0000000534800000, 0x0000000535000000, 0x0000000535000000|100%| S|CS|TAMS 0x0000000534800000| PB 0x0000000534800000| Complete 
| 482|0x0000000535000000, 0x0000000535800000, 0x0000000535800000|100%| S|CS|TAMS 0x0000000535000000| PB 0x0000000535000000| Complete 
| 483|0x0000000535800000, 0x0000000536000000, 0x0000000536000000|100%| S|CS|TAMS 0x0000000535800000| PB 0x0000000535800000| Complete 
|1898|0x00000007f9000000, 0x00000007f972dd80, 0x00000007f9800000| 89%| O|  |TAMS 0x00000007f972d570| PB 0x00000007f9000000| Untracked 
|1899|0x00000007f9800000, 0x00000007fa000000, 0x00000007fa000000|100%| O|  |TAMS 0x00000007fa000000| PB 0x00000007f9800000| Untracked 
|1900|0x00000007fa000000, 0x00000007fa800000, 0x00000007fa800000|100%| O|  |TAMS 0x00000007fa800000| PB 0x00000007fa000000| Untracked 
|1901|0x00000007fa800000, 0x00000007fb000000, 0x00000007fb000000|100%| O|  |TAMS 0x00000007fb000000| PB 0x00000007fa800000| Untracked 
|1902|0x00000007fb000000, 0x00000007fb000000, 0x00000007fb800000|  0%| F|  |TAMS 0x00000007fb000000| PB 0x00000007fb000000| Untracked 
|1903|0x00000007fb800000, 0x00000007fb800000, 0x00000007fc000000|  0%| F|  |TAMS 0x00000007fb800000| PB 0x00000007fb800000| Untracked 
|1904|0x00000007fc000000, 0x00000007fc000000, 0x00000007fc800000|  0%| F|  |TAMS 0x00000007fc000000| PB 0x00000007fc000000| Untracked 
|1905|0x00000007fc800000, 0x00000007fd000000, 0x00000007fd000000|100%| S|CS|TAMS 0x00000007fc800000| PB 0x00000007fc800000| Complete 
|1906|0x00000007fd000000, 0x00000007fd800000, 0x00000007fd800000|100%| O|  |TAMS 0x00000007fd800000| PB 0x00000007fd000000| Untracked 
|1907|0x00000007fd800000, 0x00000007fe000000, 0x00000007fe000000|100%| S|CS|TAMS 0x00000007fd800000| PB 0x00000007fd800000| Complete 
|1908|0x00000007fe000000, 0x00000007fe800000, 0x00000007fe800000|100%| S|CS|TAMS 0x00000007fe000000| PB 0x00000007fe000000| Complete 
|1909|0x00000007fe800000, 0x00000007ff000000, 0x00000007ff000000|100%| O|  |TAMS 0x00000007ff000000| PB 0x00000007fe800000| Untracked 
|1910|0x00000007ff000000, 0x00000007ff800000, 0x00000007ff800000|100%| S|CS|TAMS 0x00000007ff000000| PB 0x00000007ff000000| Complete 
|1911|0x00000007ff800000, 0x00000007ff800000, 0x0000000800000000|  0%| F|  |TAMS 0x00000007ff800000| PB 0x00000007ff800000| Untracked 

Card table byte_map: [0x000001c573c40000,0x000001c575a20000] _byte_map_base: 0x000001c571a20000

Marking Bits: (CMBitMap*) 0x000001c575a5c1b0
 Bits: [0x000001c500000000, 0x000001c50ef00000)

Polling page: 0x000001c557d10000

Metaspace:

Usage:
  Non-class:    133.22 MB used.
      Class:     13.08 MB used.
       Both:    146.30 MB used.

Virtual space:
  Non-class space:      192.00 MB reserved,     133.62 MB ( 70%) committed,  3 nodes.
      Class space:        1.00 GB reserved,      13.38 MB (  1%) committed,  1 nodes.
             Both:        1.19 GB reserved,     147.00 MB ( 12%) committed. 

Chunk freelists:
   Non-Class:  10.36 MB
       Class:  2.60 MB
        Both:  12.96 MB

MaxMetaspaceSize: unlimited
CompressedClassSpaceSize: 1.00 GB
Initial GC threshold: 21.00 MB
Current GC threshold: 244.94 MB
CDS: on
 - commit_granule_bytes: 65536.
 - commit_granule_words: 8192.
 - virtual_space_node_default_size: 8388608.
 - enlarge_chunks_in_place: 1.
 - use_allocation_guard: 0.


Internal statistics:

num_allocs_failed_limit: 18.
num_arena_births: 952.
num_arena_deaths: 0.
num_vsnodes_births: 4.
num_vsnodes_deaths: 0.
num_space_committed: 2271.
num_space_uncommitted: 0.
num_chunks_returned_to_freelist: 18.
num_chunks_taken_from_freelist: 5434.
num_chunk_merges: 12.
num_chunk_splits: 4463.
num_chunks_enlarged: 3811.
num_inconsistent_stats: 0.

CodeHeap 'non-profiled nmethods': size=119168Kb used=5017Kb max_used=16477Kb free=114150Kb
 bounds [0x000001c56a180000, 0x000001c56b200000, 0x000001c5715e0000]
CodeHeap 'profiled nmethods': size=119104Kb used=3185Kb max_used=37030Kb free=115918Kb
 bounds [0x000001c5625e0000, 0x000001c564a50000, 0x000001c569a30000]
CodeHeap 'non-nmethods': size=7488Kb used=2046Kb max_used=3830Kb free=5441Kb
 bounds [0x000001c569a30000, 0x000001c569e20000, 0x000001c56a180000]
CodeCache: size=245760Kb, used=10248Kb, max_used=57337Kb, free=235509Kb
 total_blobs=3030, nmethods=2092, adapters=839, full_count=0
Compilation: enabled, stopped_count=0, restarted_count=0

Compilation events (20 events):
Event: 147.394 Thread 0x000001c55009e130 19354       3       java.lang.Character::toSurrogates (17 bytes)
Event: 147.394 Thread 0x000001c55009e130 nmethod 19354 0x000001c562925490 code [0x000001c562925640, 0x000001c562925860]
Event: 147.394 Thread 0x000001c55008a570 19355       4       java.lang.Character::isHighSurrogate (18 bytes)
Event: 147.395 Thread 0x000001c55008a570 nmethod 19355 0x000001c56a19c810 code [0x000001c56a19c980, 0x000001c56a19ca00]
Event: 147.396 Thread 0x000001c55008a570 19356       4       java.lang.StringUTF16::toUpperCase (276 bytes)
Event: 147.417 Thread 0x000001c55008a570 nmethod 19356 0x000001c56a232b10 code [0x000001c56a232da0, 0x000001c56a233b00]
Event: 147.417 Thread 0x000001c55008a570 19357       4       java.lang.Character::isLowSurrogate (18 bytes)
Event: 147.417 Thread 0x000001c55008a570 nmethod 19357 0x000001c56a1ab190 code [0x000001c56a1ab320, 0x000001c56a1ab3b8]
Event: 147.417 Thread 0x000001c55008a570 19358       4       java.lang.StringUTF16::codePointAt (86 bytes)
Event: 147.418 Thread 0x000001c55008a570 nmethod 19358 0x000001c56a181990 code [0x000001c56a181b20, 0x000001c56a181c38]
Event: 147.494 Thread 0x000001c55009e130 19359       3       java.lang.Character::toChars (59 bytes)
Event: 147.494 Thread 0x000001c55009e130 nmethod 19359 0x000001c562791b90 code [0x000001c562791e80, 0x000001c562793050]
Event: 147.673 Thread 0x000001c55009e130 19360       3       java.util.ResourceBundle$KeyElementReference::<init> (12 bytes)
Event: 147.673 Thread 0x000001c55009e130 nmethod 19360 0x000001c56272d690 code [0x000001c56272d860, 0x000001c56272dc00]
Event: 151.462 Thread 0x000001c55008a570 19361       4       org.hl7.fhir.utilities.xhtml.XhtmlToMarkdownConverter::convert (75 bytes)
Event: 151.469 Thread 0x000001c55008a570 nmethod 19361 0x000001c56a1e4e90 code [0x000001c56a1e5080, 0x000001c56a1e56d0]
Event: 151.543 Thread 0x000001c55008a570 19362       4       java.lang.CharacterData01::getProperties (32 bytes)
Event: 151.544 Thread 0x000001c55008a570 nmethod 19362 0x000001c56a2a0f90 code [0x000001c56a2a1120, 0x000001c56a2a1238]
Event: 159.144 Thread 0x000001c55008a570 19363       4       java.util.Stack::<init> (5 bytes)
Event: 159.148 Thread 0x000001c55008a570 nmethod 19363 0x000001c56a1cbe90 code [0x000001c56a1cc020, 0x000001c56a1cc218]

GC Heap History (20 events):
Event: 148.400 GC heap after
{Heap after GC invocations=108 (full 11):
 garbage-first heap   total 3784704K, used 799455K [0x0000000444000000, 0x0000000800000000)
  region size 8192K, 6 young (49152K), 6 survivors (49152K)
 Metaspace       used 149811K, committed 150528K, reserved 1245184K
  class space    used 13392K, committed 13696K, reserved 1048576K
}
Event: 148.401 GC heap before
{Heap before GC invocations=108 (full 11):
 garbage-first heap   total 3784704K, used 807647K [0x0000000444000000, 0x0000000800000000)
  region size 8192K, 7 young (57344K), 6 survivors (49152K)
 Metaspace       used 149811K, committed 150528K, reserved 1245184K
  class space    used 13392K, committed 13696K, reserved 1048576K
}
Event: 148.406 GC heap after
{Heap after GC invocations=109 (full 11):
 garbage-first heap   total 3784704K, used 792637K [0x0000000444000000, 0x0000000800000000)
  region size 8192K, 5 young (40960K), 5 survivors (40960K)
 Metaspace       used 149811K, committed 150528K, reserved 1245184K
  class space    used 13392K, committed 13696K, reserved 1048576K
}
Event: 155.335 GC heap before
{Heap before GC invocations=110 (full 11):
 garbage-first heap   total 3784704K, used 3758141K [0x0000000444000000, 0x0000000800000000)
  region size 8192K, 165 young (1351680K), 5 survivors (40960K)
 Metaspace       used 149811K, committed 150528K, reserved 1245184K
  class space    used 13392K, committed 13696K, reserved 1048576K
}
Event: 155.418 GC heap after
{Heap after GC invocations=111 (full 11):
 garbage-first heap   total 3850240K, used 814604K [0x0000000444000000, 0x0000000800000000)
  region size 8192K, 8 young (65536K), 8 survivors (65536K)
 Metaspace       used 149811K, committed 150528K, reserved 1245184K
  class space    used 13392K, committed 13696K, reserved 1048576K
}
Event: 158.534 GC heap before
{Heap before GC invocations=111 (full 11):
 garbage-first heap   total 3866624K, used 3845644K [0x0000000444000000, 0x0000000800000000)
  region size 8192K, 65 young (532480K), 8 survivors (65536K)
 Metaspace       used 149811K, committed 150528K, reserved 1245184K
  class space    used 13392K, committed 13696K, reserved 1048576K
}
Event: 158.584 GC heap after
{Heap after GC invocations=112 (full 11):
 garbage-first heap   total 3940352K, used 823902K [0x0000000444000000, 0x0000000800000000)
  region size 8192K, 8 young (65536K), 8 survivors (65536K)
 Metaspace       used 149811K, committed 150528K, reserved 1245184K
  class space    used 13392K, committed 13696K, reserved 1048576K
}
Event: 158.587 GC heap before
{Heap before GC invocations=112 (full 11):
 garbage-first heap   total 3940352K, used 823902K [0x0000000444000000, 0x0000000800000000)
  region size 8192K, 9 young (73728K), 8 survivors (65536K)
 Metaspace       used 149811K, committed 150528K, reserved 1245184K
  class space    used 13392K, committed 13696K, reserved 1048576K
}
Event: 158.599 GC heap after
{Heap after GC invocations=113 (full 11):
 garbage-first heap   total 3940352K, used 831158K [0x0000000444000000, 0x0000000800000000)
  region size 8192K, 9 young (73728K), 9 survivors (73728K)
 Metaspace       used 149811K, committed 150528K, reserved 1245184K
  class space    used 13392K, committed 13696K, reserved 1048576K
}
Event: 159.725 GC heap before
{Heap before GC invocations=114 (full 11):
 garbage-first heap   total 3940352K, used 3387062K [0x0000000444000000, 0x0000000800000000)
  region size 8192K, 146 young (1196032K), 9 survivors (73728K)
 Metaspace       used 149811K, committed 150528K, reserved 1245184K
  class space    used 13392K, committed 13696K, reserved 1048576K
}
Event: 159.736 GC heap after
{Heap after GC invocations=115 (full 11):
 garbage-first heap   total 3940352K, used 797772K [0x0000000444000000, 0x0000000800000000)
  region size 8192K, 6 young (49152K), 6 survivors (49152K)
 Metaspace       used 149811K, committed 150528K, reserved 1245184K
  class space    used 13392K, committed 13696K, reserved 1048576K
}
Event: 160.348 GC heap before
{Heap before GC invocations=115 (full 11):
 garbage-first heap   total 4005888K, used 3984460K [0x0000000444000000, 0x0000000800000000)
  region size 8192K, 98 young (802816K), 6 survivors (49152K)
 Metaspace       used 149811K, committed 150528K, reserved 1245184K
  class space    used 13392K, committed 13696K, reserved 1048576K
}
Event: 160.373 GC heap after
{Heap after GC invocations=116 (full 11):
 garbage-first heap   total 4079616K, used 826533K [0x0000000444000000, 0x0000000800000000)
  region size 8192K, 9 young (73728K), 9 survivors (73728K)
 Metaspace       used 149811K, committed 150528K, reserved 1245184K
  class space    used 13392K, committed 13696K, reserved 1048576K
}
Event: 160.406 GC heap before
{Heap before GC invocations=116 (full 11):
 garbage-first heap   total 4079616K, used 1088677K [0x0000000444000000, 0x0000000800000000)
  region size 8192K, 14 young (114688K), 9 survivors (73728K)
 Metaspace       used 149811K, committed 150528K, reserved 1245184K
  class space    used 13392K, committed 13696K, reserved 1048576K
}
Event: 160.414 GC heap after
{Heap after GC invocations=117 (full 11):
 garbage-first heap   total 4079616K, used 829094K [0x0000000444000000, 0x0000000800000000)
  region size 8192K, 9 young (73728K), 9 survivors (73728K)
 Metaspace       used 149811K, committed 150528K, reserved 1245184K
  class space    used 13392K, committed 13696K, reserved 1048576K
}
Event: 160.430 GC heap before
{Heap before GC invocations=117 (full 11):
 garbage-first heap   total 4079616K, used 861862K [0x0000000444000000, 0x0000000800000000)
  region size 8192K, 11 young (90112K), 9 survivors (73728K)
 Metaspace       used 149811K, committed 150528K, reserved 1245184K
  class space    used 13392K, committed 13696K, reserved 1048576K
}
Event: 160.440 GC heap after
{Heap after GC invocations=118 (full 11):
 garbage-first heap   total 4079616K, used 824592K [0x0000000444000000, 0x0000000800000000)
  region size 8192K, 9 young (73728K), 9 survivors (73728K)
 Metaspace       used 149811K, committed 150528K, reserved 1245184K
  class space    used 13392K, committed 13696K, reserved 1048576K
}
Event: 160.453 GC heap before
{Heap before GC invocations=118 (full 11):
 garbage-first heap   total 4079616K, used 890128K [0x0000000444000000, 0x0000000800000000)
  region size 8192K, 11 young (90112K), 9 survivors (73728K)
 Metaspace       used 149811K, committed 150528K, reserved 1245184K
  class space    used 13392K, committed 13696K, reserved 1048576K
}
Event: 160.460 GC heap after
{Heap after GC invocations=119 (full 11):
 garbage-first heap   total 4079616K, used 836637K [0x0000000444000000, 0x0000000800000000)
  region size 8192K, 9 young (73728K), 9 survivors (73728K)
 Metaspace       used 149811K, committed 150528K, reserved 1245184K
  class space    used 13392K, committed 13696K, reserved 1048576K
}
Event: 160.461 GC heap before
{Heap before GC invocations=119 (full 11):
 garbage-first heap   total 4079616K, used 844829K [0x0000000444000000, 0x0000000800000000)
  region size 8192K, 10 young (81920K), 9 survivors (73728K)
 Metaspace       used 149811K, committed 150528K, reserved 1245184K
  class space    used 13392K, committed 13696K, reserved 1048576K
}

Dll operation events (15 events):
Event: 0.008 Loaded shared library C:\Program Files\Microsoft\jdk-21.0.10.7-hotspot\bin\java.dll
Event: 0.027 Loaded shared library C:\Program Files\Microsoft\jdk-21.0.10.7-hotspot\bin\jsvml.dll
Event: 0.041 Loaded shared library C:\Program Files\Microsoft\jdk-21.0.10.7-hotspot\bin\net.dll
Event: 0.043 Loaded shared library C:\Program Files\Microsoft\jdk-21.0.10.7-hotspot\bin\nio.dll
Event: 0.070 Loaded shared library C:\Program Files\Microsoft\jdk-21.0.10.7-hotspot\bin\zip.dll
Event: 0.144 Loaded shared library C:\Program Files\Microsoft\jdk-21.0.10.7-hotspot\bin\jimage.dll
Event: 0.788 Loaded shared library C:\Program Files\Microsoft\jdk-21.0.10.7-hotspot\bin\verify.dll
Event: 29.925 Loaded shared library C:\Program Files\Microsoft\jdk-21.0.10.7-hotspot\bin\sunmscapi.dll
Event: 29.972 Loaded shared library C:\Program Files\Microsoft\jdk-21.0.10.7-hotspot\bin\extnet.dll
Event: 55.269 Loaded shared library C:\Users\Jose\AppData\Local\Temp\sqlite-3.50.3.0-59e2bb1a-03e4-4b99-bfa2-a9938e6d48c8-sqlitejdbc.dll
Event: 56.039 Loaded shared library C:\Program Files\Microsoft\jdk-21.0.10.7-hotspot\bin\management.dll
Event: 56.045 Loaded shared library C:\Program Files\Microsoft\jdk-21.0.10.7-hotspot\bin\management_ext.dll
Event: 56.209 Loaded shared library C:\Program Files\Microsoft\jdk-21.0.10.7-hotspot\bin\awt.dll
Event: 95.899 Loaded shared library C:\Program Files\Microsoft\jdk-21.0.10.7-hotspot\bin\freetype.dll
Event: 95.900 Loaded shared library C:\Program Files\Microsoft\jdk-21.0.10.7-hotspot\bin\fontmanager.dll

Deoptimization events (20 events):
Event: 143.340 Thread 0x000001c557a40a30 DEOPT PACKING pc=0x000001c5628f06b3 sp=0x0000001b35efba20
Event: 143.340 Thread 0x000001c557a40a30 DEOPT UNPACKING pc=0x000001c569a886e2 sp=0x0000001b35efb308 mode 0
Event: 143.349 Thread 0x000001c557a40a30 DEOPT PACKING pc=0x000001c5628f06b3 sp=0x0000001b35efba20
Event: 143.349 Thread 0x000001c557a40a30 DEOPT UNPACKING pc=0x000001c569a886e2 sp=0x0000001b35efb308 mode 0
Event: 143.359 Thread 0x000001c557a40a30 DEOPT PACKING pc=0x000001c5628f06b3 sp=0x0000001b35efba20
Event: 143.359 Thread 0x000001c557a40a30 DEOPT UNPACKING pc=0x000001c569a886e2 sp=0x0000001b35efb308 mode 0
Event: 143.368 Thread 0x000001c557a40a30 DEOPT PACKING pc=0x000001c5628f06b3 sp=0x0000001b35efba20
Event: 143.368 Thread 0x000001c557a40a30 DEOPT UNPACKING pc=0x000001c569a886e2 sp=0x0000001b35efb308 mode 0
Event: 143.587 Thread 0x000001c557a40a30 DEOPT PACKING pc=0x000001c5628ef8da sp=0x0000001b35efd0a0
Event: 143.587 Thread 0x000001c557a40a30 DEOPT UNPACKING pc=0x000001c569a886e2 sp=0x0000001b35efc988 mode 0
Event: 143.714 Thread 0x000001c557a40a30 Uncommon trap: trap_request=0xffffff45 fr.pc=0x000001c56a1e116c relative=0x00000000000007ec
Event: 143.714 Thread 0x000001c557a40a30 Uncommon trap: reason=unstable_if action=reinterpret pc=0x000001c56a1e116c method=java.lang.String.decodeUTF8_UTF16([BII[BIZ)I @ 240 c2
Event: 143.714 Thread 0x000001c557a40a30 DEOPT PACKING pc=0x000001c56a1e116c sp=0x0000001b35efef30
Event: 143.714 Thread 0x000001c557a40a30 DEOPT UNPACKING pc=0x000001c569a87ba2 sp=0x0000001b35efeea8 mode 2
Event: 143.733 Thread 0x000001c557a40a30 Uncommon trap: trap_request=0xffffff45 fr.pc=0x000001c56ad257dc relative=0x00000000000025bc
Event: 143.733 Thread 0x000001c557a40a30 Uncommon trap: reason=unstable_if action=reinterpret pc=0x000001c56ad257dc method=org.hl7.fhir.utilities.xhtml.XhtmlComposer.writeText(Lorg/hl7/fhir/utilities/xhtml/XhtmlNode;)V @ 488 c2
Event: 143.733 Thread 0x000001c557a40a30 DEOPT PACKING pc=0x000001c56ad257dc sp=0x0000001b35efe7c0
Event: 143.733 Thread 0x000001c557a40a30 DEOPT UNPACKING pc=0x000001c569a87ba2 sp=0x0000001b35efe798 mode 2
Event: 145.600 Thread 0x000001c557a40a30 DEOPT PACKING pc=0x000001c564318d22 sp=0x0000001b35efeee0
Event: 145.600 Thread 0x000001c557a40a30 DEOPT UNPACKING pc=0x000001c569a886e2 sp=0x0000001b35efe3a0 mode 0

Classes loaded (20 events):
Event: 132.202 Loading class jdk/internal/misc/ExtendedMapMode
Event: 132.203 Loading class jdk/internal/misc/ExtendedMapMode done
Event: 132.204 Loading class sun/nio/ch/FileChannelImpl$DefaultUnmapper
Event: 132.204 Loading class sun/nio/ch/FileChannelImpl$Unmapper
Event: 132.204 Loading class jdk/internal/access/foreign/UnmapperProxy
Event: 132.204 Loading class jdk/internal/access/foreign/UnmapperProxy done
Event: 132.204 Loading class sun/nio/ch/FileChannelImpl$Unmapper done
Event: 132.204 Loading class sun/nio/ch/FileChannelImpl$DefaultUnmapper done
Event: 132.204 Loading class sun/nio/ch/Util$4
Event: 132.204 Loading class sun/nio/ch/Util$4 done
Event: 132.269 Loading class java/util/zip/ZipOutputStream
Event: 132.269 Loading class java/util/zip/DeflaterOutputStream
Event: 132.269 Loading class java/util/zip/DeflaterOutputStream done
Event: 132.269 Loading class java/util/zip/ZipOutputStream done
Event: 132.270 Loading class java/util/zip/ZipOutputStream$XEntry
Event: 132.270 Loading class java/util/zip/ZipOutputStream$XEntry done
Event: 135.177 Loading class sun/net/util/SocketExceptions
Event: 135.177 Loading class sun/net/util/SocketExceptions done
Event: 141.937 Loading class java/lang/CharacterData01
Event: 141.938 Loading class java/lang/CharacterData01 done

Classes unloaded (0 events):
No events

Classes redefined (0 events):
No events

Internal exceptions (20 events):
Event: 130.516 Thread 0x000001c557a40a30 Exception <a 'sun/nio/fs/WindowsException'{0x00000004a2646a98}> (0x00000004a2646a98) 
thrown [s\src\hotspot\share\prims\jni.cpp, line 520]
Event: 130.516 Thread 0x000001c557a40a30 Exception <a 'sun/nio/fs/WindowsException'{0x00000004a2647618}> (0x00000004a2647618) 
thrown [s\src\hotspot\share\prims\jni.cpp, line 520]
Event: 130.516 Thread 0x000001c557a40a30 Exception <a 'sun/nio/fs/WindowsException'{0x00000004a2648140}> (0x00000004a2648140) 
thrown [s\src\hotspot\share\prims\jni.cpp, line 520]
Event: 130.517 Thread 0x000001c557a40a30 Exception <a 'sun/nio/fs/WindowsException'{0x00000004a2648c58}> (0x00000004a2648c58) 
thrown [s\src\hotspot\share\prims\jni.cpp, line 520]
Event: 130.517 Thread 0x000001c557a40a30 Exception <a 'sun/nio/fs/WindowsException'{0x00000004a2649748}> (0x00000004a2649748) 
thrown [s\src\hotspot\share\prims\jni.cpp, line 520]
Event: 130.518 Thread 0x000001c557a40a30 Exception <a 'sun/nio/fs/WindowsException'{0x00000004a264a218}> (0x00000004a264a218) 
thrown [s\src\hotspot\share\prims\jni.cpp, line 520]
Event: 130.518 Thread 0x000001c557a40a30 Exception <a 'sun/nio/fs/WindowsException'{0x00000004a264ad08}> (0x00000004a264ad08) 
thrown [s\src\hotspot\share\prims\jni.cpp, line 520]
Event: 130.519 Thread 0x000001c557a40a30 Exception <a 'sun/nio/fs/WindowsException'{0x00000004a264b850}> (0x00000004a264b850) 
thrown [s\src\hotspot\share\prims\jni.cpp, line 520]
Event: 130.519 Thread 0x000001c557a40a30 Exception <a 'sun/nio/fs/WindowsException'{0x00000004a264c378}> (0x00000004a264c378) 
thrown [s\src\hotspot\share\prims\jni.cpp, line 520]
Event: 130.520 Thread 0x000001c557a40a30 Exception <a 'sun/nio/fs/WindowsException'{0x00000004a264d560}> (0x00000004a264d560) 
thrown [s\src\hotspot\share\prims\jni.cpp, line 520]
Event: 130.520 Thread 0x000001c557a40a30 Exception <a 'sun/nio/fs/WindowsException'{0x00000004a264df50}> (0x00000004a264df50) 
thrown [s\src\hotspot\share\prims\jni.cpp, line 520]
Event: 130.521 Thread 0x000001c557a40a30 Exception <a 'sun/nio/fs/WindowsException'{0x00000004a264eae8}> (0x00000004a264eae8) 
thrown [s\src\hotspot\share\prims\jni.cpp, line 520]
Event: 130.522 Thread 0x000001c557a40a30 Exception <a 'sun/nio/fs/WindowsException'{0x00000004a264f608}> (0x00000004a264f608) 
thrown [s\src\hotspot\share\prims\jni.cpp, line 520]
Event: 132.205 Thread 0x000001c557a40a30 Implicit null exception at 0x000001c56ae86ee0 to 0x000001c56ae8702c
Event: 132.206 Thread 0x000001c557a40a30 Exception <a 'java/lang/NoSuchMethodError'{0x00000007ff818588}: 'java.lang.Object java.lang.invoke.DelegatingMethodHandle$Holder.reinvoke_L(java.lang.Object, int, long, java.lang.Object, java.lang.Object, int, java.lang.Object)'> (0x00000007ff818588) 
thrown [s\src\hotspot\share\interpreter\linkResolver.cpp, line 773]
Event: 132.286 Thread 0x000001c557a40a30 Exception <a 'java/io/IOException'{0x00000007ffd51bd8}: CreateProcess error=2, The system cannot find the file specified> (0x00000007ffd51bd8) 
thrown [s\src\hotspot\share\prims\jni.cpp, line 539]
Event: 132.508 Thread 0x000001c557a40a30 Exception <a 'sun/nio/fs/WindowsException'{0x00000004b6418ef0}> (0x00000004b6418ef0) 
thrown [s\src\hotspot\share\prims\jni.cpp, line 520]
Event: 133.785 Thread 0x000001c557a40a30 Exception <a 'java/lang/NoSuchMethodError'{0x000000048808e018}: 'java.lang.Object java.lang.invoke.DirectMethodHandle$Holder.invokeSpecial(java.lang.Object, java.lang.Object, java.lang.Object, java.lang.Object, long, long)'> (0x000000048808e018) 
thrown [s\src\hotspot\share\interpreter\linkResolver.cpp, line 773]
Event: 133.787 Thread 0x000001c557a40a30 Implicit null exception at 0x000001c56a9e7d0a to 0x000001c56a9e9c78
Event: 135.177 Thread 0x000001c5888582a0 Exception <a 'java/net/ConnectException'{0x00000004c0000048}: Connection timed out: connect> (0x00000004c0000048) 
thrown [s\src\hotspot\share\prims\jni.cpp, line 539]

ZGC Phase Switch (0 events):
No events

VM Operations (20 events):
Event: 155.418 Executing safepoint VM operation: G1CollectForAllocation (G1 Evacuation Pause) done
Event: 158.533 Executing safepoint VM operation: G1CollectForAllocation (G1 Evacuation Pause)
Event: 158.584 Executing safepoint VM operation: G1CollectForAllocation (G1 Evacuation Pause) done
Event: 158.586 Executing safepoint VM operation: G1TryInitiateConcMark (G1 Humongous Allocation)
Event: 158.600 Executing safepoint VM operation: G1TryInitiateConcMark (G1 Humongous Allocation) done
Event: 158.916 Executing safepoint VM operation: G1PauseRemark
Event: 158.918 Executing safepoint VM operation: G1PauseRemark done
Event: 158.992 Executing safepoint VM operation: G1PauseCleanup
Event: 158.992 Executing safepoint VM operation: G1PauseCleanup done
Event: 159.725 Executing safepoint VM operation: G1CollectForAllocation (G1 Evacuation Pause)
Event: 159.736 Executing safepoint VM operation: G1CollectForAllocation (G1 Evacuation Pause) done
Event: 160.348 Executing safepoint VM operation: G1CollectForAllocation (G1 Evacuation Pause)
Event: 160.373 Executing safepoint VM operation: G1CollectForAllocation (G1 Evacuation Pause) done
Event: 160.406 Executing safepoint VM operation: G1TryInitiateConcMark (G1 Humongous Allocation)
Event: 160.414 Executing safepoint VM operation: G1TryInitiateConcMark (G1 Humongous Allocation) done
Event: 160.430 Executing safepoint VM operation: G1TryInitiateConcMark (G1 Humongous Allocation)
Event: 160.440 Executing safepoint VM operation: G1TryInitiateConcMark (G1 Humongous Allocation) done
Event: 160.453 Executing safepoint VM operation: G1TryInitiateConcMark (G1 Humongous Allocation)
Event: 160.460 Executing safepoint VM operation: G1TryInitiateConcMark (G1 Humongous Allocation) done
Event: 160.461 Executing safepoint VM operation: G1TryInitiateConcMark (G1 Humongous Allocation)

Memory protections (0 events):
No events

Nmethod flushes (20 events):
Event: 145.881 Thread 0x000001c575bd3f30 flushing  nmethod 0x000001c5636fe010
Event: 145.881 Thread 0x000001c575bd3f30 flushing  nmethod 0x000001c563737790
Event: 145.881 Thread 0x000001c575bd3f30 flushing  nmethod 0x000001c563aee990
Event: 145.881 Thread 0x000001c575bd3f30 flushing  nmethod 0x000001c563af4210
Event: 145.881 Thread 0x000001c575bd3f30 flushing  nmethod 0x000001c563b45c90
Event: 145.881 Thread 0x000001c575bd3f30 flushing  nmethod 0x000001c563b4e310
Event: 145.881 Thread 0x000001c575bd3f30 flushing  nmethod 0x000001c563b97c10
Event: 145.881 Thread 0x000001c575bd3f30 flushing  nmethod 0x000001c563b98d10
Event: 145.881 Thread 0x000001c575bd3f30 flushing  nmethod 0x000001c563bc4590
Event: 145.881 Thread 0x000001c575bd3f30 flushing  nmethod 0x000001c563bc9910
Event: 145.881 Thread 0x000001c575bd3f30 flushing  nmethod 0x000001c563c0b690
Event: 147.958 Thread 0x000001c575bd3f30 flushing  nmethod 0x000001c56380e290
Event: 147.958 Thread 0x000001c575bd3f30 flushing  nmethod 0x000001c564317110
Event: 147.958 Thread 0x000001c575bd3f30 flushing  nmethod 0x000001c5627bef90
Event: 147.958 Thread 0x000001c575bd3f30 flushing  nmethod 0x000001c5638c5710
Event: 147.958 Thread 0x000001c575bd3f30 flushing  nmethod 0x000001c5626bae90
Event: 147.958 Thread 0x000001c575bd3f30 flushing  nmethod 0x000001c563da1c90
Event: 149.387 Thread 0x000001c575bd3f30 flushing  nmethod 0x000001c5625f6b90
Event: 149.387 Thread 0x000001c575bd3f30 flushing  nmethod 0x000001c562c7c010
Event: 149.387 Thread 0x000001c575bd3f30 flushing  nmethod 0x000001c563579410

Events (20 events):
Event: 123.381 Thread 0x000001c589b08340 Thread exited: 0x000001c589b08340
Event: 128.266 Thread 0x000001c5889c8c50 Thread exited: 0x000001c5889c8c50
Event: 128.976 Thread 0x000001c588859650 Thread exited: 0x000001c588859650
Event: 128.976 Thread 0x000001c588858fc0 Thread exited: 0x000001c588858fc0
Event: 128.977 Thread 0x000001c588856860 Thread exited: 0x000001c588856860
Event: 129.031 Thread 0x000001c55009e130 Thread added: 0x000001c5889cb530
Event: 129.051 Thread 0x000001c55009e130 Thread added: 0x000001c5889c9320
Event: 129.518 Thread 0x000001c5889cb530 Thread exited: 0x000001c5889cb530
Event: 129.627 Thread 0x000001c5889c9320 Thread exited: 0x000001c5889c9320
Event: 129.889 Thread 0x000001c55008a570 Thread added: 0x000001c5889c8c50
Event: 129.889 Thread 0x000001c55008a570 Thread added: 0x000001c5889ca790
Event: 129.906 Thread 0x000001c55008a570 Thread added: 0x000001c5889c9320
Event: 132.205 Thread 0x000001c5889ca790 Thread exited: 0x000001c5889ca790
Event: 132.205 Thread 0x000001c5889c8c50 Thread exited: 0x000001c5889c8c50
Event: 132.289 Thread 0x000001c5889c9320 Thread added: 0x000001c5889c8c50
Event: 132.289 Thread 0x000001c5889c8c50 Thread added: 0x000001c5889c99f0
Event: 133.345 Thread 0x000001c5889c9320 Thread exited: 0x000001c5889c9320
Event: 133.768 Thread 0x000001c5889c99f0 Thread exited: 0x000001c5889c99f0
Event: 135.178 Thread 0x000001c5888582a0 Thread exited: 0x000001c5888582a0
Event: 135.692 Thread 0x000001c5889c8c50 Thread exited: 0x000001c5889c8c50


Dynamic libraries:
0x00007ff632c00000 - 0x00007ff632c0e000 	C:\Program Files\Microsoft\jdk-21.0.10.7-hotspot\bin\java.exe
0x00007ffd5ab00000 - 0x00007ffd5ad68000 	C:\WINDOWS\SYSTEM32\ntdll.dll
0x00007ffd59120000 - 0x00007ffd591e9000 	C:\WINDOWS\System32\KERNEL32.DLL
0x00007ffd57f40000 - 0x00007ffd58332000 	C:\WINDOWS\System32\KERNELBASE.dll
0x00007ffd58550000 - 0x00007ffd5869b000 	C:\WINDOWS\System32\ucrtbase.dll
0x00007ffd2b320000 - 0x00007ffd2b33e000 	C:\Program Files\Microsoft\jdk-21.0.10.7-hotspot\bin\VCRUNTIME140.dll
0x00007ffd3a880000 - 0x00007ffd3a898000 	C:\Program Files\Microsoft\jdk-21.0.10.7-hotspot\bin\jli.dll
0x00007ffd59bd0000 - 0x00007ffd59d95000 	C:\WINDOWS\System32\USER32.dll
0x00007ffd58750000 - 0x00007ffd58777000 	C:\WINDOWS\System32\win32u.dll
0x00007ffd3fe40000 - 0x00007ffd400d3000 	C:\WINDOWS\WinSxS\amd64_microsoft.windows.common-controls_6595b64144ccf1df_6.0.26100.6725_none_3e085828e334708b\COMCTL32.dll
0x00007ffd5a750000 - 0x00007ffd5a7f9000 	C:\WINDOWS\System32\msvcrt.dll
0x00007ffd5a870000 - 0x00007ffd5a89b000 	C:\WINDOWS\System32\GDI32.dll
0x00007ffd57c90000 - 0x00007ffd57dbd000 	C:\WINDOWS\System32\gdi32full.dll
0x00007ffd586a0000 - 0x00007ffd58743000 	C:\WINDOWS\System32\msvcp_win.dll
0x00007ffd59290000 - 0x00007ffd592bf000 	C:\WINDOWS\System32\IMM32.DLL
0x00007ffd54870000 - 0x00007ffd5487c000 	C:\Program Files\Microsoft\jdk-21.0.10.7-hotspot\bin\vcruntime140_1.dll
0x00007ffd0db50000 - 0x00007ffd0dbd9000 	C:\Program Files\Microsoft\jdk-21.0.10.7-hotspot\bin\msvcp140.dll
0x00007ffc9e280000 - 0x00007ffc9f02d000 	C:\Program Files\Microsoft\jdk-21.0.10.7-hotspot\bin\server\jvm.dll
0x00007ffd59a30000 - 0x00007ffd59ae4000 	C:\WINDOWS\System32\ADVAPI32.dll
0x00007ffd58f40000 - 0x00007ffd58fe6000 	C:\WINDOWS\System32\sechost.dll
0x00007ffd58ff0000 - 0x00007ffd59108000 	C:\WINDOWS\System32\RPCRT4.dll
0x00007ffd58d60000 - 0x00007ffd58dd4000 	C:\WINDOWS\System32\WS2_32.dll
0x00007ffd57af0000 - 0x00007ffd57b4e000 	C:\WINDOWS\SYSTEM32\POWRPROF.dll
0x00007ffd4ef90000 - 0x00007ffd4ef9b000 	C:\WINDOWS\SYSTEM32\VERSION.dll
0x00007ffd4ed40000 - 0x00007ffd4ed75000 	C:\WINDOWS\SYSTEM32\WINMM.dll
0x00007ffd57ad0000 - 0x00007ffd57ae4000 	C:\WINDOWS\SYSTEM32\UMPDC.dll
0x00007ffd56a20000 - 0x00007ffd56a3b000 	C:\WINDOWS\SYSTEM32\kernel.appcore.dll
0x00007ffd3a870000 - 0x00007ffd3a87a000 	C:\Program Files\Microsoft\jdk-21.0.10.7-hotspot\bin\jimage.dll
0x00007ffd553d0000 - 0x00007ffd55612000 	C:\WINDOWS\SYSTEM32\DBGHELP.DLL
0x00007ffd5a3d0000 - 0x00007ffd5a74b000 	C:\WINDOWS\System32\combase.dll
0x00007ffd59af0000 - 0x00007ffd59bc7000 	C:\WINDOWS\System32\OLEAUT32.dll
0x00007ffd45070000 - 0x00007ffd450ac000 	C:\WINDOWS\SYSTEM32\dbgcore.DLL
0x00007ffd58340000 - 0x00007ffd583d8000 	C:\WINDOWS\System32\bcryptPrimitives.dll
0x00007ffd24dd0000 - 0x00007ffd24df1000 	C:\Program Files\Microsoft\jdk-21.0.10.7-hotspot\bin\java.dll
0x00007ffd592d0000 - 0x00007ffd59a1c000 	C:\WINDOWS\System32\SHELL32.dll
0x00007ffd583e0000 - 0x00007ffd5854b000 	C:\WINDOWS\System32\wintypes.dll
0x00007ffd55890000 - 0x00007ffd560ed000 	C:\WINDOWS\SYSTEM32\windows.storage.dll
0x00007ffd5a090000 - 0x00007ffd5a182000 	C:\WINDOWS\System32\SHCORE.dll
0x00007ffd5a800000 - 0x00007ffd5a862000 	C:\WINDOWS\System32\shlwapi.dll
0x00007ffd57bb0000 - 0x00007ffd57bd9000 	C:\WINDOWS\SYSTEM32\profapi.dll
0x00007ffd02150000 - 0x00007ffd02226000 	C:\Program Files\Microsoft\jdk-21.0.10.7-hotspot\bin\jsvml.dll
0x00007ffd24db0000 - 0x00007ffd24dc1000 	C:\Program Files\Microsoft\jdk-21.0.10.7-hotspot\bin\net.dll
0x00007ffd507a0000 - 0x00007ffd508bf000 	C:\WINDOWS\SYSTEM32\WINHTTP.dll
0x00007ffd56f70000 - 0x00007ffd56fdb000 	C:\WINDOWS\system32\mswsock.dll
0x00007ffd02e60000 - 0x00007ffd02e76000 	C:\Program Files\Microsoft\jdk-21.0.10.7-hotspot\bin\nio.dll
0x00007ffd02e40000 - 0x00007ffd02e58000 	C:\Program Files\Microsoft\jdk-21.0.10.7-hotspot\bin\zip.dll
0x00007ffd2a1d0000 - 0x00007ffd2a1e0000 	C:\Program Files\Microsoft\jdk-21.0.10.7-hotspot\bin\verify.dll
0x00007ffd57350000 - 0x00007ffd5736b000 	C:\WINDOWS\SYSTEM32\CRYPTSP.dll
0x00007ffd56980000 - 0x00007ffd569bb000 	C:\WINDOWS\system32\rsaenh.dll
0x00007ffd57010000 - 0x00007ffd5703b000 	C:\WINDOWS\SYSTEM32\USERENV.dll
0x00007ffd57b80000 - 0x00007ffd57ba6000 	C:\WINDOWS\SYSTEM32\bcrypt.dll
0x00007ffd571b0000 - 0x00007ffd571bc000 	C:\WINDOWS\SYSTEM32\CRYPTBASE.dll
0x00007ffd56460000 - 0x00007ffd56494000 	C:\WINDOWS\SYSTEM32\IPHLPAPI.DLL
0x00007ffd59110000 - 0x00007ffd5911a000 	C:\WINDOWS\System32\NSI.dll
0x00007ffd294e0000 - 0x00007ffd294ee000 	C:\Program Files\Microsoft\jdk-21.0.10.7-hotspot\bin\sunmscapi.dll
0x00007ffd57dc0000 - 0x00007ffd57f37000 	C:\WINDOWS\System32\CRYPT32.dll
0x00007ffd574a0000 - 0x00007ffd574d0000 	C:\WINDOWS\SYSTEM32\ncrypt.dll
0x00007ffd57450000 - 0x00007ffd5748f000 	C:\WINDOWS\SYSTEM32\NTASN1.dll
0x00007ffd56500000 - 0x00007ffd56626000 	C:\WINDOWS\SYSTEM32\DNSAPI.dll
0x00007ffd4fb90000 - 0x00007ffd4fb9b000 	C:\Windows\System32\rasadhlp.dll
0x00007ffd50df0000 - 0x00007ffd50e76000 	C:\WINDOWS\System32\fwpuclnt.dll
0x00007ffd289d0000 - 0x00007ffd289d9000 	C:\Program Files\Microsoft\jdk-21.0.10.7-hotspot\bin\extnet.dll
0x00007ffce1230000 - 0x00007ffce132b000 	C:\Users\Jose\AppData\Local\Temp\sqlite-3.50.3.0-59e2bb1a-03e4-4b99-bfa2-a9938e6d48c8-sqlitejdbc.dll
0x00007ffd271e0000 - 0x00007ffd271ea000 	C:\Program Files\Microsoft\jdk-21.0.10.7-hotspot\bin\management.dll
0x00007ffd260c0000 - 0x00007ffd260cc000 	C:\Program Files\Microsoft\jdk-21.0.10.7-hotspot\bin\management_ext.dll
0x00007ffd59a20000 - 0x00007ffd59a28000 	C:\WINDOWS\System32\PSAPI.DLL
0x00007ffccf710000 - 0x00007ffccf8a3000 	C:\Program Files\Microsoft\jdk-21.0.10.7-hotspot\bin\awt.dll
0x00007ffd54920000 - 0x00007ffd549bf000 	C:\WINDOWS\SYSTEM32\apphelp.dll
0x00007ffd56b40000 - 0x00007ffd56b76000 	C:\WINDOWS\SYSTEM32\ntmarta.dll
0x00007ffd020c0000 - 0x00007ffd02147000 	C:\Program Files\Microsoft\jdk-21.0.10.7-hotspot\bin\freetype.dll
0x00007ffce0720000 - 0x00007ffce0811000 	C:\Program Files\Microsoft\jdk-21.0.10.7-hotspot\bin\fontmanager.dll

JVMTI agents: none

dbghelp: loaded successfully - version: 4.0.5 - missing functions: none
symbol engine: initialized successfully - sym options: 0x614 - pdb path: .;C:\Program Files\Microsoft\jdk-21.0.10.7-hotspot\bin;C:\WINDOWS\SYSTEM32;C:\WINDOWS\WinSxS\amd64_microsoft.windows.common-controls_6595b64144ccf1df_6.0.26100.6725_none_3e085828e334708b;C:\Program Files\Microsoft\jdk-21.0.10.7-hotspot\bin\server;C:\Users\Jose\AppData\Local\Temp

VM Arguments:
jvm_args: -Dfile.encoding=UTF-8 
java_command: ..\publisher.jar -ig .
java_class_path (initial): ..\publisher.jar
Launcher Type: SUN_STANDARD

[Global flags]
     intx CICompilerCount                          = 12                                        {product} {ergonomic}
     uint ConcGCThreads                            = 3                                         {product} {ergonomic}
     uint G1ConcRefinementThreads                  = 13                                        {product} {ergonomic}
   size_t G1HeapRegionSize                         = 8388608                                   {product} {ergonomic}
    uintx GCDrainStackTargetSize                   = 64                                        {product} {ergonomic}
   size_t InitialHeapSize                          = 1006632960                                {product} {ergonomic}
   size_t MarkStackSize                            = 4194304                                   {product} {ergonomic}
   size_t MaxHeapSize                              = 16039018496                               {product} {ergonomic}
   size_t MaxNewSize                               = 9621733376                                {product} {ergonomic}
   size_t MinHeapDeltaBytes                        = 8388608                                   {product} {ergonomic}
   size_t MinHeapSize                              = 8388608                                   {product} {ergonomic}
    uintx NonNMethodCodeHeapSize                   = 7602480                                {pd product} {ergonomic}
    uintx NonProfiledCodeHeapSize                  = 122027880                              {pd product} {ergonomic}
    uintx ProfiledCodeHeapSize                     = 122027880                              {pd product} {ergonomic}
    uintx ReservedCodeCacheSize                    = 251658240                              {pd product} {ergonomic}
     bool SegmentedCodeCache                       = true                                      {product} {ergonomic}
   size_t SoftMaxHeapSize                          = 16039018496                            {manageable} {ergonomic}
     bool UseCompressedOops                        = true                           {product lp64_product} {ergonomic}
     bool UseG1GC                                  = true                                      {product} {ergonomic}
     bool UseLargePagesIndividualAllocation        = false                                  {pd product} {ergonomic}

Logging:
Log output configuration:
 #0: stdout all=warning uptime,level,tags foldmultilines=false
 #1: stderr all=off uptime,level,tags foldmultilines=false

Release file:
IMPLEMENTOR="Microsoft" 
IMPLEMENTOR_VERSION="Microsoft-13106404" 
JAVA_RUNTIME_VERSION="21.0.10+7-LTS" 
JAVA_VERSION="21.0.10" 
JAVA_VERSION_DATE="2026-01-20" 
LIBC="default" 
MODULES="java.base java.compiler java.datatransfer java.xml java.prefs java.desktop java.instrument java.logging java.management java.security.sasl java.naming java.rmi java.management.rmi java.net.http java.scripting java.security.jgss java.transaction.xa java.sql java.sql.rowset java.xml.crypto java.se java.smartcardio jdk.accessibility jdk.internal.jvmstat jdk.attach jdk.charsets jdk.internal.opt jdk.zipfs jdk.compiler jdk.crypto.ec jdk.crypto.cryptoki jdk.crypto.mscapi jdk.dynalink jdk.internal.ed jdk.editpad jdk.hotspot.agent jdk.httpserver jdk.incubator.vector jdk.internal.le jdk.internal.vm.ci jdk.internal.vm.compiler jdk.internal.vm.compiler.management jdk.jartool jdk.javadoc jdk.jcmd jdk.management jdk.management.agent jdk.jconsole jdk.jdeps jdk.jdwp.agent jdk.jdi jdk.jfr jdk.jlink jdk.jpackage jdk.jshell jdk.jsobject jdk.jstatd jdk.localedata jdk.management.jfr jdk.naming.dns jdk.naming.rmi jdk.net jdk.nio.mapmode jdk.random jdk.sctp jdk.security.auth jdk.security.jgss jdk.unsupported jdk.unsupported.desktop jdk.xml.dom" 
OS_ARCH="x86_64" 
OS_NAME="Windows" 
SOURCE=".:git:e69b6ef7382e" 

Environment Variables:
JAVA_HOME=C:\work\java\jdk-21
JAVA_TOOL_OPTIONS=-Dfile.encoding=UTF-8
PATH=C:\Program Files\Microsoft\jdk-21.0.10.7-hotspot\bin;C:\Python313\Scripts\;C:\Python313\;C:\Ruby32-x64\bin;C:\WINDOWS\system32;C:\WINDOWS;C:\WINDOWS\System32\Wbem;C:\WINDOWS\System32\WindowsPowerShell\v1.0\;C:\WINDOWS\System32\OpenSSH\;C:\Recovery\OEM\Backup\;c:\work\jdk-17.0.7\bin;C:\ProgramData\chocolatey\bin;C:\Program Files\VSCodium\bin;C:\Program Files\Git\cmd;C:\Program Files\maven\bin;C:\Program Files\Meld\;C:\WINDOWS\system32;C:\WINDOWS;C:\WINDOWS\System32\Wbem;C:\WINDOWS\System32\WindowsPowerShell\v1.0\;C:\WINDOWS\System32\OpenSSH\;C:\Users\Jose\AppData\Local\nvm;C:\nvm4w\nodejs;C:\Program Files\Go\bin;C:\Program Files\Git LFS;C:\Program Files\Docker\Docker\resources\bin;C:\Program Files\dotnet\;C:\Users\Jose\AppData\Local\Microsoft\WindowsApps;C:\Users\Jose\AppData\Local\GitHubDesktop\bin;C:\Users\Jose\AppData\Roaming\npm;C:\Program Files\7-Zip;C:\Users\Jose\AppData\Local\nvm;C:\nvm4w\nodejs;C:\Users\Jose\AppData\Local\Programs\Microsoft VS Code\bin;C:\Users\Jose\go\bin
USERNAME=Jose
LANG=en_US.UTF-8
OS=Windows_NT
PROCESSOR_IDENTIFIER=AMD64 Family 25 Model 116 Stepping 1, AuthenticAMD
TMP=C:\Users\Jose\AppData\Local\Temp
TEMP=C:\Users\Jose\AppData\Local\Temp




Periodic native trim disabled

---------------  S Y S T E M  ---------------

OS:
 Windows 11 , 64 bit Build 26100 (10.0.26100.6725)
OS uptime: 8 days 19:31 hours
Hyper-V role detected

CPU: total 16 (initial active 16) (16 cores per cpu, 2 threads per core) family 25 model 116 stepping 1 microcode 0xa704103, cx8, cmov, fxsr, ht, mmx, 3dnowpref, sse, sse2, sse3, ssse3, sse4a, sse4.1, sse4.2, popcnt, lzcnt, tsc, tscinvbit, avx, avx2, aes, erms, clmul, bmi1, bmi2, adx, avx512f, avx512dq, avx512cd, avx512bw, avx512vl, sha, fma, vzeroupper, avx512_vpopcntdq, avx512_vpclmulqdq, avx512_vaes, avx512_vnni, clflush, clflushopt, avx512_vbmi2, avx512_vbmi, hv, rdtscp, rdpid, gfni, avx512_bitalg, f16c, cet_ss, avx512_ifma
Processor Information for the first 16 processors :
  Max Mhz: 4001, Current Mhz: 4001, Mhz Limit: 4001

Memory: 4k page, system-wide physical 61153M (36M free)
TotalPageFile size 170772M (AvailPageFile size 1728M)
current process WorkingSet (physical memory assigned to process): 3910M, peak: 4184M
current process commit charge ("private bytes"): 4519M, peak: 9047M

vm_info: OpenJDK 64-Bit Server VM (21.0.10+7-LTS) for windows-amd64 JRE (21.0.10+7-LTS), built on 2026-01-15T18:39:42Z by "MicrosoftCorporation" with MS VC++ 17.14 (VS2022)

END.
